{"type": "FeatureCollection", "features": [{"type": "Feature", "properties": {"name": "Енисейская улица", "part": "mainland", "theme": "place", "descr": ""}, "geometry": {"type": "MultiLineString", "coordinates": [[[131.9096983, 43.1732326], [131.9095134, 43.1731992], [131.9094434, 43.1731848], [131.9092594, 43.1731467], [131.9089669, 43.173085], [131.9086257, 43.1730098], [131.9084019, 43.1729534], [131.9079558, 43.1728332], [131.9078263, 43.1727897], [131.9076967, 43.1727425], [131.9068107, 43.1724142], [131.9061227, 43.1721284], [131.9057263, 43.1719573], [131.905467, 43.1718404], [131.9052318, 43.1717174], [131.9051377, 43.1716696], [131.9049595, 43.1715767], [131.9049019, 43.1715446], [131.904863, 43.1715229], [131.9047005, 43.1714212], [131.9044756, 43.171275], [131.9043013, 43.1711384], [131.9041498, 43.1709947], [131.90388, 43.170578], [131.9036162, 43.1701329], [131.9034726, 43.1698654], [131.9034377, 43.1697274], [131.9034228, 43.1695814], [131.9034249, 43.1694851], [131.9034288, 43.169426], [131.9034332, 43.1693748], [131.903453, 43.1692209], [131.9035266, 43.1688011], [131.9035864, 43.1684499], [131.9036319, 43.168189], [131.9036448, 43.168109], [131.9036601, 43.1679983], [131.9036825, 43.1678524], [131.9036965, 43.1677407], [131.9037291, 43.1674786], [131.9037312, 43.1674626], [131.9037737, 43.1670874], [131.9037951, 43.1668488], [131.9038111, 43.166606], [131.9038293, 43.1663314], [131.9038346, 43.1662504], [131.9038469, 43.166059], [131.9038539, 43.1659924], [131.9038574, 43.1659491], [131.9038604, 43.1659105], [131.9038651, 43.1658521], [131.9038911, 43.1656227], [131.9039471, 43.1653487], [131.9039695, 43.1652885], [131.904005, 43.1652365], [131.9040601, 43.1651803], [131.9041236, 43.1651329], [131.9042007, 43.1651033], [131.9042542, 43.1650827], [131.9044354, 43.1650335]], [[131.9038469, 43.166059], [131.9039377, 43.1660818], [131.9040222, 43.1661051], [131.9041063, 43.1661317], [131.9042807, 43.1662012], [131.9044624, 43.1662767], [131.9045003, 43.1663006], [131.9045821, 43.1663788], [131.9046369, 43.1664847], [131.9047199, 43.1667451], [131.9048252, 43.1671805], [131.9048616, 43.1673219], [131.9049582, 43.1676571], [131.9049961, 43.1677617], [131.9051165, 43.1680705], [131.9051565, 43.1682074], [131.9052112, 43.1685284], [131.9052134, 43.1685572], [131.9052181, 43.1687022], [131.9052392, 43.1689569], [131.9052628, 43.1691612], [131.9052673, 43.1692555], [131.9052784, 43.1693823], [131.9052885, 43.1695368], [131.9052902, 43.169604], [131.9053045, 43.1698943], [131.9053047, 43.1699003], [131.9053044, 43.1699106], [131.9052997, 43.1700803]]]}}, {"type": "Feature", "properties": {"name": "Сахалинская улица", "part": "mainland", "theme": "place", "descr": "Образована 06.08.1954"}, "geometry": {"type": "MultiLineString", "coordinates": [[[131.9665603, 43.0899842], [131.9666415, 43.0899704], [131.966737, 43.0899715], [131.9667832, 43.0899797], [131.9668223, 43.089992], [131.966868, 43.0900085], [131.9673073, 43.0901568], [131.967347, 43.09017], [131.9676919, 43.0902849], [131.9677188, 43.0902939], [131.967788, 43.0903169], [131.96805, 43.0904064], [131.9688019, 43.0906678], [131.96941, 43.0908801], [131.969607, 43.0909488], [131.9698135, 43.0910217], [131.9700278, 43.0910998], [131.9701598, 43.0911508], [131.9702006, 43.0911661], [131.9704216, 43.0912705], [131.9706054, 43.0913741]], [[131.9703263, 43.0950239], [131.9703, 43.0950004], [131.970206, 43.0949022], [131.9701217, 43.0948202], [131.9700705, 43.0947146], [131.9700647, 43.0946877], [131.9700634, 43.0946642], [131.9701003, 43.094436], [131.9701466, 43.0942244], [131.9702152, 43.0938603], [131.9702373, 43.0937323], [131.9703904, 43.0926542], [131.9704315, 43.0924146], [131.9704787, 43.0921295], [131.9704908, 43.0920562], [131.9705044, 43.0919598], [131.9705081, 43.0919305], [131.9705655, 43.0915874]], [[131.9668533, 43.0987335], [131.9668649, 43.098704], [131.9668873, 43.0986362], [131.9668969, 43.0985589], [131.9668958, 43.0984992], [131.966873, 43.0983837], [131.9668347, 43.0983124], [131.9667775, 43.0982415], [131.9666079, 43.0980944], [131.9664971, 43.0980008], [131.9663863, 43.0979009], [131.9663559, 43.0978498], [131.9663489, 43.0977994], [131.9663592, 43.0977636], [131.9663624, 43.0977522], [131.9663656, 43.097741], [131.966376, 43.0977021], [131.966404, 43.097606]], [[131.9667434, 43.0989808], [131.9668533, 43.0987335]], [[131.9664829, 43.0913217], [131.966482, 43.0914869], [131.9664797, 43.0917484], [131.9664803, 43.0918297], [131.9664803, 43.0923755], [131.9664848, 43.0928308], [131.9664888, 43.0932447], [131.9664393, 43.0935624], [131.9663376, 43.0941071], [131.9662986, 43.0942695], [131.9662739, 43.0943721], [131.9662306, 43.09455], [131.9662266, 43.0945674], [131.9661122, 43.0950736], [131.9660246, 43.0954397], [131.9659929, 43.0955718], [131.9659726, 43.0956584], [131.9659621, 43.0957732], [131.965963, 43.0958448], [131.9659747, 43.0959341], [131.9661879, 43.0965333], [131.9663221, 43.0969114], [131.9663773, 43.0970672], [131.9664599, 43.0972997], [131.9664671, 43.0973347], [131.9664526, 43.0974356], [131.9664413, 43.0974751], [131.9664321, 43.0975073], [131.9664152, 43.0975668], [131.966404, 43.097606]], [[131.9665247, 43.0993953], [131.966634, 43.0991932], [131.9667125, 43.0990428], [131.9667434, 43.0989808]], [[131.9720901, 43.0963746], [131.9719343, 43.0963113], [131.9717838, 43.0962136], [131.971608, 43.0960772], [131.9714566, 43.0959631], [131.9711182, 43.0957008], [131.9704921, 43.0951723], [131.9703263, 43.0950239]], [[131.9665603, 43.0899842], [131.9665217, 43.090053], [131.9665069, 43.0900961], [131.9664975, 43.0901528], [131.9664884, 43.0902587], [131.9664882, 43.0903011], [131.9664878, 43.0903691], [131.9664872, 43.0904848], [131.9664829, 43.0913217]], [[131.9705655, 43.0915874], [131.9705943, 43.0915362]]]}}, {"type": "Feature", "properties": {"name": "Харьковская улица", "part": "mainland", "theme": "place", "descr": "https://t.me/vvtopo/177"}, "geometry": {"type": "MultiLineString", "coordinates": [[[131.9134547, 43.0987925], [131.9133189, 43.098765], [131.9131823, 43.0987315], [131.9128783, 43.0986476]], [[131.9051937, 43.1012563], [131.9051912, 43.1012911], [131.9051586, 43.1013375], [131.9051345, 43.1013633], [131.9050791, 43.101384], [131.9049925, 43.1013893], [131.9048716, 43.1013903], [131.9047083, 43.1013907], [131.9046539, 43.101391], [131.9045484, 43.1013873], [131.9044562, 43.1013912], [131.9043703, 43.1013994], [131.9042568, 43.1014237], [131.9039607, 43.1014997], [131.9034989, 43.1016191], [131.9032156, 43.1016923], [131.9030076, 43.1017356], [131.9028002, 43.1017621], [131.9026849, 43.1017742], [131.9024528, 43.1017984], [131.9020787, 43.1018669], [131.9019756, 43.1018913], [131.9019071, 43.1019073], [131.9016342, 43.1019773], [131.9013946, 43.1020388], [131.9011073, 43.1021058], [131.9009351, 43.1021422], [131.9007709, 43.1021653]], [[131.9128783, 43.0986476], [131.9126792, 43.0986226], [131.9125673, 43.0986204], [131.9124147, 43.0986214], [131.9121659, 43.0986351], [131.9119621, 43.0986585], [131.9117663, 43.0986997], [131.9113579, 43.0988251], [131.9109767, 43.098957], [131.9107968, 43.099024], [131.9107687, 43.0990354], [131.9101097, 43.0992919], [131.9100024, 43.0993333], [131.9099089, 43.0993722], [131.9097279, 43.0994426], [131.9091744, 43.0996578], [131.9083348, 43.0999778], [131.9073371, 43.1003593], [131.9070832, 43.1004437], [131.9070092, 43.1004683], [131.9067495, 43.1005342], [131.9066134, 43.1005688], [131.9064062, 43.1006171], [131.9059465, 43.1007155], [131.9054138, 43.1008411], [131.9053392, 43.1008615], [131.9052689, 43.1008815], [131.9051796, 43.1009044], [131.9050184, 43.1009479], [131.9048876, 43.1009888], [131.9048093, 43.1010124]]]}}, {"type": "Feature", "properties": {"name": "улица Надибаидзе", "part": "mainland", "theme": "person", "descr": "? https://t.me/vvtopo/225 https://t.me/vvtopo/31"}, "geometry": {"type": "MultiLineString", "coordinates": [[[131.895786, 43.0942891], [131.8956931, 43.0943199], [131.8955811, 43.0943729], [131.8954394, 43.0944541], [131.8954014, 43.0945168], [131.8953725, 43.0945912], [131.8953578, 43.0946597], [131.8953459, 43.0947318], [131.8953422, 43.0948522], [131.8953434, 43.0950304], [131.8953396, 43.0952574], [131.89534, 43.0958151], [131.895333, 43.0962277], [131.8953279, 43.096445], [131.8953182, 43.0966131], [131.8953064, 43.0967198], [131.8952528, 43.0970095], [131.8952129, 43.097255], [131.8951885, 43.0973919], [131.8951647, 43.0974925], [131.8950753, 43.0977454], [131.8950407, 43.0978608], [131.8949452, 43.0982093], [131.8949208, 43.0982758], [131.8948576, 43.0987884], [131.8947866, 43.0991395], [131.8947762, 43.0992474], [131.8947359, 43.0995259], [131.8947292, 43.0995642], [131.8946953, 43.0997206], [131.8946862, 43.0997515], [131.8946784, 43.0997923], [131.8946726, 43.0998248], [131.8946656, 43.0998776]], [[131.896517, 43.0941934], [131.8963702, 43.0942022], [131.8963516, 43.094203]], [[131.8963516, 43.094203], [131.8960603, 43.0942291], [131.895786, 43.0942891]]]}}, {"type": "Feature", "properties": {"name": "улица Жигура", "part": "mainland", "theme": "person", "descr": "https://t.me/vvtopo/232"}, "geometry": {"type": "MultiLineString", "coordinates": [[[131.9262678, 43.1238534], [131.9261277, 43.1239557], [131.9259916, 43.1240405], [131.9259025, 43.1240974], [131.9255229, 43.1242932], [131.925503, 43.1243047], [131.9253955, 43.1243802], [131.9252598, 43.1244755], [131.9249678, 43.1247232], [131.924414, 43.1252169], [131.9241491, 43.1254678], [131.9235054, 43.1261205], [131.9230701, 43.126674], [131.9230581, 43.1266923], [131.9229886, 43.1267979], [131.9227707, 43.1271509], [131.9227038, 43.1272762], [131.9224888, 43.1277032], [131.9221918, 43.1282931], [131.9220767, 43.128467], [131.9219339, 43.1287011], [131.9217258, 43.1290085], [131.9215172, 43.1293598], [131.9211999, 43.1298878], [131.9211056, 43.1301279], [131.921087, 43.1301899], [131.9210683, 43.1303007], [131.9210667, 43.130314], [131.9210659, 43.1303293], [131.9210658, 43.1303413], [131.9210609, 43.130556], [131.9210798, 43.1307168], [131.921111, 43.1308622], [131.9211848, 43.1310851], [131.9212749, 43.1312994], [131.9213873, 43.1314717], [131.9215392, 43.1316202], [131.9215543, 43.1316324], [131.9216238, 43.1316865], [131.921788, 43.1318014], [131.9219649, 43.1318977], [131.9221249, 43.1319738], [131.9226345, 43.1321784], [131.923338, 43.1324165], [131.9241485, 43.132684], [131.9253196, 43.1330462], [131.9254957, 43.1330972], [131.9255175, 43.1331031], [131.9255459, 43.1331106], [131.9255812, 43.1331198], [131.9260494, 43.1332476]], [[131.9255229, 43.1242932], [131.9255164, 43.1242328], [131.9255208, 43.1241329], [131.9254772, 43.1240002], [131.9253364, 43.1238768], [131.9249133, 43.1235787], [131.9248123, 43.1235169], [131.9247191, 43.1234827], [131.9246302, 43.1234701], [131.9245271, 43.123476], [131.9244155, 43.1234981], [131.9242212, 43.1235359], [131.9238206, 43.1236303]]]}}, {"type": "Feature", "properties": {"name": "Карская улица", "part": "mainland", "theme": "place", "descr": "https://t.me/vvtopo/176"}, "geometry": {"type": "LineString", "coordinates": [[131.9366045, 43.1167908], [131.9366332, 43.1167564], [131.9366585, 43.1167262], [131.9366878, 43.1166911], [131.9367149, 43.1166556], [131.9368331, 43.1165252], [131.9370555, 43.1163082], [131.937186, 43.1162064], [131.9372288, 43.1161763], [131.9373231, 43.1161237], [131.9374116, 43.1160813], [131.9375135, 43.1160518], [131.9376127, 43.116043], [131.9377377, 43.1160425], [131.9381102, 43.1160465], [131.9385272, 43.1160536], [131.9388071, 43.1160628], [131.9389165, 43.1160688], [131.9390349, 43.1160775], [131.9391259, 43.1160919], [131.9391891, 43.1161059], [131.9392533, 43.1161221], [131.9396499, 43.1162388], [131.9401085, 43.1163574], [131.9402069, 43.1163944]]}}, {"type": "Feature", "properties": {"name": "улица Вилкова", "part": "mainland", "theme": "person", "descr": "Переименована в ул. Вилкова 08.05.1965"}, "geometry": {"type": "MultiLineString", "coordinates": [[[131.9360968, 43.1042766], [131.9358369, 43.1040158], [131.935736, 43.1039308], [131.9356411, 43.1038637], [131.9354179, 43.1037119]], [[131.9354179, 43.1037119], [131.9353635, 43.1036805]], [[131.9291727, 43.100947], [131.9287073, 43.1007711]], [[131.9343056, 43.1029111], [131.9342135, 43.1028624], [131.9335997, 43.1026007], [131.9331961, 43.1024218], [131.9330611, 43.1023604], [131.9323793, 43.102058], [131.9313395, 43.1016938], [131.9302445, 43.1013312], [131.9301037, 43.1012849], [131.9298076, 43.101175], [131.9295254, 43.1010737], [131.9291727, 43.100947]], [[131.9287073, 43.1007711], [131.928581, 43.100718], [131.9285123, 43.1006902], [131.9284341, 43.1006574]], [[131.9348297, 43.1033029], [131.9347595, 43.1032496], [131.9347063, 43.1032092], [131.9346811, 43.1031895], [131.9345989, 43.1031255]], [[131.9345989, 43.1031255], [131.9344719, 43.1030186], [131.9343056, 43.1029111]], [[131.9284341, 43.1006574], [131.9282108, 43.1005652], [131.9279312, 43.1004513], [131.9276905, 43.100364], [131.9273662, 43.1002584], [131.9272413, 43.1002177], [131.9271078, 43.1001773], [131.9270013, 43.1001452], [131.9269037, 43.1001159], [131.9266475, 43.1000285], [131.926518, 43.0999979], [131.9261277, 43.0999091], [131.9259322, 43.0998651], [131.9256857, 43.0998183], [131.9251091, 43.0996926], [131.9245628, 43.0995754], [131.9244372, 43.0995485], [131.9242246, 43.0995031], [131.924157, 43.0994887], [131.9240918, 43.0994747], [131.923574, 43.0993709], [131.9233567, 43.0993398], [131.923124, 43.0993242], [131.9228606, 43.0993292]], [[131.9228606, 43.0993292], [131.9221131, 43.099401]], [[131.9221131, 43.099401], [131.9218273, 43.0994254], [131.9213407, 43.099453], [131.9210694, 43.0994626], [131.9207573, 43.0994703], [131.9205492, 43.0994677], [131.9204625, 43.0994645], [131.9202598, 43.0994471]], [[131.9353635, 43.1036805], [131.9352385, 43.1036133], [131.9349385, 43.1033855], [131.9348397, 43.1033105]], [[131.9348397, 43.1033105], [131.9348297, 43.1033029]], [[131.9365497, 43.104782], [131.9363352, 43.1045422], [131.9360968, 43.1042766]]]}}, {"type": "Feature", "properties": {"name": "улица Калинина", "part": "mainland", "theme": "person", "descr": "Изначально — ул. Южно-Светланская. Переименована в ул. Калинина 24.01.1924."}, "geometry": {"type": "MultiLineString", "coordinates": [[[131.9134372, 43.102532], [131.9134148, 43.1025366], [131.913393, 43.1025359], [131.913338, 43.102528], [131.9132535, 43.1025026], [131.9131355, 43.1024575], [131.9128992, 43.1023422], [131.9126848, 43.1022482], [131.9124953, 43.1021538], [131.9123426, 43.102096], [131.9121962, 43.1020597], [131.9120291, 43.1020255], [131.9119432, 43.1020121], [131.9117395, 43.101986], [131.9115619, 43.1019671], [131.9114384, 43.1019614], [131.9112818, 43.1019496], [131.9111323, 43.1019377], [131.9106896, 43.1019129], [131.9105312, 43.1019068], [131.9100147, 43.1019098]], [[131.9100147, 43.1019098], [131.910257, 43.1017953]], [[131.8943678, 43.1016049], [131.8942825, 43.1015192], [131.8940734, 43.1013044], [131.8939768, 43.101205], [131.8939413, 43.1011685], [131.8938528, 43.1010792], [131.8938107, 43.1010361], [131.8938043, 43.1010295], [131.8936906, 43.1009171], [131.893516, 43.1007364], [131.8931338, 43.1003266], [131.8928976, 43.1000719], [131.8928405, 43.1000137], [131.8927387, 43.0999099], [131.8926339, 43.0997936], [131.8926213, 43.0997808], [131.8925979, 43.0997556], [131.8925273, 43.0996792], [131.8922337, 43.0993618], [131.8921505, 43.0992728], [131.8921225, 43.0992429], [131.8920264, 43.0991401], [131.8919896, 43.0990992], [131.8918552, 43.0989449], [131.8918364, 43.0989242], [131.891651, 43.0987209], [131.8914132, 43.0984724]], [[131.8867593, 43.0924623], [131.8867622, 43.0924277], [131.8867506, 43.0922928], [131.8867144, 43.0920875], [131.8866535, 43.0919487], [131.8864945, 43.0916141], [131.8864472, 43.0913946], [131.8864402, 43.0913506], [131.8864007, 43.0910219], [131.8864113, 43.0909559], [131.8864492, 43.0908338], [131.8864767, 43.0906281], [131.8864884, 43.0905747], [131.8865051, 43.0905123], [131.8865533, 43.0904144], [131.8865699, 43.0903904], [131.8865894, 43.0903725], [131.8866039, 43.0903605], [131.8867476, 43.0902568], [131.8871304, 43.0899809], [131.8872262, 43.0898745], [131.8872353, 43.0898085], [131.8873108, 43.0897564], [131.8873619, 43.0897026], [131.8873627, 43.0896653], [131.8873385, 43.0896089], [131.8870146, 43.0893781]], [[131.9345989, 43.1031255], [131.9344558, 43.103142], [131.9343271, 43.1031513], [131.9342169, 43.1031562], [131.9341287, 43.1031562], [131.9340333, 43.103153]], [[131.9112818, 43.1019496], [131.9111662, 43.1018902], [131.9111501, 43.1018636], [131.9111199, 43.1017789], [131.9111099, 43.1017281], [131.9110911, 43.1016018], [131.911111, 43.1015422]], [[131.9017194, 43.0937923], [131.9022225, 43.0937378], [131.9025452, 43.0937105], [131.9038476, 43.0936253], [131.9039797, 43.0936149], [131.9045156, 43.0935443], [131.904959, 43.0934846], [131.9049793, 43.0934821], [131.9058867, 43.0933558], [131.907986, 43.0930728], [131.9083175, 43.0930374]], [[131.8914132, 43.0984724], [131.8912471, 43.0983332], [131.8910172, 43.0981571], [131.8904864, 43.0977513], [131.8902333, 43.0975662], [131.8898319, 43.097285], [131.8896069, 43.0971242], [131.8895341, 43.0970744], [131.889392, 43.0969674], [131.8888438, 43.0965691], [131.8887583, 43.096507], [131.8884863, 43.0962965], [131.8880203, 43.0959627]], [[131.9100147, 43.1019098], [131.9096894, 43.102034]], [[131.90082, 43.0938815], [131.9007512, 43.0938903], [131.9006541, 43.093902], [131.9005981, 43.0939081], [131.9004714, 43.0939214], [131.8997528, 43.0939824], [131.8990651, 43.0940357], [131.898743, 43.094061]], [[131.907925, 43.0931877], [131.9074632, 43.0932441], [131.9072763, 43.0932702], [131.9059829, 43.0934489], [131.905085, 43.0935647], [131.9045392, 43.0936348], [131.9044119, 43.0936522], [131.9041577, 43.0936845], [131.903868, 43.0937165], [131.9036392, 43.0937317], [131.9027877, 43.0937823], [131.9025554, 43.0937977], [131.902239, 43.0938245], [131.9019976, 43.0938626], [131.9017842, 43.0939045]], [[131.898743, 43.094061], [131.8980985, 43.0941018], [131.8977105, 43.0941262], [131.8973074, 43.0941509], [131.8970844, 43.0941629], [131.8970247, 43.094166], [131.8969849, 43.094168], [131.8968963, 43.0941725], [131.8968455, 43.0941751], [131.8967734, 43.094179], [131.8965763, 43.0941903], [131.896517, 43.0941934]], [[131.9340333, 43.103153], [131.9339763, 43.1031488], [131.93378, 43.1031223], [131.9334935, 43.1030529], [131.933098, 43.102947], [131.9329327, 43.102909], [131.9323418, 43.1027243], [131.9320418, 43.1026475], [131.9318755, 43.1026231], [131.9317393, 43.1026139], [131.9316213, 43.1026279], [131.9315121, 43.1026593], [131.9313084, 43.1027312], [131.9312486, 43.1027574], [131.9311098, 43.1028182], [131.9309118, 43.1028964], [131.9308441, 43.1029266], [131.9307646, 43.1029621], [131.9307024, 43.1029904], [131.9306175, 43.1030383], [131.9304498, 43.1031281], [131.9303532, 43.1031785], [131.9303321, 43.103189], [131.9302131, 43.1032434], [131.9301367, 43.1032664], [131.9300544, 43.1032926], [131.9299337, 43.1033102], [131.9298642, 43.1033165], [131.9297222, 43.1033133], [131.9296113, 43.103308], [131.9295342, 43.1033006], [131.9294267, 43.1032837], [131.9289185, 43.1032231], [131.9273016, 43.1030127], [131.9269483, 43.1029543], [131.926687, 43.1028682], [131.9264702, 43.1027771], [131.9264132, 43.1027512], [131.9261224, 43.102593], [131.9259229, 43.1024791], [131.9257603, 43.1024226], [131.9256356, 43.1023919], [131.9254323, 43.1023683], [131.9253787, 43.1023671], [131.9241906, 43.1023865], [131.9240303, 43.1023909], [131.9239231, 43.1023938], [131.9236316, 43.1024027], [131.923481, 43.1024072], [131.9233336, 43.1024116], [131.9232423, 43.1024143], [131.9231206, 43.102418], [131.923075, 43.1024194], [131.9227597, 43.1024275], [131.9224502, 43.1024371], [131.9218816, 43.1024583], [131.920862, 43.1024921], [131.9206225, 43.1024976], [131.9204628, 43.1025006], [131.9203774, 43.1024992], [131.9202732, 43.1024898], [131.9201864, 43.1024767], [131.9200452, 43.1024447], [131.9199815, 43.102428], [131.9199617, 43.1024217], [131.9199202, 43.102407], [131.919865, 43.1023856], [131.9191383, 43.1020775], [131.9187923, 43.101926], [131.9186544, 43.1018704], [131.9185586, 43.1018374], [131.9183886, 43.1017878], [131.9183287, 43.1017744], [131.9182708, 43.1017633], [131.9180546, 43.1017309], [131.9178107, 43.1017085], [131.9176638, 43.1017054], [131.9174284, 43.1017054], [131.9171702, 43.1017122], [131.9169295, 43.1017319]], [[131.8959477, 43.1021954], [131.8955636, 43.1020551]], [[131.8955636, 43.1020551], [131.8946204, 43.1017056], [131.8943678, 43.1016049]], [[131.8881574, 43.0927428], [131.8882381, 43.0927284], [131.8883054, 43.0927074], [131.8883611, 43.0926774], [131.8883919, 43.0926516], [131.8884246, 43.0926094], [131.8884425, 43.092552], [131.888446, 43.0924672], [131.8884307, 43.0921942], [131.8884132, 43.0919079], [131.8884107, 43.0918353], [131.8884109, 43.0917583], [131.8884156, 43.0916881], [131.8884283, 43.0915938], [131.8884638, 43.0914675], [131.8884696, 43.0914499], [131.8884951, 43.0913937], [131.8885452, 43.0913305], [131.8886576, 43.0912719], [131.8888045, 43.0912212], [131.8889437, 43.0912066], [131.8890282, 43.0912042], [131.8894679, 43.0912026], [131.8895621, 43.0912089], [131.8898479, 43.0912463], [131.8900143, 43.0912784], [131.8902744, 43.0913501], [131.8904755, 43.0914221]], [[131.8826998, 43.0909492], [131.8827194, 43.0908849], [131.8827416, 43.0908293], [131.8828158, 43.0907463], [131.8829815, 43.0906186], [131.8832014, 43.0904688], [131.8834504, 43.0903247], [131.8835484, 43.090268], [131.8836065, 43.0902437], [131.8836553, 43.0902284], [131.8837461, 43.0902202], [131.8837829, 43.0902202], [131.8838766, 43.090228], [131.8839552, 43.0902437], [131.8840245, 43.0902683], [131.8845344, 43.0905847], [131.8846364, 43.090648], [131.8848822, 43.0908059], [131.884986, 43.0909042], [131.8853261, 43.0913234], [131.8855607, 43.0916635], [131.8856591, 43.0917969], [131.8857737, 43.0919513], [131.8858628, 43.0920406], [131.8860652, 43.0921904], [131.8862478, 43.092287], [131.8863253, 43.0923199], [131.8864837, 43.0923816], [131.8867593, 43.0924623], [131.8868228, 43.0924808], [131.8870153, 43.0925222], [131.8873663, 43.0925954], [131.8873999, 43.0926027], [131.887451, 43.0926137], [131.8878139, 43.0926915], [131.8880597, 43.092738], [131.8881574, 43.0927428]], [[131.8922516, 43.0921198], [131.8922603, 43.0921233], [131.8922853, 43.0921332], [131.8924754, 43.0922144], [131.8925255, 43.0922349], [131.8926522, 43.0922909], [131.8927043, 43.092314], [131.8930644, 43.0924734], [131.8935063, 43.0926716], [131.8936617, 43.0927372], [131.8937608, 43.0927746], [131.8939035, 43.0928165], [131.8942866, 43.0929042], [131.8943512, 43.0929191], [131.8950323, 43.0930832], [131.8954735, 43.0931894], [131.8957077, 43.0934527], [131.8960516, 43.0938589], [131.8960954, 43.0939086], [131.8961307, 43.0939464], [131.896186, 43.0940061]], [[131.8963012, 43.0941307], [131.8963289, 43.09417], [131.8963516, 43.094203]], [[131.90082, 43.0938815], [131.9013204, 43.0938205], [131.9017194, 43.0937923]], [[131.8880203, 43.0959627], [131.8877956, 43.0958034], [131.8875303, 43.0956032], [131.8871643, 43.0953301], [131.8866739, 43.0949823], [131.8866194, 43.0949472], [131.8865742, 43.0949179], [131.8865377, 43.0948944], [131.8864158, 43.0948157], [131.8862573, 43.0947148], [131.8858947, 43.094482]], [[131.8967615, 43.1025455], [131.8964488, 43.1024211], [131.8959477, 43.1021954]], [[131.9145584, 43.1028205], [131.9144899, 43.1028472], [131.9143827, 43.102859], [131.9142634, 43.1028492], [131.9141923, 43.1028463], [131.9141319, 43.1028404]], [[131.8858947, 43.094482], [131.885604, 43.0942876], [131.8854871, 43.094208], [131.8854342, 43.094174], [131.885188, 43.0940098], [131.8848992, 43.093811], [131.8846125, 43.0936073], [131.8843185, 43.0933909], [131.8842288, 43.0933249], [131.8841027, 43.0932328], [131.8839578, 43.0931104], [131.8838623, 43.0930184], [131.883811, 43.0929655], [131.8837549, 43.0929016], [131.8837257, 43.0928678], [131.883629, 43.0927574], [131.8835237, 43.0926215], [131.8834335, 43.0924441], [131.8833122, 43.0922098], [131.8831927, 43.0920035], [131.8831608, 43.0919581], [131.8828533, 43.0916387], [131.8827923, 43.0915352], [131.8827423, 43.0914001], [131.8827138, 43.0912664], [131.8827054, 43.0911077], [131.8826998, 43.0909492]], [[131.8904755, 43.0914221], [131.8912131, 43.0916984], [131.8913143, 43.0917363], [131.8921888, 43.0920947], [131.8922256, 43.0921094], [131.8922363, 43.0921137], [131.8922516, 43.0921198]], [[131.9169295, 43.1017319], [131.9168073, 43.1017504], [131.9166431, 43.1017889], [131.9164702, 43.1018472]], [[131.896186, 43.0940061], [131.8962474, 43.0940705], [131.8963012, 43.0941307]], [[131.8972513, 43.1028077], [131.8967615, 43.1025455]], [[131.9141319, 43.1028404], [131.9140662, 43.1028296], [131.9139522, 43.1028071], [131.9138718, 43.1027807], [131.9137739, 43.1027376], [131.9136451, 43.1026671], [131.9135037, 43.1025869], [131.9134582, 43.1025499], [131.9134372, 43.102532]], [[131.9149669, 43.1025987], [131.9148627, 43.1026557]], [[131.9096894, 43.102034], [131.9094725, 43.1021155], [131.908887, 43.1023368], [131.9088328, 43.1023549], [131.9084014, 43.1025144], [131.9075183, 43.1028682], [131.9063619, 43.1033024], [131.9059592, 43.1034492], [131.9057073, 43.1035472], [131.9056196, 43.1035752], [131.9051871, 43.103704], [131.9043882, 43.1038561], [131.9034495, 43.1040497], [131.9032168, 43.1041047], [131.9028347, 43.1041743], [131.9026953, 43.1042023], [131.9024891, 43.1042403], [131.9018073, 43.1043235], [131.9010693, 43.104398], [131.901041, 43.1043996], [131.9008799, 43.1043974], [131.9007448, 43.1043915], [131.9006596, 43.1043879], [131.9004894, 43.1043615], [131.9003822, 43.1043336], [131.9002458, 43.1042834], [131.9000638, 43.1042002], [131.9000362, 43.1041874], [131.8996678, 43.1040123], [131.8994605, 43.103909], [131.899378, 43.1038675], [131.8989996, 43.1036879], [131.8987814, 43.1035828], [131.8986164, 43.1035034], [131.8979899, 43.1031969], [131.8978637, 43.1031293], [131.8977168, 43.103052], [131.8975209, 43.102949], [131.8972814, 43.1028235], [131.8972513, 43.1028077]], [[131.910257, 43.1017953], [131.910544, 43.1017076], [131.911016, 43.1015673], [131.911111, 43.1015422], [131.9112516, 43.1015268], [131.91138, 43.1015035], [131.911581, 43.1014685], [131.9117802, 43.1014392], [131.9118648, 43.1014345], [131.9120208, 43.1014351], [131.9121663, 43.1014566], [131.9124314, 43.1015131], [131.9126317, 43.1015803], [131.9127452, 43.101634], [131.9128305, 43.1016941], [131.9129133, 43.101755], [131.9129636, 43.1018356], [131.9130628, 43.1019739], [131.9131456, 43.1020783], [131.9131781, 43.1021236], [131.9133474, 43.1023626], [131.9134309, 43.1024872], [131.9134379, 43.102509], [131.9134399, 43.1025214], [131.9134372, 43.102532]], [[131.9164702, 43.1018472], [131.916244, 43.1019314], [131.9160689, 43.1020159], [131.9158656, 43.1021125], [131.9155952, 43.1022515]], [[131.9148627, 43.1026557], [131.9145584, 43.1028205]], [[131.9155952, 43.1022515], [131.9153011, 43.1024158], [131.9149669, 43.1025987]]]}}, {"type": "Feature", "properties": {"name": "улица Уборевича", "part": "mainland", "theme": "person", "descr": "https://t.me/vvtopo/148 до этого Суйфунская"}, "geometry": {"type": "MultiLineString", "coordinates": [[[131.8880516, 43.1146956], [131.8880708, 43.11475], [131.8881092, 43.1148586], [131.8882159, 43.115155], [131.888233, 43.1152025], [131.8882524, 43.1152689]], [[131.8918912, 43.1238643], [131.8922545, 43.1240792], [131.8923135, 43.1241201], [131.8923551, 43.1241524], [131.8923859, 43.1241842], [131.8924, 43.1242097], [131.8924081, 43.1242371], [131.892405, 43.1242558]], [[131.8890388, 43.1175162], [131.8895266, 43.1176197], [131.8896292, 43.1176412], [131.8896718, 43.1176502], [131.8899042, 43.1176996], [131.8899934, 43.1177185]], [[131.8910904, 43.1189929], [131.8911358, 43.1191255], [131.8911456, 43.1191537], [131.8912087, 43.1193388], [131.8912482, 43.1194543], [131.8913395, 43.1197212], [131.8914759, 43.1201199], [131.8914913, 43.120165], [131.8915747, 43.1204088], [131.8916525, 43.1206363], [131.8916627, 43.1206663], [131.8918328, 43.1211635], [131.8918641, 43.1212551], [131.8919066, 43.1213792], [131.8920318, 43.1217457], [131.8920922, 43.1219225], [131.8921144, 43.1220845], [131.8920768, 43.1222212], [131.892021, 43.1223172], [131.8919997, 43.1223522]], [[131.8908431, 43.1180019], [131.89084, 43.1182282], [131.8908769, 43.1183687], [131.8910225, 43.1187943], [131.8910642, 43.1189161], [131.8910904, 43.1189929]], [[131.8882524, 43.1152689], [131.8882911, 43.1153795], [131.888348, 43.1155421], [131.888356, 43.1155649], [131.8883762, 43.1156229], [131.888403, 43.1156996], [131.8884071, 43.1157113], [131.8884194, 43.1157466], [131.8885009, 43.1159792], [131.8886008, 43.1162662], [131.888611, 43.1162939], [131.8886374, 43.1163693], [131.8887727, 43.1167557], [131.8887836, 43.1167865], [131.8887955, 43.1168205], [131.888812, 43.1168675], [131.8889239, 43.1171865], [131.8890388, 43.1175162]], [[131.8899934, 43.1177185], [131.8901292, 43.1177473], [131.8903135, 43.1177864], [131.8903479, 43.1177935], [131.8906525, 43.1178579], [131.8906699, 43.1178616]], [[131.8907273, 43.1178866], [131.8906699, 43.1178616]], [[131.8906699, 43.1178616], [131.8907857, 43.1178305]], [[131.8919997, 43.1223522], [131.8919605, 43.1223983], [131.8919387, 43.122424], [131.8917545, 43.1226801], [131.8916929, 43.1227643], [131.8916451, 43.1228485], [131.8916025, 43.1229534], [131.8915636, 43.1231032], [131.891542, 43.1232336], [131.891529, 43.1233616], [131.8915351, 43.1234315], [131.8915658, 43.1235153], [131.8916443, 43.1236341], [131.8917497, 43.1237641], [131.8918912, 43.1238643]]]}}, {"type": "Feature", "properties": {"name": "Семёновская улица", "part": "mainland", "theme": "person", "descr": "из числа самых старых улиц"}, "geometry": {"type": "MultiLineString", "coordinates": [[[131.8832588, 43.1186339], [131.8830454, 43.1186687], [131.8829968, 43.1186786], [131.8824508, 43.1187912]], [[131.8838861, 43.1193044], [131.883777, 43.1192512]], [[131.8832588, 43.1186339], [131.8834479, 43.1186024], [131.8836641, 43.1185669], [131.8837681, 43.1185437], [131.8841799, 43.1184586]], [[131.8836897, 43.1188808], [131.8836917, 43.1187938], [131.8837079, 43.118761], [131.8838874, 43.1186671], [131.884053, 43.1185732], [131.8841301, 43.1185358], [131.8842563, 43.1185102], [131.8843812, 43.1184787], [131.8843984, 43.1184684], [131.8845187, 43.118396]], [[131.8874248, 43.1178188], [131.8876269, 43.1177806]], [[131.8841799, 43.1184586], [131.8842333, 43.1184505]], [[131.8869622, 43.1179067], [131.8872659, 43.1178491]], [[131.8886946, 43.1175782], [131.8890388, 43.1175162]], [[131.8863157, 43.1180294], [131.8864811, 43.1179955], [131.8869622, 43.1179067]], [[131.883777, 43.1192512], [131.8837206, 43.1190698], [131.8836969, 43.1189751], [131.8836897, 43.1188808]], [[131.8885377, 43.1176064], [131.8886946, 43.1175782]], [[131.8880481, 43.1177008], [131.8885377, 43.1176064]], [[131.8879433, 43.1177207], [131.8880481, 43.1177008]], [[131.8876269, 43.1177806], [131.8879433, 43.1177207]], [[131.8872659, 43.1178491], [131.8874248, 43.1178188]], [[131.8842333, 43.1184505], [131.8845187, 43.118396], [131.8845315, 43.1183935], [131.8846087, 43.1183807], [131.8850482, 43.1182875], [131.885337, 43.1182323], [131.8853868, 43.1182205], [131.8859442, 43.1180998], [131.8859607, 43.1180966], [131.8861441, 43.1180615], [131.8863157, 43.1180294]], [[131.8824508, 43.1187912], [131.8822381, 43.118835]], [[131.8822381, 43.118835], [131.8819914, 43.1188859], [131.8819826, 43.1188877], [131.8818585, 43.1189133], [131.8818177, 43.1189217], [131.8817606, 43.1189335], [131.8815423, 43.1189784], [131.8813716, 43.1190134], [131.8812459, 43.1190395], [131.8810815, 43.1190734], [131.8807297, 43.1191459], [131.8802924, 43.119236], [131.8802015, 43.1192547]]]}}, {"type": "Feature", "properties": {"name": "улица Котельникова", "part": "mainland", "theme": "person", "descr": "Образована 16.11.1937"}, "geometry": {"type": "MultiLineString", "coordinates": [[[131.9382988, 43.1284912], [131.9381729, 43.1284844], [131.9377242, 43.1284478]], [[131.9292729, 43.1297452], [131.9291872, 43.129782], [131.9290112, 43.1298565], [131.9287814, 43.1299543], [131.9285493, 43.130053], [131.9283579, 43.1301344], [131.9280105, 43.1302822], [131.9279831, 43.1302936], [131.9278185, 43.1303642], [131.9276677, 43.1304451], [131.9275568, 43.1305248], [131.9275304, 43.1305631], [131.9275081, 43.1306105], [131.9275099, 43.1306779], [131.9275393, 43.1307363], [131.9278451, 43.1310121], [131.9280572, 43.1311901], [131.9280714, 43.1312368], [131.9280852, 43.1312785], [131.9280741, 43.1313288], [131.9280349, 43.1313887], [131.927952, 43.1314404], [131.9278303, 43.1314949], [131.9277844, 43.1315135], [131.92767, 43.1315523], [131.9273853, 43.1316783], [131.9273205, 43.1317214], [131.927265, 43.1317784], [131.927233, 43.1318327], [131.9272223, 43.1318957], [131.927222, 43.131922], [131.9272386, 43.131964], [131.9272701, 43.1320138], [131.9273098, 43.1320711], [131.9274208, 43.1321644], [131.9275349, 43.1323024], [131.9275552, 43.1323786], [131.9275363, 43.1324352], [131.9274775, 43.1324831], [131.9274246, 43.1325154], [131.9273009, 43.1325815], [131.9270911, 43.1326937], [131.926792, 43.1328538], [131.9266359, 43.1329341], [131.9265329, 43.1329924], [131.9264766, 43.1330226], [131.9263923, 43.1330669], [131.9262397, 43.1331493], [131.9262108, 43.1331648], [131.9261404, 43.1332025], [131.9260494, 43.1332476]], [[131.93927, 43.1283388], [131.9389608, 43.1284654]], [[131.9389608, 43.1284654], [131.9388481, 43.1284893], [131.9385791, 43.1285011], [131.9382988, 43.1284912]], [[131.9371149, 43.1283809], [131.9369213, 43.128376], [131.9367066, 43.1283725], [131.9365552, 43.1283817]], [[131.9365552, 43.1283817], [131.9363165, 43.1284229], [131.93607, 43.1284822], [131.9355028, 43.1286549]], [[131.9340414, 43.1292707], [131.9336918, 43.1294532], [131.9335122, 43.1295534], [131.933132, 43.1296818], [131.9327706, 43.1297403], [131.9323764, 43.1297869], [131.9317696, 43.1298559], [131.9316044, 43.1298831], [131.9313206, 43.1299299], [131.9310476, 43.1299773], [131.9309334, 43.1299981], [131.9308058, 43.130015], [131.9305929, 43.1300345], [131.9303593, 43.130034], [131.9301424, 43.1300125], [131.9298992, 43.1299663], [131.9292729, 43.1297452]], [[131.9355028, 43.1286549], [131.9354186, 43.1286851], [131.9353783, 43.1286995], [131.9352474, 43.1287463], [131.9346586, 43.1289651], [131.9340414, 43.1292707]], [[131.9377242, 43.1284478], [131.9374837, 43.1284214], [131.9371149, 43.1283809]]]}}, {"type": "Feature", "properties": {"name": "Окатовая улица", "part": "mainland", "theme": "tree", "descr": "https://t.me/vvtopo/177"}, "geometry": {"type": "MultiLineString", "coordinates": [[[131.9200542, 43.0993228], [131.9200453, 43.0991617], [131.9200428, 43.0990289], [131.9200447, 43.0989956], [131.9200387, 43.0988687], [131.9200241, 43.0984269]], [[131.90765, 43.0869584], [131.90769, 43.0869898], [131.9077276, 43.087031], [131.9077609, 43.087068], [131.9077751, 43.0870852], [131.9078202, 43.087145], [131.9078471, 43.0871866], [131.9079041, 43.0872778], [131.9079695, 43.0874612], [131.9080245, 43.0876502], [131.9081548, 43.088139], [131.908181, 43.0882064], [131.9082308, 43.0883008], [131.9082782, 43.088363], [131.9083414, 43.0884036], [131.9084135, 43.088455], [131.9088882, 43.088657], [131.9092613, 43.0888162], [131.9100109, 43.089118], [131.9100725, 43.0891396], [131.9102226, 43.0891955], [131.9102649, 43.0892102], [131.9106265, 43.0893382], [131.9108938, 43.0894149], [131.9113358, 43.0895153], [131.9117608, 43.0896208], [131.9119511, 43.0896564], [131.9128393, 43.0898327], [131.9129434, 43.0898639], [131.913068, 43.0899025], [131.9132053, 43.0899527], [131.9136295, 43.0901703], [131.9136812, 43.0901968], [131.9141982, 43.090462], [131.9142804, 43.0905051], [131.9143226, 43.0905285], [131.9143515, 43.0905447], [131.9153751, 43.0910998], [131.9154069, 43.091117], [131.915422, 43.0911251], [131.915641, 43.0912431], [131.9159288, 43.0913981], [131.9163865, 43.091648], [131.9164351, 43.0916754], [131.9168265, 43.0918938], [131.916913, 43.0919402]], [[131.9177463, 43.0924701], [131.9183554, 43.0929313]], [[131.9175463, 43.0923257], [131.9177463, 43.0924701]], [[131.9186869, 43.0931731], [131.9186495, 43.0931478], [131.9184779, 43.0930208], [131.9183554, 43.0929313]], [[131.91991, 43.0946424], [131.9198276, 43.0943143], [131.9197328, 43.0941162], [131.9196814, 43.0940388], [131.9196573, 43.0940127], [131.9194655, 43.0938286], [131.9192737, 43.0936572], [131.9190941, 43.0935035]], [[131.916913, 43.0919402], [131.9172959, 43.0921606]], [[131.9190941, 43.0935035], [131.9186869, 43.0931731]], [[131.9172959, 43.0921606], [131.9173161, 43.0921739], [131.9175463, 43.0923257]], [[131.9199478, 43.0948897], [131.9199436, 43.0948284], [131.9199335, 43.0947506], [131.91991, 43.0946424]], [[131.9200241, 43.0984269], [131.9199912, 43.0963883], [131.9199852, 43.0956183], [131.9199754, 43.0953431], [131.9199478, 43.0948897]]]}}, {"type": "Feature", "properties": {"name": "улица Капитана Шефнера", "part": "mainland", "theme": "person", "descr": "18.04.1985 переименована из Авангардной в честь морского офицера Алексея Карловича Шефнера"}, "geometry": {"type": "MultiLineString", "coordinates": [[[131.9172979, 43.1124301], [131.9173725, 43.1125663], [131.9173895, 43.1126001], [131.9174761, 43.1128937], [131.9174961, 43.1129691], [131.9175693, 43.1132643], [131.9175755, 43.1132937]], [[131.9183981, 43.1178033], [131.9184451, 43.1178643], [131.918513, 43.1179168], [131.9187685, 43.1180356], [131.9189411, 43.1181127], [131.9190146, 43.1181555]], [[131.9176718, 43.1137487], [131.9178262, 43.1139733], [131.9178356, 43.1139949], [131.917915, 43.1142063]], [[131.9174375, 43.1135942], [131.9175102, 43.1134851], [131.9175423, 43.1134342], [131.9175755, 43.1132937]], [[131.9175755, 43.1132937], [131.9176413, 43.1136338]], [[131.917915, 43.1142063], [131.9177207, 43.114002], [131.9175004, 43.1138411]], [[131.917915, 43.1142063], [131.9179371, 43.1142623]], [[131.9168446, 43.1114531], [131.9168887, 43.1115559], [131.9169503, 43.1116996], [131.9171103, 43.1120727], [131.9171804, 43.1122362], [131.917233, 43.1123394], [131.9172979, 43.1124301]], [[131.9190146, 43.1181555], [131.9192097, 43.1183371]], [[131.9185466, 43.1165359], [131.9185347, 43.1168382], [131.9184621, 43.1171709], [131.918356, 43.1175933], [131.9183618, 43.1177084], [131.9183981, 43.1178033]], [[131.9180222, 43.114478], [131.9180401, 43.1145232], [131.9181161, 43.1147158]], [[131.9181161, 43.1147158], [131.9181417, 43.1147806], [131.9184373, 43.1157097], [131.9185066, 43.1160961], [131.9185466, 43.1165359]], [[131.9179651, 43.1143332], [131.9180222, 43.114478]], [[131.9179371, 43.1142623], [131.9179651, 43.1143332]]]}}, {"type": "Feature", "properties": {"name": "Шилкинская улица", "part": "mainland", "theme": "place", "descr": "https://t.me/vvtopo/279"}, "geometry": {"type": "MultiLineString", "coordinates": [[[131.9293377, 43.1178205], [131.9292236, 43.1177802], [131.9288827, 43.11768], [131.9285798, 43.1175949], [131.9284023, 43.1175575], [131.9282773, 43.1175376], [131.9281398, 43.1175195], [131.9279699, 43.1175155], [131.9277307, 43.1175312], [131.9274867, 43.1175664], [131.9272774, 43.1176037], [131.9271204, 43.1176415], [131.9269796, 43.1176797], [131.9267316, 43.1177769], [131.9265232, 43.1178909], [131.9260785, 43.1181572], [131.9257345, 43.1183657], [131.925598, 43.1184498], [131.9255698, 43.1184661], [131.9255066, 43.118504], [131.9253241, 43.1185985], [131.9251849, 43.1186715], [131.9249639, 43.1187447], [131.9246934, 43.1188091], [131.9244512, 43.1188411], [131.9241297, 43.1188515], [131.9237346, 43.1188372], [131.9233435, 43.1188145], [131.923304, 43.1188109], [131.9230932, 43.1187999], [131.9228666, 43.118797], [131.9226206, 43.1188066], [131.922464, 43.1188248]], [[131.9221033, 43.1196398], [131.9216995, 43.1190752]], [[131.9221033, 43.1196398], [131.9221111, 43.1196529], [131.9222068, 43.1197756], [131.9223073, 43.1199018], [131.9223891, 43.1199864], [131.9225083, 43.1200811], [131.9225747, 43.1201362], [131.9229261, 43.1203587], [131.9232255, 43.1205437], [131.9233345, 43.120607], [131.9235101, 43.1207261], [131.9235687, 43.1207794], [131.9236967, 43.1209171], [131.9237731, 43.1210721], [131.923822, 43.1212093], [131.9238372, 43.1213395], [131.9238315, 43.121474], [131.9238107, 43.1215751], [131.9237733, 43.1216885], [131.9237207, 43.1218027], [131.9236425, 43.1219345], [131.9235505, 43.1220733], [131.9234526, 43.1221977], [131.9232658, 43.1224228], [131.9231465, 43.1225671], [131.923024, 43.1226964], [131.9228813, 43.1228526], [131.9228175, 43.1229351], [131.9227491, 43.1230583], [131.9227318, 43.1231144], [131.922725, 43.1231721], [131.9227315, 43.1232303]], [[131.9219401, 43.1190479], [131.9221033, 43.1196398]], [[131.9218648, 43.1188438], [131.9221798, 43.1188434], [131.9223797, 43.1188359]], [[131.922464, 43.1188248], [131.9223797, 43.1188359]], [[131.9227315, 43.1232303], [131.9227396, 43.123271], [131.9227631, 43.1233651]], [[131.9223797, 43.1188359], [131.9221855, 43.1189132], [131.9219584, 43.1190277]], [[131.9227631, 43.1233651], [131.9228567, 43.12344], [131.922947, 43.1234829], [131.9230412, 43.1235097]], [[131.9228188, 43.1235946], [131.9227631, 43.1233651]], [[131.9322418, 43.1194777], [131.9322639, 43.1194506], [131.9322818, 43.1194243], [131.9323012, 43.1193627], [131.9323037, 43.1193216]], [[131.9323037, 43.1193216], [131.9322991, 43.1192726], [131.9322813, 43.11923], [131.932253, 43.1191893], [131.9322307, 43.1191638], [131.9322046, 43.119135], [131.9321155, 43.1190558], [131.9319203, 43.1189096], [131.9317057, 43.1187745], [131.9316011, 43.1187167], [131.9314753, 43.118655], [131.9314519, 43.118643], [131.93134, 43.1185959], [131.930747, 43.1183663], [131.9295638, 43.1179081], [131.929503, 43.1178846], [131.9293377, 43.1178205]]]}}, {"type": "Feature", "properties": {"name": "Пушкинская улица", "part": "mainland", "theme": "person", "descr": "https://t.me/vvtopo/227"}, "geometry": {"type": "MultiLineString", "coordinates": [[[131.9169052, 43.1137347], [131.9173958, 43.1136117]], [[131.9021886, 43.1159908], [131.9017546, 43.1158306], [131.9010296, 43.1156586], [131.9008389, 43.1156134], [131.900746, 43.1155913], [131.9000562, 43.1154277], [131.899878, 43.1153854], [131.8994945, 43.1152944], [131.8994518, 43.1152843], [131.8989866, 43.1151739], [131.8986301, 43.1150894], [131.8982522, 43.1149997], [131.8980625, 43.1149547], [131.8978748, 43.1149101], [131.8977869, 43.1148893], [131.8976938, 43.1148672], [131.8975034, 43.114822], [131.8974794, 43.1148163], [131.8974356, 43.1148059], [131.89743, 43.1148046], [131.8973716, 43.1147907], [131.8972256, 43.1147561], [131.8969621, 43.1146936], [131.8968312, 43.1146589], [131.8967483, 43.1146291], [131.8966319, 43.1145836], [131.8965519, 43.1145483], [131.8964897, 43.1145131], [131.8964377, 43.114476], [131.896395, 43.1144285], [131.896354, 43.1143436], [131.8963232, 43.1142521], [131.8962994, 43.1141566], [131.8962621, 43.1139412], [131.8962574, 43.1138561], [131.8962433, 43.1137651]], [[131.917395, 43.1138138], [131.9170498, 43.1137586], [131.9169052, 43.1137347]], [[131.9021886, 43.1159908], [131.9025848, 43.1161204], [131.9026663, 43.1161443], [131.9030093, 43.1162448], [131.9030377, 43.1162532], [131.9032589, 43.1163181], [131.9033365, 43.1163408], [131.9034655, 43.1163786], [131.9035443, 43.1164017], [131.9036304, 43.116427], [131.9037564, 43.1164641], [131.9041643, 43.1165838], [131.9044357, 43.1166634], [131.9054714, 43.116936], [131.9056012, 43.1169585], [131.9057379, 43.1169673], [131.9059519, 43.1169662], [131.9061075, 43.1169492], [131.9061911, 43.1169316], [131.9063073, 43.116895], [131.9072374, 43.1163849], [131.9076771, 43.1161434], [131.9078404, 43.1160584], [131.908113, 43.115917], [131.9081795, 43.115884], [131.9082229, 43.115868], [131.908886, 43.1156906], [131.9095083, 43.1155242], [131.9099769, 43.1153988], [131.9103241, 43.1153072], [131.9111182, 43.1150937], [131.9112483, 43.1150589], [131.9118166, 43.1149069], [131.9122858, 43.1147814], [131.9122964, 43.1147786], [131.9124543, 43.1147378], [131.9130689, 43.1145566], [131.9131421, 43.1145345], [131.9134161, 43.1144513], [131.9137965, 43.1143088], [131.9143112, 43.1141651], [131.9148425, 43.114049], [131.9153792, 43.1139542]], [[131.9153792, 43.1139542], [131.915764, 43.1139064], [131.9160351, 43.1138708], [131.9162732, 43.1138389], [131.9163249, 43.1138309], [131.9164425, 43.1138114], [131.9165119, 43.1137999], [131.9165494, 43.1137936], [131.9165985, 43.1137851], [131.9167037, 43.1137668], [131.9168228, 43.1137478], [131.9168715, 43.1137401], [131.9169052, 43.1137347]]]}}, {"type": "Feature", "properties": {"name": "улица Всеволода Сибирцева", "part": "mainland", "theme": "person", "descr": "бывшая Ботаническая"}, "geometry": {"type": "MultiLineString", "coordinates": [[[131.9021886, 43.1159908], [131.9020392, 43.1160058], [131.9019082, 43.1160494]], [[131.9192097, 43.1183371], [131.9193786, 43.1183442]], [[131.9007251, 43.1178153], [131.9009519, 43.1178167], [131.901138, 43.1178113], [131.9015555, 43.1178719], [131.9017669, 43.1179242]], [[131.9017669, 43.1179242], [131.901848, 43.1179379], [131.9021085, 43.1179984], [131.9023565, 43.1180569], [131.9025948, 43.1181285]], [[131.9117494, 43.117964], [131.9121631, 43.1179376], [131.9123068, 43.1179247]], [[131.9005188, 43.1165023], [131.9005666, 43.1164949], [131.9006129, 43.1164923]], [[131.9006129, 43.1164923], [131.9005671, 43.1165016], [131.9005188, 43.1165023]], [[131.9005188, 43.1165023], [131.9004098, 43.1164969]], [[131.9139606, 43.1177172], [131.9140234, 43.1177073], [131.9142132, 43.1176841], [131.9143659, 43.1176714]], [[131.9213968, 43.1186922], [131.9214447, 43.118706], [131.9215289, 43.1187406], [131.9216276, 43.1187801], [131.9218172, 43.1188357]], [[131.921622, 43.1189729], [131.9213968, 43.1186922]], [[131.9213621, 43.1186697], [131.9213968, 43.1186922]], [[131.9154567, 43.1177092], [131.9164397, 43.1178806], [131.9172062, 43.1180329]], [[131.9070424, 43.1185517], [131.9075925, 43.1185849]], [[131.9075925, 43.1185849], [131.9079088, 43.118605], [131.9080101, 43.118608], [131.9081077, 43.118604]], [[131.9081077, 43.118604], [131.908229, 43.1185832], [131.9083602, 43.1185591], [131.9083946, 43.1185509]], [[131.9129566, 43.1178518], [131.9137848, 43.1177477]], [[131.9106486, 43.1180776], [131.9111583, 43.1180125]], [[131.911531, 43.1179801], [131.9117494, 43.117964]], [[131.9104801, 43.1181057], [131.9106486, 43.1180776]], [[131.9047171, 43.1185047], [131.9054463, 43.1184928], [131.9058766, 43.118495], [131.9062639, 43.1185073], [131.9066798, 43.1185317], [131.9070424, 43.1185517]], [[131.9025948, 43.1181285], [131.9026278, 43.1181403], [131.9030108, 43.1182771], [131.9032216, 43.1183334], [131.9037319, 43.1184445], [131.9039304, 43.1184773], [131.9040283, 43.1184867]], [[131.9004098, 43.1164969], [131.9006076, 43.1165423], [131.9007309, 43.1165776]], [[131.8989621, 43.1162528], [131.8987652, 43.1162217]], [[131.8990666, 43.1162666], [131.8989621, 43.1162528]], [[131.8993286, 43.1163039], [131.8992962, 43.1162981], [131.8990666, 43.1162666]], [[131.9003429, 43.1164885], [131.8993286, 43.1163039]], [[131.9019082, 43.1160494], [131.9017932, 43.1161089], [131.9015684, 43.116219], [131.901556, 43.116225], [131.9015174, 43.1162439], [131.901323, 43.1163203], [131.9011284, 43.1163836], [131.9008018, 43.116463], [131.9006129, 43.1164923]], [[131.9004098, 43.1164969], [131.9003429, 43.1164885]], [[131.9007309, 43.1165776], [131.9018328, 43.1168278]], [[131.9123068, 43.1179247], [131.9126147, 43.1178899]], [[131.9126147, 43.1178899], [131.9129566, 43.1178518]], [[131.9137848, 43.1177477], [131.9139606, 43.1177172]], [[131.9143659, 43.1176714], [131.9145746, 43.117656], [131.9147859, 43.1176573]], [[131.9147859, 43.1176573], [131.9149396, 43.1176653], [131.9150697, 43.1176732]], [[131.9150697, 43.1176732], [131.915128, 43.1176774], [131.9152945, 43.1176895], [131.9154567, 43.1177092]], [[131.9172062, 43.1180329], [131.9177269, 43.1181639], [131.9177574, 43.1181712]], [[131.9177574, 43.1181712], [131.9178358, 43.1181896], [131.9180893, 43.1182377], [131.918383, 43.1182836]], [[131.918383, 43.1182836], [131.9186797, 43.118311], [131.9189749, 43.1183248], [131.9192097, 43.1183371]], [[131.9193786, 43.1183442], [131.9195572, 43.118352]], [[131.9200468, 43.1183817], [131.9202966, 43.1184116], [131.9204877, 43.1184418]], [[131.9204877, 43.1184418], [131.92051, 43.1184458], [131.9205408, 43.118452]], [[131.9209051, 43.1185249], [131.9211154, 43.1185722], [131.9212107, 43.1185994], [131.9213061, 43.1186369], [131.9213621, 43.1186697]], [[131.9195572, 43.118352], [131.9196849, 43.1183597], [131.9200468, 43.1183817]], [[131.9205408, 43.118452], [131.9209051, 43.1185249]], [[131.9113758, 43.1179918], [131.911531, 43.1179801]], [[131.9111583, 43.1180125], [131.9113758, 43.1179918]], [[131.9040283, 43.1184867], [131.9042708, 43.1185053], [131.9045015, 43.1185083], [131.9047171, 43.1185047]], [[131.908644, 43.1184915], [131.9088151, 43.1184534]], [[131.9088151, 43.1184534], [131.9090367, 43.1184034]], [[131.9083946, 43.1185509], [131.9085354, 43.1185174], [131.908644, 43.1184915]], [[131.9090367, 43.1184034], [131.9090757, 43.1183946]], [[131.9090757, 43.1183946], [131.9097377, 43.1182519]], [[131.9097377, 43.1182519], [131.9098183, 43.118235], [131.9104801, 43.1181057]]]}}, {"type": "Feature", "properties": {"name": "улица Суханова", "part": "mainland", "theme": "person", "descr": "https://t.me/vvtopo/177"}, "geometry": {"type": "MultiLineString", "coordinates": [[[131.8996597, 43.1176086], [131.8994037, 43.1174642], [131.8988121, 43.1172144], [131.8984254, 43.1171069], [131.8981967, 43.1170538], [131.8976602, 43.1169927]], [[131.8996597, 43.1176086], [131.8998968, 43.1176852], [131.9002235, 43.1177523], [131.9003904, 43.1177719], [131.9006193, 43.1178089]], [[131.8962471, 43.1168151], [131.8959264, 43.1168632]], [[131.8941569, 43.1172041], [131.8941329, 43.1172099]], [[131.8948013, 43.1170713], [131.8941569, 43.1172041]], [[131.8923009, 43.1175917], [131.8922151, 43.1176115]], [[131.8932452, 43.1173956], [131.8932089, 43.1174041]], [[131.8922151, 43.1176115], [131.8919952, 43.1176597]], [[131.8950653, 43.117019], [131.8948013, 43.1170713]], [[131.8966434, 43.1168198], [131.8965732, 43.1168138]], [[131.8908983, 43.1178253], [131.8912735, 43.1177933]], [[131.8970472, 43.1169113], [131.8967289, 43.1168333], [131.8966434, 43.1168198]], [[131.8912735, 43.1177933], [131.8914843, 43.117754]], [[131.8941329, 43.1172099], [131.8936084, 43.1173192]], [[131.8912735, 43.1177933], [131.8910051, 43.1179366], [131.8909623, 43.1179506]], [[131.8974793, 43.1169753], [131.8972798, 43.116962]], [[131.8926408, 43.1175253], [131.8923009, 43.1175917]], [[131.8965732, 43.1168138], [131.8964404, 43.1168068], [131.8962471, 43.1168151]], [[131.8976602, 43.1169927], [131.8974793, 43.1169753]], [[131.8959264, 43.1168632], [131.8954865, 43.1169399], [131.8950653, 43.117019]], [[131.8928808, 43.1174749], [131.8926408, 43.1175253]], [[131.8933559, 43.1173707], [131.8932452, 43.1173956]], [[131.9047759, 43.1186283], [131.9049172, 43.1186224], [131.9051086, 43.1186674], [131.9052658, 43.1187053], [131.9055407, 43.1187778], [131.905628, 43.1187901], [131.9056815, 43.1187882], [131.905746, 43.1188166], [131.9058533, 43.1188586], [131.9059544, 43.1188722], [131.9061677, 43.1189052], [131.9065036, 43.118955], [131.9065994, 43.1190067], [131.9066888, 43.1190369], [131.9068013, 43.1190591], [131.9069178, 43.1190811], [131.9070509, 43.1190965], [131.9071989, 43.1191156], [131.907263, 43.1191203], [131.9073134, 43.1191273], [131.9074874, 43.1191215], [131.9075927, 43.1191221], [131.9076669, 43.1191237], [131.9077197, 43.1191191]], [[131.8919952, 43.1176597], [131.8914843, 43.117754]], [[131.893051, 43.1174396], [131.8928808, 43.1174749]], [[131.8932089, 43.1174041], [131.893051, 43.1174396]], [[131.8972798, 43.116962], [131.8970472, 43.1169113]], [[131.8936084, 43.1173192], [131.8933559, 43.1173707]]]}}, {"type": "Feature", "properties": {"name": "Уткинская улица", "part": "mainland", "theme": "person", "descr": "В списке 1924 — Уткина"}, "geometry": {"type": "MultiLineString", "coordinates": [[[131.8851617, 43.123739], [131.885246, 43.1237228], [131.8861376, 43.1235512], [131.8861531, 43.1235482], [131.8865574, 43.1234704], [131.8869419, 43.1233964], [131.8870179, 43.1233817], [131.8871254, 43.123361], [131.8872932, 43.1233288], [131.8876832, 43.1232537], [131.8877407, 43.1232426], [131.8878168, 43.123228], [131.8880394, 43.1231851], [131.8881431, 43.1231652], [131.8881812, 43.1231577]], [[131.8889508, 43.1229948], [131.8889604, 43.122993], [131.8892299, 43.1229415], [131.8894105, 43.122907], [131.8894401, 43.1229013], [131.8895049, 43.1228889], [131.889689, 43.1228538], [131.8898811, 43.1228171], [131.8901027, 43.1227747], [131.8901364, 43.1227683], [131.8901902, 43.122758], [131.890517, 43.1226956], [131.8906818, 43.1226641], [131.8907349, 43.122654], [131.8909186, 43.1226189], [131.891318, 43.1225426], [131.8913991, 43.1225271], [131.8916442, 43.1224803], [131.891704, 43.1224688], [131.8918081, 43.1224489], [131.8919387, 43.122424]], [[131.8934931, 43.1223831], [131.8934897, 43.1223246], [131.8934928, 43.1222879], [131.8935084, 43.1222476], [131.8935292, 43.1222074], [131.8935326, 43.1221625], [131.8935433, 43.1220881], [131.8935634, 43.1220097], [131.8935594, 43.1219623], [131.8935842, 43.1219094], [131.8936126, 43.1218811], [131.8936301, 43.1218609], [131.8936399, 43.1218523], [131.8936646, 43.1218345], [131.8936998, 43.1218149], [131.8938188, 43.1217763], [131.8938424, 43.1217571], [131.8938578, 43.121732], [131.8938531, 43.1217121], [131.8938618, 43.1216828], [131.893896, 43.1215574], [131.893947, 43.1215213], [131.8939967, 43.1214947], [131.8941066, 43.1214486], [131.8941583, 43.1214362], [131.8942116, 43.1214309], [131.8942662, 43.121397], [131.8943357, 43.1213612], [131.8945934, 43.1212548], [131.8947992, 43.1211859], [131.894871, 43.1211521], [131.8949109, 43.121123], [131.8949662, 43.1209697], [131.8949741, 43.1209229], [131.8949734, 43.1208424], [131.8949798, 43.1206479]]]}}, {"type": "Feature", "properties": {"name": "Хабаровская улица", "part": "mainland", "theme": "place", "descr": "http://wikimapia.org/street/1135996/ru/%D0%A5%D0%B0%D0%B1%D0%B0%D1%80%D0%BE%D0%B2%D1%81%D0%BA%D0%B0%D1%8F-%D1%83%D0%BB"}, "geometry": {"type": "MultiLineString", "coordinates": [[[131.8999404, 43.1342236], [131.899894, 43.1342271], [131.8997887, 43.1342438], [131.8994543, 43.1343233], [131.8992286, 43.1343785], [131.8989095, 43.1344596], [131.8986628, 43.1345269], [131.8983554, 43.1346075], [131.8982076, 43.1346499], [131.8981572, 43.1346639], [131.8980726, 43.1346866], [131.8970792, 43.1349434], [131.8961183, 43.1352051], [131.896063, 43.1352197]], [[131.8904841, 43.1331261], [131.8905191, 43.1331523], [131.8906204, 43.1332652], [131.8907203, 43.1333885], [131.890921, 43.133596], [131.8911265, 43.1338295], [131.8914964, 43.1343131], [131.8915493, 43.1343822], [131.891615, 43.134465], [131.8918, 43.134617], [131.8919586, 43.1346902], [131.8923755, 43.1347752], [131.8927198, 43.1348462], [131.894254, 43.1351002], [131.8946227, 43.1351725], [131.8948539, 43.1352025]], [[131.8904841, 43.1331261], [131.8904197, 43.1330435], [131.8903634, 43.1329572], [131.8903183, 43.1328847], [131.8902881, 43.1328009], [131.8902792, 43.1327755], [131.8902385, 43.1325987], [131.8902145, 43.1324145], [131.8902138, 43.1324033], [131.8902111, 43.1323189], [131.8902308, 43.1322547], [131.8902707, 43.1321821], [131.8903345, 43.1320888], [131.8904461, 43.1319553], [131.8905201, 43.1318957], [131.8907362, 43.131674], [131.8909667, 43.1314452], [131.8911293, 43.1312898], [131.8911982, 43.1312196], [131.8913335, 43.131085], [131.8914203, 43.1310056], [131.8915206, 43.1309149], [131.8916227, 43.1308253], [131.8916566, 43.1307984], [131.8918529, 43.1306797], [131.8918707, 43.1306672], [131.8921342, 43.1305187], [131.892227, 43.1304692], [131.8923844, 43.1303968], [131.8925639, 43.1303122], [131.8926045, 43.1302945], [131.8927468, 43.1302304]], [[131.8948539, 43.1352025], [131.8941453, 43.1351809], [131.8926951, 43.1349449], [131.8921775, 43.1348486], [131.8919851, 43.1348081], [131.8918099, 43.1347524], [131.8917271, 43.1347065], [131.891647, 43.1346475], [131.8914376, 43.1344204], [131.8908246, 43.1336147], [131.8905092, 43.1331817], [131.8904841, 43.1331261]], [[131.8956385, 43.1352601], [131.8955821, 43.1352569], [131.8953531, 43.1352467], [131.8951638, 43.1352341], [131.8951152, 43.1352318], [131.8950258, 43.1352238], [131.8948863, 43.1352076], [131.8948539, 43.1352025]], [[131.896063, 43.1352197], [131.8958059, 43.1352491], [131.8956385, 43.1352601]]]}}, {"type": "Feature", "properties": {"name": "улица Гоголя", "part": "mainland", "theme": "person", "descr": "Образована 3 (18) декабря 1907 г."}, "geometry": {"type": "MultiLineString", "coordinates": [[[131.9071494, 43.1266906], [131.9070742, 43.126569]], [[131.9037999, 43.1216629], [131.9037022, 43.1215734], [131.9035495, 43.1213678], [131.9033657, 43.1212197], [131.9033327, 43.121201], [131.903267, 43.1211751], [131.9024676, 43.1208597], [131.9024024, 43.1208351], [131.9023863, 43.1208287], [131.9022051, 43.1207575], [131.901652, 43.1205399]], [[131.9004301, 43.1200924], [131.9002859, 43.1200391], [131.8996091, 43.1197659], [131.8994384, 43.1196993], [131.899412, 43.1196829], [131.8993731, 43.1196519], [131.8993476, 43.1196133], [131.8993312, 43.1195107]], [[131.9070742, 43.126569], [131.9070179, 43.1264912], [131.9068958, 43.1263377]], [[131.9062099, 43.125336], [131.9059908, 43.1249844], [131.9055017, 43.1242079], [131.9054874, 43.1241885], [131.9053122, 43.1239131], [131.9049893, 43.1233888], [131.9048661, 43.1231971], [131.904773, 43.1230498], [131.9046511, 43.1228748], [131.9045365, 43.1227134], [131.904468, 43.1226148]], [[131.9006897, 43.1201868], [131.9005742, 43.1201421], [131.900465, 43.1201055], [131.9004301, 43.1200924]], [[131.904468, 43.1226148], [131.9038901, 43.1218142], [131.9037999, 43.1216629]], [[131.901652, 43.1205399], [131.9015308, 43.120498], [131.9014385, 43.1204641], [131.9011531, 43.1203546], [131.9006897, 43.1201868]], [[131.9068958, 43.1263377], [131.9067355, 43.1261], [131.9065075, 43.1257771], [131.906386, 43.1256126]], [[131.906386, 43.1256126], [131.9063069, 43.1254924], [131.9062099, 43.125336]]]}}, {"type": "Feature", "properties": {"name": "улица Сабанеева", "part": "mainland", "theme": "person", "descr": "https://t.me/vvtopo/184"}, "geometry": {"type": "MultiLineString", "coordinates": [[[131.9534949, 43.1296267], [131.9534431, 43.1297232], [131.9534061, 43.1297967], [131.9533794, 43.1298639], [131.9533437, 43.1299893], [131.9533219, 43.1301378], [131.9533005, 43.1303523], [131.9532829, 43.1304276], [131.9531998, 43.130607], [131.9531768, 43.1306478], [131.9530817, 43.1307886], [131.9530305, 43.1308565], [131.9529211, 43.1309759], [131.9528407, 43.1310588], [131.9526914, 43.1311856]], [[131.9432312, 43.1297277], [131.9432521, 43.1297233], [131.9433838, 43.1297057], [131.9435772, 43.1297062], [131.943706, 43.1297178], [131.9438507, 43.1297308], [131.9440268, 43.1297928], [131.9441806, 43.1298772], [131.9445338, 43.1301444], [131.9446877, 43.1303315], [131.9448132, 43.1305658], [131.9449582, 43.1308523], [131.9454939, 43.1315266], [131.9455466, 43.131589], [131.945686, 43.1318073], [131.9457137, 43.1318551], [131.9459188, 43.1321923], [131.946038, 43.1321144], [131.946157, 43.1320246], [131.946399, 43.1318282], [131.9464559, 43.1317701], [131.9465277, 43.1316724], [131.9466095, 43.1315491], [131.9467239, 43.1313799], [131.9467743, 43.1313053], [131.946918, 43.1311341], [131.947132, 43.1309661], [131.9473489, 43.1308223], [131.9474622, 43.130767], [131.9475803, 43.130726], [131.9476191, 43.1307148], [131.9477035, 43.1306905], [131.9477842, 43.1306802], [131.9478285, 43.1306937], [131.9478653, 43.130717], [131.9479457, 43.1308842], [131.9480641, 43.1308746], [131.9487584, 43.130815], [131.9489562, 43.1307963], [131.9492243, 43.1307958], [131.9493033, 43.1308156], [131.9494037, 43.1308464], [131.9495491, 43.1309079], [131.9496757, 43.1309939], [131.9498677, 43.131116], [131.9500233, 43.131219], [131.9500698, 43.1312603], [131.9501906, 43.1313622], [131.9502735, 43.1314482], [131.9503703, 43.1315633], [131.9504726, 43.1317002], [131.9505148, 43.1317599], [131.9505534, 43.1318471], [131.9505668, 43.1319169], [131.9505911, 43.132077], [131.9505964, 43.1321882], [131.950606, 43.1323306], [131.9506032, 43.1323478], [131.9505846, 43.1323638], [131.9505658, 43.1323687], [131.9505443, 43.1323721], [131.9505188, 43.1323717], [131.9504833, 43.1323672], [131.9504383, 43.1323467], [131.9504008, 43.1322655]], [[131.9526914, 43.1311856], [131.9525391, 43.1312372], [131.9524218, 43.1312564], [131.9523066, 43.1312604], [131.9522193, 43.1312515], [131.9520892, 43.1312289], [131.951994, 43.1312094], [131.951883, 43.131175], [131.9517566, 43.1311233], [131.9516506, 43.1310552], [131.9514993, 43.130929], [131.9513574, 43.1307948], [131.9513256, 43.130761], [131.9512255, 43.1306633], [131.9511116, 43.1305488], [131.9508755, 43.1303168], [131.9507749, 43.1302229], [131.9504232, 43.1299545], [131.9503572, 43.1299114], [131.9500977, 43.129737], [131.9499971, 43.1296856], [131.9498708, 43.129631], [131.9495909, 43.1295292], [131.9492573, 43.1294333], [131.9490932, 43.1293948], [131.9488879, 43.1293673], [131.9486896, 43.1293626], [131.9484615, 43.1293733], [131.9479531, 43.1294119], [131.9475, 43.1294673], [131.9474224, 43.1294838], [131.9473002, 43.1295148], [131.9471613, 43.1295585], [131.9471, 43.1295821], [131.9468442, 43.1296953], [131.9463935, 43.1299189], [131.9463454, 43.1299402], [131.9461694, 43.1300223], [131.9459966, 43.1301016], [131.9459517, 43.1301193], [131.9457021, 43.1302074], [131.9455933, 43.1302198], [131.94549, 43.1302118], [131.9453941, 43.1301767], [131.9453033, 43.1301296], [131.9450562, 43.1298564], [131.9448368, 43.1296167], [131.944394, 43.129168], [131.9442479, 43.1290277], [131.9441442, 43.1289712], [131.9440567, 43.1289523], [131.9439522, 43.1289522], [131.943871, 43.1289668], [131.9437913, 43.1289896], [131.9437024, 43.1290449], [131.9436318, 43.1291084], [131.9434187, 43.1294184], [131.9432312, 43.1297277], [131.9429984, 43.1298316], [131.9429181, 43.1298674], [131.9427175, 43.129957], [131.942421, 43.1300893], [131.9423417, 43.1301247], [131.941924, 43.1303112], [131.9418628, 43.1303385]], [[131.9418628, 43.1303385], [131.9417062, 43.1304084], [131.9416251, 43.1304452]], [[131.9534949, 43.1296267], [131.9535144, 43.1295886], [131.9535322, 43.1295572]]]}}, {"type": "Feature", "properties": {"name": "улица Лоскутова", "part": "mainland", "theme": "person", "descr": "Постановление администрации г. Владивостока от 08.04.2016 N 1063"}, "geometry": {"type": "MultiLineString", "coordinates": [[[131.9484964, 43.1396238], [131.9485024, 43.1397079], [131.9485125, 43.1397812], [131.9485232, 43.139844], [131.9485408, 43.1399262], [131.9486069, 43.1402126], [131.9488567, 43.1409781], [131.9489526, 43.1412241], [131.9490394, 43.141414], [131.9492271, 43.141749], [131.9494412, 43.1420684], [131.949912, 43.1426782], [131.9500883, 43.1429293], [131.9503173, 43.1432306], [131.9504781, 43.1434096], [131.9506384, 43.1435435], [131.9509529, 43.1437608], [131.9511901, 43.1439344], [131.9513608, 43.1440558]], [[131.9483574, 43.1390005], [131.9483759, 43.139067]], [[132.2003582, 43.2270457], [132.2010393, 43.2268875], [132.2013307, 43.2268268], [132.2014703, 43.2268128], [132.2016212, 43.2268261], [132.2017345, 43.2268751], [132.2018505, 43.2269528], [132.2019397, 43.2270551], [132.2019912, 43.2271714], [132.2020684, 43.2272838], [132.2021844, 43.2273793], [132.2023107, 43.2274852], [132.2025968, 43.2275882], [132.2026665, 43.2276184], [132.2034433, 43.2279401], [132.2035529, 43.2279885], [132.2038697, 43.2280925], [132.2039606, 43.2281177], [132.2041182, 43.2281402], [132.2043558, 43.2281315], [132.204653, 43.2281197], [132.2051948, 43.2281197], [132.2052672, 43.2281176], [132.2055474, 43.2281093]], [[131.9526857, 43.1451801], [131.9527875, 43.1452797], [131.9528584, 43.1453491], [131.9529408, 43.1454455], [131.953067, 43.1456473], [131.9531196, 43.1457878], [131.9531984, 43.1460347], [131.9532444, 43.1461985], [131.9532941, 43.1463909], [131.9533753, 43.1467412], [131.9534, 43.1468639], [131.9534002, 43.1471654], [131.9533919, 43.1473136], [131.9533712, 43.1474747], [131.9533184, 43.147644], [131.9532402, 43.1478241], [131.9531266, 43.1480785], [131.9529787, 43.1484198], [131.9529038, 43.1486048], [131.9528648, 43.1487054], [131.9528252, 43.1488126]], [[131.9483759, 43.139067], [131.9484282, 43.1391083], [131.9484338, 43.1391437], [131.9484601, 43.1393277], [131.9484769, 43.1394492], [131.9484964, 43.1396238]], [[131.9513608, 43.1440558], [131.9519046, 43.1444734], [131.9521534, 43.1446877], [131.9522271, 43.1447466], [131.9526857, 43.1451801]], [[131.952576, 43.1452208], [131.9524834, 43.1451323], [131.9523076, 43.1449643], [131.9521194, 43.1447862], [131.9517007, 43.1444325], [131.9512583, 43.1440934], [131.9507323, 43.1437145], [131.9504247, 43.143489], [131.9498851, 43.1427824], [131.9495787, 43.1423854], [131.9492692, 43.1419697], [131.9490529, 43.1416108], [131.9488059, 43.1411122], [131.9486786, 43.1407724], [131.9485116, 43.1402392], [131.9485024, 43.1402096], [131.9484211, 43.1398241], [131.948408, 43.1397068], [131.9483614, 43.1393635], [131.9483589, 43.1393253], [131.9483472, 43.1391458], [131.9483469, 43.1391133], [131.9483759, 43.139067]], [[131.9528865, 43.1484013], [131.9530255, 43.1480706], [131.9532529, 43.1475466], [131.9532914, 43.1473792], [131.9533081, 43.1472375], [131.9533048, 43.1470946], [131.9532992, 43.146889], [131.9532789, 43.1467446], [131.9531665, 43.1463338], [131.953117, 43.1461344], [131.9530213, 43.1458139], [131.9529486, 43.1456367], [131.9528802, 43.1455314], [131.9527873, 43.1454171], [131.952576, 43.1452208]], [[131.9527295, 43.1488046], [131.9528865, 43.1484013]]]}}, {"type": "Feature", "properties": {"name": "Кронштадтская улица", "part": "mainland", "theme": "place", "descr": "Постановление администрации города Владивостока от 15.12.2017 №3026"}, "geometry": {"type": "MultiLineString", "coordinates": [[[131.8393071, 42.9718157], [131.8389779, 42.9719644], [131.8387813, 42.9720714], [131.8382861, 42.9724538], [131.838151, 42.9725929], [131.8380069, 42.9727621], [131.8376872, 42.9730017], [131.8362303, 42.9738227], [131.8348591, 42.974617], [131.8343763, 42.9748891], [131.8340121, 42.9750868], [131.8336045, 42.9752407], [131.8332831, 42.9753039], [131.8327236, 42.9754018], [131.831995, 42.9754308], [131.8314741, 42.9754681], [131.8307017, 42.9755152], [131.8298518, 42.9756759], [131.8295621, 42.9757633], [131.828679, 42.9760486], [131.8283839, 42.9761308], [131.8277916, 42.9762287], [131.8274678, 42.9762975], [131.8271366, 42.9763998], [131.8270121, 42.9764608], [131.8268695, 42.9765307], [131.8263472, 42.9768392], [131.826144, 42.9770094], [131.825897, 42.9774239], [131.8258124, 42.9776494], [131.8256989, 42.9778759], [131.8253696, 42.9785327], [131.8252896, 42.978633], [131.8251796, 42.978731], [131.8249544, 42.9789009], [131.8248858, 42.9789866], [131.8248344, 42.9790342], [131.8246288, 42.9791708], [131.8244253, 42.9792894], [131.824195, 42.9794502], [131.8240769, 42.9795596], [131.8238485, 42.9798893], [131.8237719, 42.980032], [131.8236673, 42.9801896], [131.8235026, 42.98033], [131.8230664, 42.9805827], [131.8226423, 42.9808742], [131.8224378, 42.9810484], [131.8222633, 42.9812681], [131.8220825, 42.9814673], [131.8209376, 42.9823513], [131.8207171, 42.9824633], [131.8204666, 42.9825188], [131.8201533, 42.9825395], [131.819195, 42.9824457], [131.818958, 42.9824494], [131.8187873, 42.9825346], [131.818303, 42.9829293], [131.8181627, 42.9830888], [131.818096, 42.9833196], [131.8180777, 42.9835599], [131.8180806, 42.9837826], [131.8181261, 42.9839844], [131.8182438, 42.9841408], [131.8183798, 42.984285], [131.8185057, 42.9844463], [131.8186949, 42.9847679], [131.8187527, 42.9849357], [131.8187339, 42.9851138], [131.8186406, 42.9852885], [131.8185074, 42.985494], [131.8183798, 42.9857235], [131.8182735, 42.9859485], [131.8181981, 42.9861491], [131.8182086, 42.9863587], [131.8184132, 42.9868134], [131.8184125, 42.9871975], [131.8183082, 42.987433], [131.8180463, 42.9880247], [131.8179592, 42.9882431], [131.8178682, 42.9884388], [131.8177444, 42.9886146], [131.8175537, 42.9887547], [131.8173167, 42.9888367], [131.8167616, 42.9889337], [131.8164663, 42.9890026], [131.8162042, 42.9891062], [131.8158376, 42.9893696], [131.8156263, 42.989442], [131.8153851, 42.9894812], [131.8148662, 42.9895979], [131.8145906, 42.9896403], [131.8143266, 42.9896958], [131.8140867, 42.9897942], [131.8139004, 42.9899557], [131.8137201, 42.9901578], [131.813295, 42.9905529], [131.8131189, 42.9907928], [131.8129298, 42.9909991], [131.8127764, 42.9912159], [131.8126232, 42.9914584], [131.812461, 42.9916888], [131.8121517, 42.9920879], [131.8120995, 42.9922198], [131.8120145, 42.9923317]], [[131.8718487, 42.9822348], [131.8723504, 42.9819388], [131.8726386, 42.9818044], [131.8728585, 42.9817342], [131.8730196, 42.9817094], [131.8732405, 42.9817043], [131.8734426, 42.9817271], [131.8736541, 42.9817709], [131.8747326, 42.9820513], [131.8752452, 42.9822127], [131.8758041, 42.9824312], [131.8765116, 42.9827704], [131.8769658, 42.9830196], [131.8772016, 42.9831821], [131.8774032, 42.9833429], [131.8776012, 42.9835184], [131.8777826, 42.9836873], [131.8779422, 42.9837743], [131.8781901, 42.9838397], [131.8791036, 42.9839066], [131.8792894, 42.9838895], [131.8794584, 42.9838443], [131.8796446, 42.9837699], [131.8799467, 42.9836049], [131.880581, 42.9832729], [131.8812672, 42.9829761], [131.8815893, 42.9828931], [131.881945, 42.9828421], [131.882187, 42.9828332], [131.8823838, 42.9828047], [131.8824951, 42.9827347], [131.8825422, 42.9826599], [131.8825528, 42.9825789], [131.8825359, 42.9824755], [131.8825024, 42.9823751]], [[131.8417767, 42.970785], [131.8429278, 42.9702245], [131.8430988, 42.9701508], [131.8433525, 42.9701015], [131.843536, 42.970125], [131.843768, 42.9702096], [131.8442642, 42.9704678], [131.8448302, 42.9707555], [131.8454797, 42.9711931], [131.8459297, 42.971514], [131.8467075, 42.9719903]], [[131.8526489, 42.9795711], [131.8528363, 42.9799062], [131.8528518, 42.9800212], [131.8528455, 42.9801862], [131.8527947, 42.9805381], [131.8527454, 42.9807351], [131.8526417, 42.9809735], [131.8525441, 42.9811117], [131.8524986, 42.9811762], [131.8523135, 42.981374], [131.8521413, 42.9815943], [131.8520595, 42.9817715], [131.8520593, 42.9819497], [131.8521346, 42.9821676], [131.8523039, 42.9824663], [131.8526102, 42.9829637], [131.8527269, 42.9832523], [131.852758, 42.9835983], [131.8528861, 42.9838524], [131.8532305, 42.9843891]], [[131.8495248, 42.9726842], [131.8496011, 42.9727238], [131.8501627, 42.9730125], [131.8506748, 42.9733302], [131.8511152, 42.9735866], [131.8512374, 42.973711], [131.8513067, 42.9738636], [131.8512902, 42.9740551], [131.8512582, 42.9742365], [131.8512143, 42.974319], [131.8510995, 42.9744218], [131.8505796, 42.9746304], [131.8504288, 42.9746624], [131.8503931, 42.9746584], [131.8502276, 42.9746396], [131.8497772, 42.9744694], [131.8495265, 42.9744542], [131.8493255, 42.9745332], [131.8491294, 42.9746727], [131.8489988, 42.9747594], [131.8488884, 42.97485], [131.8488107, 42.9749537], [131.8487713, 42.9750828], [131.8487756, 42.9753326], [131.8488397, 42.975642], [131.8489317, 42.975801]], [[131.8489317, 42.975801], [131.8490645, 42.9759536], [131.8493476, 42.976243], [131.8496814, 42.9766355]], [[131.8496814, 42.9766355], [131.850042, 42.9769859], [131.8502634, 42.9772821], [131.850399, 42.9774145], [131.8505604, 42.9775224], [131.8505993, 42.9775468]], [[131.8551817, 42.9853272], [131.8554463, 42.9854462], [131.8556947, 42.9855204], [131.8559773, 42.9855658], [131.8564688, 42.9855442], [131.8569837, 42.9854975], [131.8571642, 42.9855008], [131.857402, 42.9855141], [131.857826, 42.9856125], [131.8580258, 42.9856904], [131.8582473, 42.9857586], [131.8585728, 42.9858259], [131.8589505, 42.985875], [131.859307, 42.9858924], [131.85965, 42.9858483], [131.8600298, 42.9857896], [131.8603014, 42.9858035], [131.8605228, 42.9858366], [131.8607635, 42.9858536], [131.8610012, 42.9858227], [131.8612378, 42.985732], [131.8615161, 42.9854994], [131.8618165, 42.9853085], [131.8619347, 42.9852455], [131.8620969, 42.9851982], [131.8622541, 42.9851751], [131.8624136, 42.9851615], [131.8625692, 42.985158], [131.8627394, 42.9851871], [131.8628974, 42.9852455], [131.8630313, 42.9853117], [131.863243, 42.9854642], [131.863439, 42.9856229], [131.8635347, 42.9857117], [131.8636361, 42.9857765], [131.8637966, 42.9858248], [131.863929, 42.9858159], [131.8640434, 42.9857532], [131.8642481, 42.9855907], [131.8643782, 42.9853486], [131.8644279, 42.9852076], [131.8644286, 42.9850544], [131.8643698, 42.9849068], [131.8642542, 42.984751], [131.8638339, 42.9842687], [131.8636927, 42.9840864], [131.8636227, 42.9839144], [131.8636126, 42.9837611], [131.8636196, 42.9835303], [131.863699, 42.9832828], [131.8638602, 42.9830459], [131.8641004, 42.9828735], [131.8642877, 42.982795], [131.864518, 42.9827487], [131.865158, 42.9827597], [131.8663208, 42.9828077], [131.8680428, 42.9828686], [131.8684409, 42.9828875], [131.8687292, 42.9828749], [131.868943, 42.9828253], [131.8692245, 42.9826751], [131.8697119, 42.9824684], [131.870043, 42.9824353]], [[131.8069952, 43.0010701], [131.8071387, 43.0010767], [131.8074328, 43.0010902], [131.8077792, 43.001033], [131.8080662, 43.0009186], [131.8090151, 43.0003425], [131.8112964, 42.9991092], [131.8117004, 42.9988974], [131.8118728, 42.998807], [131.8121034, 42.9985986], [131.8122102, 42.998452], [131.8132141, 42.997219], [131.8138771, 42.9964185], [131.813974, 42.9960117], [131.8140098, 42.9956236], [131.8139012, 42.9952784], [131.8137297, 42.9951072], [131.8134604, 42.9948655]], [[131.8069144, 43.0010713], [131.8069952, 43.0010701]], [[131.8120145, 42.9923317], [131.8122954, 42.9928138], [131.8126598, 42.9936896], [131.8129272, 42.9942576], [131.8131722, 42.9946878], [131.8134604, 42.9948655]], [[131.870043, 42.9824353], [131.8703464, 42.9824544], [131.8710335, 42.9824228], [131.8713544, 42.9823893], [131.871514, 42.9823422], [131.8718487, 42.9822348]], [[131.8467075, 42.9719903], [131.8470255, 42.9721278], [131.8470866, 42.972137], [131.8473484, 42.9721762], [131.8479973, 42.9722133], [131.8483014, 42.9722285], [131.8485962, 42.9722967], [131.8488131, 42.9723754]], [[131.8488131, 42.9723754], [131.8491853, 42.9725104], [131.8493112, 42.9725733], [131.8495248, 42.9726842]], [[131.8393071, 42.9718157], [131.8400746, 42.971492], [131.8410084, 42.9710864], [131.8417767, 42.970785]], [[131.8532718, 42.9844548], [131.8534168, 42.9846341], [131.8536078, 42.9847717], [131.8537756, 42.9848624], [131.8539792, 42.9849438], [131.8551817, 42.9853272]], [[131.8532305, 42.9843891], [131.8532718, 42.9844548]]]}}, {"type": "Feature", "properties": {"name": "Корабельная набережная", "part": "mainland", "theme": "ship", "descr": "до этого Адмиральская наб."}, "geometry": {"type": "MultiLineString", "coordinates": [[[131.8843306, 43.1149159], [131.8844416, 43.1148095], [131.8844992, 43.1147579], [131.8845611, 43.1147157], [131.884647, 43.1146584], [131.8847544, 43.1146011], [131.8849266, 43.114525], [131.8851271, 43.1144402]], [[131.8842397, 43.1173705], [131.8842964, 43.1171417]], [[131.8851271, 43.1144402], [131.8854436, 43.1143364], [131.886169, 43.1141994], [131.8867731, 43.1140994], [131.8875727, 43.1139646], [131.8882956, 43.1138016], [131.8883285, 43.1137935], [131.8888031, 43.1136686], [131.8896963, 43.1134532], [131.8901867, 43.1133349], [131.8914844, 43.1129921], [131.8920737, 43.1128495], [131.8921378, 43.1128331], [131.8922475, 43.1128339]], [[131.8928973, 43.112707], [131.8931289, 43.1126715], [131.893464, 43.1126213], [131.8939429, 43.1125952], [131.8941404, 43.112602], [131.8947052, 43.1126743], [131.8949264, 43.1127045], [131.8959201, 43.1128551], [131.8969026, 43.1129997], [131.8978254, 43.1131225]], [[131.8842397, 43.1173705], [131.8842093, 43.1174926], [131.8841128, 43.1178371], [131.8840297, 43.1180662], [131.8839015, 43.1182887]], [[131.8922475, 43.1128339], [131.8921588, 43.1128835], [131.8915102, 43.1130448], [131.8902163, 43.1133933], [131.8897247, 43.1135169], [131.8888369, 43.11374], [131.8885113, 43.1138223], [131.8883487, 43.1138623], [131.8875994, 43.1140351], [131.8867933, 43.114184], [131.8854704, 43.1144131], [131.8851271, 43.1144402]], [[131.8922475, 43.1128339], [131.892608, 43.1127547], [131.8928973, 43.112707]], [[131.8978254, 43.1131225], [131.8980978, 43.1131631], [131.8982721, 43.1131954], [131.898333, 43.1132076], [131.89896, 43.1133333], [131.8999089, 43.1134984]]]}}, {"type": "Feature", "properties": {"name": "улица Лазо", "part": "mainland", "theme": "person", "descr": "бывшая Полтавская"}, "geometry": {"type": "MultiLineString", "coordinates": [[[131.8950158, 43.1156999], [131.8950689, 43.1158431], [131.8950975, 43.1159344], [131.8951096, 43.1159732], [131.8951317, 43.1160437], [131.8952445, 43.116404], [131.8953552, 43.1167574]], [[131.8933559, 43.1173707], [131.8934538, 43.1173076], [131.893542, 43.1172552], [131.8939175, 43.1170034]], [[131.8939175, 43.1170034], [131.8939432, 43.1169731], [131.8939604, 43.1169525], [131.8944633, 43.1163506], [131.8946752, 43.1161058], [131.8948951, 43.1158808], [131.8949716, 43.1157902], [131.8949917, 43.1157642], [131.8950037, 43.1157397], [131.8950158, 43.1156999]], [[131.8939175, 43.1170034], [131.893963, 43.1170773], [131.8939956, 43.1171178], [131.8940404, 43.1171546], [131.8940893, 43.1171859], [131.8941329, 43.1172099]], [[131.8950158, 43.1156999], [131.8950173, 43.1156583], [131.8949452, 43.1153369], [131.8949325, 43.1152879], [131.894889, 43.1151176], [131.8948707, 43.1150504], [131.8948521, 43.1149862], [131.8947783, 43.1147488], [131.8947629, 43.1147011], [131.8947293, 43.1145978], [131.8946853, 43.114462], [131.8945802, 43.1141516], [131.8945569, 43.1140799]]]}}, {"type": "Feature", "properties": {"name": "улица Терешковой", "part": "mainland", "theme": "person", "descr": "https://t.me/vvtopo/206"}, "geometry": {"type": "MultiLineString", "coordinates": [[[131.9139041, 43.0981283], [131.913805, 43.0986436]], [[131.9139041, 43.0981283], [131.913913, 43.09809], [131.9139608, 43.0978994], [131.9140099, 43.0977053], [131.9140959, 43.0973638], [131.9141436, 43.0971739], [131.9142269, 43.0968436], [131.9142806, 43.0966292], [131.9143524, 43.0963336], [131.9143881, 43.096187], [131.9144606, 43.0959133], [131.9145017, 43.0957354], [131.9144504, 43.0953491]], [[131.9135738, 43.0985205], [131.9136444, 43.0984805], [131.9137134, 43.0984237], [131.9137604, 43.0983717], [131.9139041, 43.0981283]], [[131.9186869, 43.0931731], [131.9185362, 43.0931582]], [[131.9185362, 43.0931582], [131.9182083, 43.0931686], [131.9181507, 43.0931731], [131.9180641, 43.0931777], [131.9176135, 43.0932004], [131.9175179, 43.0932203], [131.9173353, 43.0932582], [131.917289, 43.0932684], [131.9171919, 43.0933005], [131.9171066, 43.0933408], [131.9170248, 43.0933928], [131.9168518, 43.0935303], [131.9162624, 43.0940002], [131.9160201, 43.0942072], [131.9156377, 43.0945068]], [[131.9156377, 43.0945068], [131.9153101, 43.0947585], [131.9152778, 43.0947838], [131.9151579, 43.0948788], [131.9150942, 43.0949264], [131.91491, 43.0950539], [131.9148924, 43.0950638], [131.9146933, 43.0951809], [131.9145653, 43.0952626], [131.9144504, 43.0953491]]]}}, {"type": "Feature", "properties": {"name": "Кизлярская улица", "part": "mainland", "theme": "place", "descr": "https://t.me/vvtopo/176"}, "geometry": {"type": "MultiLineString", "coordinates": [[[131.9071852, 43.1015537], [131.9071849, 43.101582], [131.9071655, 43.1016061], [131.9071189, 43.1016337], [131.9068803, 43.1017203], [131.9065301, 43.1018401], [131.9062636, 43.1019432], [131.9061714, 43.1019838], [131.9060886, 43.1020143], [131.9060235, 43.1020409], [131.9058259, 43.1021016], [131.9057193, 43.1021257], [131.9056107, 43.1021515], [131.9053935, 43.1022063], [131.9053346, 43.1022198], [131.9050239, 43.1023046], [131.9047938, 43.1023661], [131.9045407, 43.1024475], [131.9044003, 43.102504], [131.9043206, 43.1025303], [131.9039359, 43.1026589], [131.9036106, 43.1027565], [131.9035068, 43.1027836], [131.9034672, 43.1027891], [131.9034003, 43.1027878], [131.9033347, 43.1027901], [131.9032516, 43.1027988], [131.9023331, 43.1030198], [131.9020303, 43.1030964], [131.9018817, 43.1031347], [131.9018279, 43.1031485]], [[131.900153, 43.1034332], [131.9000931, 43.103429], [131.8997378, 43.1034375], [131.8992475, 43.1034463]]]}}, {"type": "Feature", "properties": {"name": "Некрасовская улица", "part": "mainland", "theme": "person", "descr": "wikimapia"}, "geometry": {"type": "MultiLineString", "coordinates": [[[131.9115761, 43.1304705], [131.9115843, 43.130495], [131.9116632, 43.1307319], [131.911706, 43.130885]], [[131.9087638, 43.1246714], [131.9090403, 43.1248703], [131.9096236, 43.1252935], [131.910249, 43.1257472], [131.9106706, 43.126053], [131.9111234, 43.1263708], [131.9113685, 43.1265522], [131.9115087, 43.1266288], [131.9116258, 43.1266755], [131.9118394, 43.1267376]], [[131.9146376, 43.1290328], [131.9145851, 43.1290137], [131.9143921, 43.1290687], [131.9143753, 43.1290797], [131.9143666, 43.1290924], [131.9142684, 43.1292573], [131.914218, 43.1293269], [131.9141868, 43.12937], [131.9139586, 43.1295743], [131.9137973, 43.1297005], [131.9137792, 43.1297147], [131.9136187, 43.1298059], [131.9134533, 43.1298764], [131.9133702, 43.1299077], [131.9133229, 43.1299255], [131.9131424, 43.129973], [131.9129916, 43.1300079], [131.9129531, 43.1300154], [131.9126764, 43.1300695], [131.912562, 43.130089], [131.9123667, 43.1301218], [131.9120928, 43.1301584], [131.9119595, 43.1302192], [131.9119186, 43.1302347], [131.911897, 43.1302435]], [[131.9102019, 43.1271224], [131.9105242, 43.1277383], [131.9113712, 43.1299359], [131.9114488, 43.1301391]], [[131.9010365, 43.1181948], [131.9010608, 43.1182623], [131.9011064, 43.1183776], [131.9012676, 43.1185482], [131.9015721, 43.1188036], [131.9017398, 43.1189218], [131.9018403, 43.1189957], [131.9019096, 43.1190385], [131.9021806, 43.1191668], [131.9022849, 43.1192152], [131.902509, 43.1193079], [131.9029302, 43.1194822], [131.9029463, 43.1194924]], [[131.9125235, 43.1325788], [131.9124863, 43.1325036], [131.9124693, 43.1324666]], [[131.9087638, 43.1246714], [131.9088485, 43.1248459], [131.9092575, 43.1255143], [131.9092682, 43.1255335], [131.9093497, 43.1256642], [131.9095176, 43.1259405], [131.9098272, 43.1264738], [131.9101432, 43.1270212], [131.9102019, 43.1271224]], [[131.9034371, 43.1197103], [131.9035726, 43.1197612]], [[131.911706, 43.130885], [131.9118285, 43.1312159], [131.9121481, 43.1319248]], [[131.9114488, 43.1301391], [131.9115098, 43.1303039], [131.9115761, 43.1304705]], [[131.911897, 43.1302435], [131.9118364, 43.130275], [131.9116571, 43.1304129], [131.9115761, 43.1304705]], [[131.9113486, 43.1303219], [131.9112808, 43.1301194], [131.9110583, 43.1295183], [131.9109376, 43.1291908], [131.9105058, 43.1280527], [131.9103378, 43.1277306], [131.9103302, 43.127719], [131.910312, 43.1276904], [131.9102021, 43.1275133], [131.9100122, 43.1273054], [131.9098496, 43.1271539]], [[131.9098496, 43.1271539], [131.9096645, 43.1270936], [131.9093115, 43.1270017], [131.9091229, 43.1269704], [131.9089038, 43.126944], [131.9083405, 43.1269205], [131.9082477, 43.1269115], [131.9080835, 43.1268705], [131.908005, 43.1268466]], [[131.9052528, 43.1205646], [131.9053059, 43.1205951], [131.9054928, 43.1207102], [131.9057454, 43.1208935], [131.9061214, 43.1211899], [131.9061491, 43.121216], [131.9063376, 43.1213849], [131.9066696, 43.1216823], [131.9066897, 43.1217038], [131.9067584, 43.1217666], [131.9068143, 43.1218177], [131.9068536, 43.1218575], [131.9069586, 43.1219769], [131.9070373, 43.122087], [131.9070972, 43.1222004], [131.9071018, 43.122209], [131.9072125, 43.1225304], [131.9072301, 43.1225837], [131.9072532, 43.1226651], [131.9073379, 43.1229395], [131.9074195, 43.1231669], [131.9075348, 43.1234109], [131.9076266, 43.1235836], [131.9078975, 43.1239051], [131.9082754, 43.1242473], [131.9083184, 43.1242839], [131.9084478, 43.1243882], [131.9087122, 43.1246164], [131.9087638, 43.1246714]], [[131.9033391, 43.1196805], [131.9034371, 43.1197103]], [[131.9126144, 43.1327387], [131.9125235, 43.1325788]], [[131.9124693, 43.1324666], [131.9124486, 43.1324309], [131.9123746, 43.1322986], [131.9121859, 43.1319728], [131.9121481, 43.1319248]], [[131.9098496, 43.1271539], [131.9097221, 43.1270596], [131.9095785, 43.1269773], [131.9095384, 43.1269565], [131.9093505, 43.126897], [131.9091775, 43.1268618], [131.9088812, 43.1268227], [131.9077746, 43.1267619]], [[131.9077746, 43.1267619], [131.9075062, 43.1267452], [131.9071494, 43.1266906]], [[131.908005, 43.1268466], [131.9078753, 43.1268009], [131.9077746, 43.1267619]], [[131.9051757, 43.1205197], [131.9052528, 43.1205646]], [[131.9029463, 43.1194924], [131.9031068, 43.1195693], [131.9033391, 43.1196805]], [[131.9035726, 43.1197612], [131.9038488, 43.1198561], [131.9041887, 43.1200051], [131.9046774, 43.1202178], [131.9049027, 43.1203543], [131.9051757, 43.1205197]]]}}, {"type": "Feature", "properties": {"name": "улица Петра Великого", "part": "mainland", "theme": "person", "descr": "Изначально ул. Прудовая. Переименована 21.07.1909 г. в честь 200-летия Полтавской битвы"}, "geometry": {"type": "MultiLineString", "coordinates": [[[131.8924676, 43.1144757], [131.8924859, 43.1145274], [131.8926143, 43.1148888], [131.8928054, 43.1154271], [131.8928163, 43.1154577], [131.8928595, 43.1155799], [131.8929053, 43.1157091], [131.8929395, 43.1158053], [131.8929477, 43.1158285]], [[131.8921378, 43.1128331], [131.8921588, 43.1128835], [131.8921887, 43.1129575], [131.8921263, 43.1129921], [131.8922211, 43.1132231], [131.8922547, 43.113328], [131.8922951, 43.1134639], [131.8923067, 43.1135158], [131.8924179, 43.1138639], [131.8924222, 43.1138791]], [[131.8924222, 43.1138791], [131.8924323, 43.1139186], [131.8924406, 43.113954]], [[131.8924406, 43.113954], [131.8924592, 43.1140368], [131.8925358, 43.1143241], [131.8925505, 43.1143684]], [[131.8923121, 43.1129909], [131.8922799, 43.1129129], [131.8922475, 43.1128339]], [[131.8929477, 43.1158285], [131.8929745, 43.115906], [131.8931664, 43.116403]]]}}, {"type": "Feature", "properties": {"name": "Казанская улица", "part": "mainland", "theme": "place", "descr": "https://t.me/vvtopo/177"}, "geometry": {"type": "MultiLineString", "coordinates": [[[131.8619369, 43.0955159], [131.8619841, 43.0954659], [131.8624654, 43.0950033], [131.8626424, 43.0948341], [131.8627473, 43.0947413], [131.8628524, 43.0946437], [131.863156, 43.0943075], [131.8632262, 43.094172], [131.8632393, 43.0940851]], [[131.8613158, 43.0963554], [131.8613981, 43.0961665], [131.8614508, 43.0960461], [131.8615039, 43.0959665], [131.8615837, 43.095866], [131.8616773, 43.0957627]], [[131.8616773, 43.0957627], [131.8619369, 43.0955159]]]}}, {"type": "Feature", "properties": {"name": "улица Фадеева", "part": "mainland", "theme": "person", "descr": "прежде – Беговая (https://t.me/ochkuryvl/3626)"}, "geometry": {"type": "MultiLineString", "coordinates": [[[131.9392367, 43.1074681], [131.9393428, 43.1074636], [131.9393722, 43.1074616], [131.9394962, 43.1074469], [131.9396299, 43.1074269], [131.9397016, 43.1074159], [131.939817, 43.1073998], [131.9401128, 43.1073624], [131.9404807, 43.1073208], [131.9405668, 43.1073111], [131.9406774, 43.1072927], [131.940807, 43.1072555], [131.9410723, 43.1071682], [131.9413201, 43.1070635], [131.9415307, 43.1069558], [131.9418183, 43.1067674], [131.9425558, 43.1062504], [131.9427786, 43.1061018], [131.9429351, 43.1059977], [131.9432571, 43.1057839], [131.9436018, 43.1055496], [131.9439766, 43.1053236], [131.9445194, 43.1050188], [131.9446892, 43.1049314], [131.9454407, 43.1045752], [131.9455691, 43.1045127], [131.9457039, 43.1044473]], [[131.9749585, 43.0980738], [131.9754078, 43.0981483], [131.9755045, 43.0981676], [131.9762602, 43.0983181], [131.9768848, 43.0984433], [131.9770193, 43.0984701], [131.9771993, 43.0985061], [131.9772895, 43.0985241], [131.9776662, 43.0985993], [131.978396, 43.0987509], [131.9786892, 43.0988102], [131.9793368, 43.0989467], [131.9794762, 43.0989762], [131.9796222, 43.0990066], [131.9798645, 43.0990556], [131.9802121, 43.0991329], [131.9807435, 43.0992311], [131.9814903, 43.0993941], [131.9819194, 43.0994881], [131.9820183, 43.0995224], [131.9820997, 43.099557], [131.9821783, 43.0996019], [131.9822441, 43.0996484], [131.9822815, 43.0997019], [131.982356, 43.0998274], [131.9824601, 43.1000772], [131.9825803, 43.1003404], [131.9826896, 43.1005893], [131.9827496, 43.1007352], [131.9827691, 43.1007824], [131.9831889, 43.1019268]], [[131.9457956, 43.1044054], [131.9458004, 43.1043769], [131.9458071, 43.1043406], [131.9458179, 43.1043093], [131.9459345, 43.1042324]], [[131.9451834, 43.1025794], [131.945227, 43.1025623], [131.9463493, 43.1021207], [131.9465104, 43.1020686], [131.9466095, 43.1020419]], [[131.9460346, 43.1041907], [131.9463489, 43.1040596], [131.9464751, 43.1040079], [131.9465796, 43.103965], [131.9467293, 43.1039197], [131.9468833, 43.1038965]], [[131.9459345, 43.1042324], [131.9460346, 43.1041907]], [[131.9451826, 43.1033796], [131.9450918, 43.1034153], [131.9450071, 43.1034485], [131.9449465, 43.1034726], [131.9447911, 43.1035333], [131.9446621, 43.1035838], [131.9446425, 43.1035917], [131.9444054, 43.1036847], [131.9443252, 43.1037162], [131.9442314, 43.103753], [131.9441572, 43.1037821], [131.9440893, 43.1038088], [131.9440003, 43.1038438], [131.9439, 43.1038836], [131.9436781, 43.1039702], [131.9435763, 43.1040107], [131.943195, 43.1041641], [131.9429112, 43.1042799], [131.9427319, 43.1043531], [131.94257, 43.1044222], [131.9425053, 43.1044457], [131.9422696, 43.1045419], [131.9421624, 43.1045857], [131.9419589, 43.1046688], [131.9419102, 43.1046886], [131.9418711, 43.1047057], [131.9418375, 43.1047298], [131.9418156, 43.1047609], [131.9418058, 43.1048001], [131.941808, 43.1048286], [131.9418217, 43.1048851], [131.9418574, 43.104979], [131.9420022, 43.1051842], [131.9420405, 43.1052299], [131.9420712, 43.1052771], [131.9421231, 43.1053302], [131.9423031, 43.1055114], [131.9423922, 43.1055762], [131.9424102, 43.1056141], [131.9424075, 43.1056383], [131.9422994, 43.1057071], [131.9423277, 43.1057306]], [[131.9423277, 43.1057306], [131.9425394, 43.1059023], [131.9427325, 43.1060631], [131.9427786, 43.1061018]], [[131.9831889, 43.1019268], [131.983206, 43.1020127], [131.9831917, 43.1022624], [131.9831687, 43.1024204], [131.9831203, 43.1026654], [131.9830601, 43.1028918], [131.9829808, 43.1030808], [131.9827277, 43.1034936], [131.98247, 43.1039319], [131.982341, 43.1041358], [131.9822005, 43.1043884], [131.982134, 43.1045139], [131.9820803, 43.1046294], [131.9820562, 43.1047208], [131.9820475, 43.1047923], [131.9820625, 43.1048588], [131.9820945, 43.1049187], [131.9821273, 43.1049769], [131.9822848, 43.1051328], [131.9823849, 43.1052328]], [[131.9510815, 43.1007364], [131.9514995, 43.1005785], [131.951585, 43.1005453], [131.951598, 43.1005401]], [[131.9477252, 43.1019188], [131.9478793, 43.1019105], [131.9479588, 43.1018929], [131.9482317, 43.1018047], [131.9484011, 43.1017444], [131.9490079, 43.1015153], [131.9498365, 43.1012112], [131.9509975, 43.1007706], [131.9510815, 43.1007364]], [[131.951598, 43.1005401], [131.951626, 43.1005389], [131.951753, 43.100542], [131.9522033, 43.1005585]], [[131.9665247, 43.0993953], [131.9666331, 43.0993481], [131.966954, 43.099241], [131.9671246, 43.0991823], [131.9672294, 43.0991295]], [[131.9689101, 43.0979304], [131.9689762, 43.0978849], [131.9691524, 43.0977753], [131.9693693, 43.0976721], [131.9696324, 43.0975675], [131.9699486, 43.0975193], [131.97064, 43.0974826], [131.971157, 43.0974892], [131.971487, 43.0975056], [131.9718087, 43.0975389], [131.9723026, 43.0976068], [131.9731347, 43.0977376], [131.9733173, 43.0977727], [131.9739002, 43.0978848], [131.9739854, 43.0979018], [131.9740471, 43.097913], [131.9742257, 43.0979445], [131.9742612, 43.0979508], [131.9748034, 43.0980447], [131.9749585, 43.0980738]], [[131.9447359, 43.102766], [131.9447833, 43.1027467], [131.944871, 43.1027108], [131.9451834, 43.1025794]], [[131.9466095, 43.1020419], [131.946981, 43.101964], [131.9472894, 43.1019429], [131.9477252, 43.1019188]], [[131.9672294, 43.0991295], [131.9674306, 43.0990016], [131.9678912, 43.0986796], [131.9679886, 43.0986082], [131.9685592, 43.0981686], [131.9686157, 43.0981281], [131.9689101, 43.0979304]], [[131.9468833, 43.1038965], [131.947049, 43.1038267], [131.9481511, 43.1033721], [131.9484044, 43.1032596], [131.9485361, 43.1032038], [131.9487675, 43.1031057], [131.9488685, 43.1030629], [131.9492085, 43.1029219], [131.9495303, 43.1027804], [131.9495535, 43.1027696], [131.9497867, 43.1026696], [131.9500586, 43.1025419], [131.9502734, 43.1024408], [131.9504124, 43.1023799], [131.9510003, 43.1021025], [131.9513362, 43.1019396], [131.951559, 43.1018235], [131.9519854, 43.1016243], [131.9523579, 43.1014528], [131.9527698, 43.1012911], [131.9529646, 43.1012143], [131.9530274, 43.1011896], [131.9530505, 43.1011808], [131.9531705, 43.1011354], [131.9534458, 43.1010488], [131.9535472, 43.1010166], [131.9542773, 43.1008444], [131.9551399, 43.1006471], [131.9551933, 43.1006361], [131.9552519, 43.1006241], [131.9554517, 43.1005831], [131.955581, 43.1005566], [131.9557732, 43.1005171], [131.9562042, 43.1004342], [131.956438, 43.1003989], [131.9571004, 43.1003167], [131.957183, 43.1003072], [131.9586266, 43.1001592], [131.9591644, 43.1000941], [131.9601203, 43.0999922], [131.9601592, 43.0999881], [131.9602978, 43.0999737], [131.9610287, 43.0998942], [131.9617992, 43.0998135], [131.9626143, 43.0997336], [131.9628771, 43.099713], [131.9630999, 43.0997047], [131.9633281, 43.0997001], [131.963598, 43.0996963], [131.9639686, 43.0996991], [131.9642755, 43.0997107], [131.9643907, 43.0997172], [131.964694, 43.0997386], [131.9652924, 43.0997837], [131.9657578, 43.0998225], [131.9658524, 43.0998217], [131.9659639, 43.0998018], [131.9660753, 43.0997561], [131.9661919, 43.0996773], [131.9663311, 43.0995581], [131.9665247, 43.0993953]], [[131.9823849, 43.1052328], [131.9825259, 43.1053989], [131.9827646, 43.1056627], [131.9831294, 43.1060115], [131.9835154, 43.1063272], [131.9837742, 43.1065388], [131.9839355, 43.1066898], [131.9840236, 43.1067825], [131.9840739, 43.1068636], [131.9841719, 43.1070158], [131.9842164, 43.1071594], [131.9842571, 43.107304], [131.9842558, 43.1077846]], [[131.9457039, 43.1044473], [131.9457956, 43.1044054]]]}}, {"type": "Feature", "properties": {"name": "улица Мордовцева", "part": "mainland", "theme": "person", "descr": "Бывший Косой переулок"}, "geometry": {"type": "MultiLineString", "coordinates": [[[131.8868393, 43.1198153], [131.8860101, 43.1196547], [131.8856314, 43.1195945], [131.8854656, 43.1195696], [131.8850557, 43.119514], [131.8846225, 43.1194477], [131.8841843, 43.1193772], [131.8840702, 43.1193539], [131.8838861, 43.1193044]], [[131.8835501, 43.119412], [131.8836468, 43.1194002], [131.8836726, 43.1194003], [131.8839844, 43.1194211], [131.8841597, 43.1194426], [131.8846124, 43.1194955], [131.8848708, 43.1195363], [131.8850471, 43.1195622], [131.8851763, 43.1195817], [131.8854561, 43.1196257], [131.8859973, 43.1196996], [131.8862374, 43.1197399], [131.8862901, 43.119748], [131.8862391, 43.1198921], [131.8862528, 43.1199292]]]}}, {"type": "Feature", "properties": {"name": "улица Борисенко", "part": "mainland", "theme": "person", "descr": "до того – Загородная"}, "geometry": {"type": "MultiLineString", "coordinates": [[[131.9354179, 43.1037119], [131.9357159, 43.1038092], [131.9362943, 43.1039954]], [[131.9641583, 43.0914863], [131.9640617, 43.0915848], [131.9639445, 43.0917068], [131.963861, 43.0917937], [131.9637233, 43.0919371], [131.9636847, 43.0919772], [131.9634934, 43.0921763], [131.9631326, 43.092552], [131.9630528, 43.0926382], [131.9626006, 43.0931049], [131.9625229, 43.0931843], [131.9623885, 43.0933238], [131.9622513, 43.0934654], [131.96213, 43.0936087], [131.9621071, 43.093644], [131.9620683, 43.093722], [131.9620462, 43.0937746], [131.9620334, 43.0938052], [131.961928, 43.0940571], [131.9618556, 43.0942052], [131.9618199, 43.0942538], [131.9617921, 43.0942918], [131.9617047, 43.0943587], [131.9615454, 43.0944512], [131.9611865, 43.0945834], [131.9610806, 43.0946166], [131.9605115, 43.0947798]], [[131.9629374, 43.0855197], [131.96297, 43.0855065], [131.9629967, 43.0854896], [131.9630219, 43.0854644], [131.9632189, 43.0850424], [131.9633835, 43.0846963], [131.9634114, 43.0846641], [131.963437, 43.084646], [131.9634659, 43.0846337], [131.9635915, 43.0845919], [131.9636314, 43.0845819], [131.9636634, 43.0845801], [131.9636985, 43.0845857], [131.9637262, 43.0845944], [131.9637586, 43.0846066], [131.9641952, 43.0847664], [131.9642699, 43.0847945], [131.9643787, 43.0848327], [131.9644921, 43.0848716], [131.964597, 43.0849035], [131.9650561, 43.0850262], [131.9651202, 43.0850358]], [[131.9368581, 43.104179], [131.9370912, 43.1040643], [131.9372964, 43.1039789], [131.9373818, 43.1039409], [131.9377272, 43.1037909]], [[131.9664829, 43.0913217], [131.9663423, 43.0913278], [131.9658981, 43.0913531], [131.9657932, 43.0913587], [131.9657309, 43.0913621], [131.9649732, 43.0914029], [131.9645868, 43.0914237], [131.9642564, 43.0914727], [131.9641583, 43.0914863], [131.9638983, 43.0915184], [131.9637145, 43.0915388], [131.9634201, 43.0915663], [131.9620498, 43.091685], [131.9619688, 43.091686], [131.9617482, 43.0916885], [131.9615667, 43.0916622], [131.9614649, 43.0916278], [131.9613584, 43.0915754], [131.9612946, 43.091523], [131.9612561, 43.0914848], [131.9612165, 43.0914112], [131.9611981, 43.091374], [131.9611645, 43.0912693], [131.9611551, 43.0911988], [131.9611538, 43.091143], [131.9611578, 43.091095], [131.961175, 43.0910322], [131.9614097, 43.0903974], [131.9616199, 43.0898578], [131.9616645, 43.0897615], [131.9616815, 43.0897312], [131.961709, 43.0896906], [131.9618824, 43.0894899], [131.9620033, 43.0893661]], [[131.9353635, 43.1036805], [131.9354464, 43.1036748], [131.9355051, 43.1036707], [131.9358816, 43.1036102], [131.9362909, 43.1035473], [131.936491, 43.1035005], [131.9365128, 43.103497], [131.9367695, 43.103456], [131.9369278, 43.1034307], [131.9372946, 43.1033722], [131.9374494, 43.1033475], [131.9382424, 43.1032166], [131.9382745, 43.103208], [131.9383009, 43.1031918], [131.938348, 43.1031559], [131.9383733, 43.1031367], [131.9383976, 43.103122], [131.9384229, 43.1031132], [131.9384472, 43.103109]], [[131.9550865, 43.097241], [131.9547937, 43.0974203], [131.9544921, 43.0976032], [131.9543159, 43.0977099], [131.9542718, 43.0977369], [131.9537943, 43.0980234], [131.9531452, 43.0984204], [131.9530604, 43.0984718], [131.9530104, 43.0985021], [131.9528495, 43.0985998], [131.9527035, 43.0986883], [131.9521108, 43.0990481], [131.952094, 43.0990581], [131.9520225, 43.0991031], [131.951998, 43.0991186], [131.9519378, 43.0991551], [131.9519035, 43.099176], [131.9515727, 43.0993761], [131.9515077, 43.0994114], [131.9506323, 43.0998156], [131.9505527, 43.0998519], [131.9498584, 43.1001685], [131.9497511, 43.1002174], [131.9490641, 43.1005307], [131.9489439, 43.1005854], [131.9487557, 43.1006627]], [[131.9473985, 43.1010818], [131.9471734, 43.1011175], [131.9471703, 43.1011179], [131.9462999, 43.1011784], [131.9451575, 43.1012577], [131.9447955, 43.1012824], [131.9447742, 43.1012841], [131.9447564, 43.1012854], [131.9447276, 43.1012877], [131.9445767, 43.1012979], [131.9445036, 43.1013031]], [[131.9487557, 43.1006627], [131.9479574, 43.1009448], [131.947789, 43.1009943], [131.9475889, 43.1010446], [131.9473985, 43.1010818]], [[131.9430649, 43.1016623], [131.9426517, 43.1018324], [131.9417632, 43.1021899], [131.9416055, 43.1022536], [131.9411877, 43.1024221], [131.940276, 43.1027912], [131.9400392, 43.1028841], [131.9399068, 43.102936], [131.9389586, 43.1033079], [131.9377272, 43.1037909]], [[131.9437181, 43.101418], [131.9434258, 43.1015127]], [[131.966404, 43.097606], [131.9662729, 43.0975895], [131.9661325, 43.0975719], [131.9661063, 43.0975686], [131.965953, 43.0975494], [131.9659101, 43.097544], [131.9650801, 43.0974399], [131.9648056, 43.0974055], [131.963108, 43.0971927], [131.963088, 43.0971902], [131.963029, 43.0971828], [131.9611933, 43.0969681], [131.9600919, 43.0968546], [131.9600768, 43.0968529]], [[131.9573981, 43.0966819], [131.9571242, 43.0967034], [131.9570706, 43.0967083], [131.9570118, 43.0967165], [131.9566617, 43.0967715], [131.9563365, 43.0968323], [131.9559172, 43.0969396], [131.9555838, 43.0970406], [131.9553195, 43.0971388], [131.9550865, 43.097241]], [[131.9384472, 43.103109], [131.9384707, 43.1031053], [131.9394864, 43.1029287], [131.9395122, 43.1029175], [131.9395241, 43.1028975]], [[131.9434258, 43.1015127], [131.9433354, 43.1015501], [131.9432828, 43.101572]], [[131.9432828, 43.101572], [131.9431101, 43.1016436], [131.9430649, 43.1016623]], [[131.9439292, 43.1013706], [131.9437181, 43.101418]], [[131.9600768, 43.0968529], [131.9598261, 43.0968283], [131.9593482, 43.0967846], [131.958812, 43.0967355], [131.9579676, 43.0966865], [131.9574735, 43.0966802]], [[131.9574735, 43.0966802], [131.9573981, 43.0966819]], [[131.9622624, 43.0891247], [131.9623327, 43.0890751], [131.9624657, 43.0889501], [131.9625491, 43.0888434], [131.9625952, 43.0887702], [131.9626403, 43.0886819], [131.9627701, 43.0883103], [131.962861, 43.0880626], [131.9629247, 43.0878774], [131.9630418, 43.0875414], [131.9630663, 43.0874567], [131.9630858, 43.0873501], [131.9630918, 43.0872735], [131.963095, 43.0871603], [131.9630859, 43.0869662], [131.9630654, 43.0867848], [131.9630229, 43.0865235], [131.9630118, 43.0863973], [131.9629906, 43.0861559], [131.9629872, 43.0861237], [131.9629807, 43.0860616], [131.962978, 43.0860347], [131.9629751, 43.0860124], [131.9629678, 43.0859363], [131.9629561, 43.085814], [131.9629374, 43.0855197]], [[131.9620033, 43.0893661], [131.9620553, 43.0893116], [131.9621275, 43.0892389], [131.9621482, 43.0892177], [131.9622624, 43.0891247]], [[131.9651202, 43.0850358], [131.9651905, 43.0850373], [131.9652958, 43.0850213], [131.9654931, 43.0849778], [131.9656673, 43.0849213], [131.9657578, 43.0848943], [131.9658539, 43.0848519], [131.9658984, 43.0848268], [131.965932, 43.0848034], [131.9663993, 43.0844633], [131.966635, 43.0842925], [131.9670307, 43.0839486], [131.9670814, 43.083907], [131.9671324, 43.0838471], [131.9671934, 43.0837352], [131.967222, 43.0836919], [131.9672436, 43.0836604], [131.9672871, 43.0836031]], [[131.9362943, 43.1039954], [131.9368581, 43.104179]], [[131.9445036, 43.1013031], [131.9442451, 43.1013285], [131.9439292, 43.1013706]]]}}, {"type": "Feature", "properties": {"name": "переулок Павленко", "part": "mainland", "theme": "person", "descr": "в честь революционера и главврача горбольницы К.Н.Павленко"}, "geometry": {"type": "MultiLineString", "coordinates": [[[131.8879552, 43.1243489], [131.8875815, 43.1243516], [131.8875178, 43.1243515], [131.8873638, 43.1243408], [131.8871797, 43.1243131], [131.8867764, 43.1242512], [131.8862082, 43.1241467], [131.8858089, 43.124065], [131.8856063, 43.1240008], [131.8854122, 43.1239175], [131.8853415, 43.1238689], [131.8851617, 43.123739]], [[131.8886922, 43.1245186], [131.8884568, 43.1244128], [131.8883059, 43.1243621], [131.8879552, 43.1243489]]]}}, {"type": "Feature", "properties": {"name": "улица Приходько", "part": "mainland", "theme": "person", "descr": "https://t.me/vvtopo/241"}, "geometry": {"type": "MultiLineString", "coordinates": [[[131.9394964, 43.1097765], [131.9396241, 43.1096758], [131.9399691, 43.1093741], [131.9401708, 43.1092292], [131.9402507, 43.1091577], [131.9402875, 43.1090931], [131.9403149, 43.1090125]], [[131.9394964, 43.1097765], [131.9392884, 43.1098849], [131.939197, 43.1099366], [131.9390231, 43.110035]], [[131.9403149, 43.1090125], [131.9407049, 43.108954], [131.940848, 43.1089286], [131.9408895, 43.1089211], [131.9409729, 43.1089081], [131.9410658, 43.1088937], [131.9411694, 43.1088766], [131.941486, 43.1088228], [131.9415131, 43.108818], [131.9416813, 43.1087879], [131.9419261, 43.1087465], [131.942048, 43.1087167], [131.9421457, 43.1086925], [131.9424343, 43.1086141], [131.9428304, 43.1084927], [131.9430415, 43.1084112], [131.9431092, 43.1083859]], [[131.9464961, 43.1062698], [131.9468683, 43.1061087], [131.9472633, 43.1059378], [131.9475855, 43.105801], [131.9477735, 43.1056564], [131.9478183, 43.105622], [131.9478421, 43.105596], [131.9478811, 43.1055369], [131.947917, 43.1054371], [131.9479376, 43.1053434], [131.9479385, 43.1053089], [131.9479337, 43.1052649], [131.947905, 43.1051708], [131.947909, 43.1051326], [131.9479233, 43.1051092], [131.9479518, 43.1050726]], [[131.9464961, 43.1062698], [131.9460699, 43.1064624], [131.9457005, 43.1066377]], [[131.9393487, 43.110338], [131.9393849, 43.1101438], [131.9393925, 43.1100601], [131.9394018, 43.1099962], [131.9394249, 43.1099269], [131.9394964, 43.1097765]]]}}, {"type": "Feature", "properties": {"name": "улица Воропаева", "part": "mainland", "theme": "person", "descr": "https://t.me/vvtopo/241"}, "geometry": {"type": "MultiLineString", "coordinates": [[[131.9403149, 43.1090125], [131.9403132, 43.108956], [131.9403062, 43.1089146], [131.9402895, 43.1088167], [131.9402754, 43.1086672], [131.9402857, 43.1085461], [131.9403115, 43.1084586], [131.9403578, 43.1083868], [131.9404436, 43.1083063], [131.9405164, 43.1082508], [131.9406423, 43.1081638], [131.9407906, 43.1080575], [131.9409884, 43.1079281], [131.9410484, 43.1078909], [131.9413081, 43.107739], [131.9415822, 43.1075984], [131.9421587, 43.1073314], [131.9424497, 43.1072079], [131.9432482, 43.1068511], [131.9433055, 43.1068242], [131.9434561, 43.1067576], [131.9440903, 43.1064671], [131.9444868, 43.1062946], [131.9450393, 43.1060361], [131.9453024, 43.105916], [131.9453585, 43.1058892], [131.9454189, 43.1058603], [131.9456509, 43.105755], [131.9458363, 43.1056691], [131.9462444, 43.1054854], [131.9465525, 43.1053468]], [[131.9482491, 43.1045377], [131.9488737, 43.1042479], [131.9491867, 43.1040887], [131.949339, 43.1040113], [131.949438, 43.1039638], [131.9495239, 43.1039174], [131.9495929, 43.1038802]], [[131.9476273, 43.1049116], [131.9476717, 43.1048477], [131.9477101, 43.1048125], [131.9478103, 43.1047423], [131.9479333, 43.1046837], [131.9481276, 43.1045911], [131.9482491, 43.1045377]], [[131.9465525, 43.1053468], [131.9465883, 43.1053306], [131.9466269, 43.1053132], [131.9473089, 43.1049922], [131.947353, 43.1049716], [131.9475079, 43.1049144], [131.9475629, 43.1049105], [131.9476273, 43.1049116]]]}}, {"type": "Feature", "properties": {"name": "улица Адмирала Юмашева", "part": "mainland", "theme": "person", "descr": "бывшая часть улицы Патриса Лумумбы"}, "geometry": {"type": "MultiLineString", "coordinates": [[[131.9409855, 43.127656], [131.9415329, 43.1274924]], [[131.9559079, 43.1249472], [131.9558605, 43.1249694], [131.9557899, 43.1250053], [131.9556591, 43.1251308], [131.955443, 43.1253323], [131.9552606, 43.1255024], [131.9551814, 43.1255762], [131.9551315, 43.1256227], [131.9550144, 43.1257146], [131.9549492, 43.125741], [131.9549101, 43.1257489], [131.9548821, 43.1257548], [131.9543441, 43.1258029], [131.9543056, 43.1258055], [131.9540868, 43.1258272], [131.953906, 43.1258436], [131.9533646, 43.1258884], [131.9530396, 43.1258939], [131.9528734, 43.1258935], [131.9525307, 43.125877], [131.9523568, 43.1258606], [131.9517696, 43.1257943], [131.9515158, 43.1257728], [131.9512983, 43.1257574], [131.9510156, 43.1257358], [131.9509405, 43.1257302], [131.9508141, 43.1257223], [131.9507437, 43.1257166], [131.9501789, 43.1256634], [131.9499039, 43.1256451], [131.9497809, 43.1256415], [131.9496409, 43.1256544], [131.9494703, 43.1256712], [131.948539, 43.1257533], [131.9484528, 43.1257574], [131.948373, 43.1257547], [131.9483038, 43.125749], [131.9482244, 43.1257372], [131.9481418, 43.1257272], [131.9477734, 43.1257069], [131.9476985, 43.1257049], [131.9474854, 43.1257005], [131.9472543, 43.1256958], [131.9467993, 43.1256852], [131.9465934, 43.1256795], [131.946296, 43.1256769], [131.9459186, 43.12567], [131.9458084, 43.1256695], [131.9456519, 43.1256662], [131.9455022, 43.1256631], [131.9449932, 43.1256527], [131.9449523, 43.1256517], [131.9445427, 43.1256432], [131.9442986, 43.1256371], [131.9440494, 43.1256334], [131.9438006, 43.1256354], [131.9436997, 43.1256338], [131.9436174, 43.1256355], [131.9435564, 43.1256387], [131.9434619, 43.1256627], [131.9433526, 43.1256926], [131.9433298, 43.1256995], [131.9431935, 43.1257425], [131.9429228, 43.1258279], [131.9428209, 43.1258627], [131.9427681, 43.1258955], [131.9427192, 43.1259333], [131.9426258, 43.1260056], [131.9425846, 43.1260396], [131.9424929, 43.1261151], [131.9423297, 43.1262697], [131.9421416, 43.1264476], [131.94208, 43.1265059], [131.9420291, 43.1265541], [131.9416293, 43.1269325], [131.9415097, 43.1270457], [131.9413026, 43.1272241], [131.9412487, 43.1272796], [131.9412193, 43.1273348], [131.9411992, 43.1274207]], [[131.942081, 43.1273331], [131.9421357, 43.1272169], [131.9421697, 43.1271696], [131.9422535, 43.1270645], [131.9422767, 43.1270263], [131.9424761, 43.1266636], [131.9425311, 43.1265633], [131.9425667, 43.1265337], [131.942672, 43.1264977], [131.9427864, 43.1264826], [131.9430987, 43.1263286], [131.943343, 43.1262476], [131.9435129, 43.1262119], [131.9436166, 43.1261926], [131.9436798, 43.1261933], [131.9437411, 43.1262092], [131.9437527, 43.1262865], [131.9437602, 43.1263676], [131.9437568, 43.126401], [131.9437265, 43.1264162], [131.9436434, 43.1264261], [131.9433547, 43.1264704], [131.9432191, 43.1265163], [131.9429404, 43.126635], [131.9428742, 43.1266944], [131.9427712, 43.126942], [131.9427216, 43.1270077], [131.9426881, 43.1270351], [131.9426408, 43.1270568], [131.9425861, 43.1270657], [131.942547, 43.1270672], [131.9424252, 43.1270605], [131.9422767, 43.1270263]], [[131.9429627, 43.1272521], [131.943476, 43.1271899], [131.9439371, 43.1271248], [131.9445728, 43.1270286], [131.9450779, 43.1269441]], [[131.9428406, 43.1272636], [131.9429627, 43.1272521]], [[131.9423843, 43.1273202], [131.9427453, 43.1272747]], [[131.9415329, 43.1274924], [131.9423843, 43.1273202]], [[131.956191, 43.1255466], [131.956313, 43.1254967], [131.9563897, 43.1254592], [131.9564917, 43.1254062], [131.9568633, 43.1252003]], [[131.9427453, 43.1272747], [131.9428406, 43.1272636]], [[131.9450779, 43.1269441], [131.9457354, 43.1268197], [131.9466826, 43.1266307], [131.9467885, 43.1266095], [131.9469828, 43.1265709], [131.9471481, 43.1265389], [131.9474959, 43.1264791], [131.9478506, 43.1264356], [131.9478759, 43.1264335], [131.9484823, 43.1263955], [131.9487852, 43.1263762], [131.9489381, 43.1263665], [131.9489935, 43.126363], [131.9491697, 43.1263515], [131.9496429, 43.1263278], [131.9501626, 43.1263122], [131.950419, 43.1263159], [131.95063, 43.1263179], [131.9506884, 43.1263178], [131.951358, 43.1263137], [131.952042, 43.1262725], [131.9531293, 43.1261439], [131.9535083, 43.1260986]], [[131.9535083, 43.1260986], [131.9539415, 43.1260469], [131.9547639, 43.1259129], [131.9549775, 43.1258756], [131.9557221, 43.1256941], [131.9557554, 43.1256865], [131.9558536, 43.1256586], [131.9560737, 43.1255897], [131.956191, 43.1255466]]]}}, {"type": "Feature", "properties": {"name": "улица Бестужева", "part": "mainland", "theme": "person", "descr": "Изначально — южная часть ул. Корейской. Отмечена без названия на плане 1869 г. Получила своё современное название в 1917 г. Также упоминается как ул. Штабная (справочник 1924 года)."}, "geometry": {"type": "MultiLineString", "coordinates": [[[131.8771389, 43.1104229], [131.8770819, 43.110283], [131.8770328, 43.1101409], [131.8769968, 43.1100315], [131.8768844, 43.1096845], [131.8768471, 43.1095786], [131.8768356, 43.1095461], [131.8767686, 43.1093578], [131.8767012, 43.1091587], [131.876609, 43.108896], [131.876447, 43.1084386], [131.8763493, 43.1081703], [131.876343, 43.1081521], [131.8762672, 43.1079661], [131.8762505, 43.1079179], [131.8762327, 43.1078669], [131.8760561, 43.1073558], [131.8760359, 43.1072975], [131.8760199, 43.1072511], [131.8759544, 43.107081]], [[131.8759544, 43.107081], [131.8757377, 43.1065426], [131.8756115, 43.1063966], [131.8755045, 43.1062824], [131.8751574, 43.1060042], [131.8749253, 43.1058666], [131.8748657, 43.1058351], [131.874783, 43.1057988], [131.8746728, 43.1057418], [131.8746059, 43.1057099], [131.874347, 43.1055994], [131.8738628, 43.1054206]], [[131.8778702, 43.1125367], [131.8778477, 43.1124716], [131.8777686, 43.112243], [131.8777542, 43.1122013], [131.8777074, 43.1120661], [131.8776534, 43.11191], [131.8776382, 43.111866], [131.8776009, 43.111758], [131.8775666, 43.111659], [131.8775305, 43.1115548], [131.8774804, 43.1114099], [131.8773776, 43.1111128], [131.8773636, 43.1110723], [131.8772089, 43.1106252], [131.8771548, 43.1104687], [131.8771389, 43.1104229]]]}}, {"type": "Feature", "properties": {"name": "улица Державина", "part": "mainland", "theme": "person", "descr": "Образована 3 (18) декабря 1907 г."}, "geometry": {"type": "MultiLineString", "coordinates": [[[131.8994384, 43.1196993], [131.8993798, 43.1197685], [131.8991992, 43.1200596], [131.8991642, 43.1202078], [131.8991681, 43.1203198], [131.8991949, 43.1203826], [131.8992347, 43.1204505], [131.8992745, 43.1204998], [131.899332, 43.1205664], [131.8996353, 43.1208384], [131.8999209, 43.1210838], [131.9003026, 43.1212396], [131.900497, 43.1213281], [131.9005795, 43.1213638], [131.9007442, 43.1214386], [131.9009325, 43.1215306], [131.9012024, 43.1216864]], [[131.9031976, 43.1230838], [131.9031912, 43.1230958], [131.9031844, 43.1231158], [131.9031744, 43.1231457], [131.9031653, 43.1231681], [131.903157, 43.1231957], [131.9031496, 43.1232319], [131.9031403, 43.1232739], [131.9031335, 43.1233028], [131.9031141, 43.1233376], [131.9030874, 43.123376], [131.9030844, 43.123468], [131.9031034, 43.1235156]], [[131.9038925, 43.1237263], [131.9037429, 43.1237596], [131.9036122, 43.1237886], [131.9035767, 43.1238074], [131.9035561, 43.1238205], [131.9035392, 43.1238471], [131.9035405, 43.1238818], [131.9035438, 43.1239383], [131.9035507, 43.1240985], [131.9035678, 43.1247558]], [[131.9029466, 43.1228377], [131.903147, 43.1230404], [131.9031684, 43.1230703], [131.9031976, 43.1230838]]]}}, {"type": "Feature", "properties": {"name": "улица Адмирала Фокина", "part": "mainland", "theme": "person", "descr": "https://t.me/vvtopo/151"}, "geometry": {"type": "MultiLineString", "coordinates": [[[131.8798011, 43.1181421], [131.8797223, 43.1181535], [131.8796627, 43.1181603], [131.8794244, 43.1181921], [131.8793846, 43.1181993]], [[131.8886374, 43.1163693], [131.8885156, 43.1163935], [131.8882387, 43.1164484], [131.8881321, 43.1164696], [131.8880929, 43.1164774], [131.887628, 43.1165696], [131.8873033, 43.1166341], [131.8870087, 43.1166926], [131.8860658, 43.1168798], [131.885924, 43.1169317]], [[131.885924, 43.1169317], [131.8857994, 43.1169566], [131.8854351, 43.1170286], [131.8848064, 43.1171502], [131.8847628, 43.1171576], [131.8847567, 43.117159], [131.8844552, 43.1172178]], [[131.8827323, 43.1175246], [131.8822843, 43.1176104], [131.8817811, 43.1177064], [131.8812661, 43.1178046], [131.8807709, 43.1178991], [131.8803216, 43.1179849], [131.8798568, 43.1180735]], [[131.8827013, 43.1174431], [131.882421, 43.1174955], [131.8818384, 43.1176108], [131.8810028, 43.1177711], [131.8807198, 43.1178252], [131.8801365, 43.1179368], [131.8798334, 43.1179953], [131.8797543, 43.1180121]], [[131.8828872, 43.1175582], [131.8827554, 43.1175835], [131.8823085, 43.1176692], [131.8819292, 43.1177424], [131.8813257, 43.1178581], [131.8811498, 43.1178919], [131.8798743, 43.1181369], [131.8798041, 43.1181504]], [[131.8844552, 43.1172178], [131.8838972, 43.1173363], [131.8836807, 43.1173788], [131.8835574, 43.1174012], [131.8835389, 43.1174046], [131.883157, 43.1174778]]]}}, {"type": "Feature", "properties": {"name": "Магнитогорская улица", "part": "mainland", "theme": "place", "descr": "Упомянута в списке 1954 г."}, "geometry": {"type": "MultiLineString", "coordinates": [[[131.9149578, 43.1756773], [131.9149174, 43.1756834], [131.9148057, 43.175701], [131.9146537, 43.1757263], [131.914607, 43.1757324], [131.914259, 43.1757871], [131.9142231, 43.1757918], [131.9141341, 43.1758048], [131.9140921, 43.1758102], [131.9140267, 43.1758189], [131.9139599, 43.1758272], [131.9138886, 43.1758338], [131.9138662, 43.1758365], [131.9137712, 43.1758445], [131.9134448, 43.1758723], [131.9133838, 43.1758776], [131.913269, 43.1758874], [131.9132532, 43.1758887], [131.9131503, 43.1758974], [131.9130691, 43.1759057], [131.9126718, 43.1759464], [131.9125917, 43.1759537], [131.9124608, 43.1759631], [131.9122611, 43.1759736], [131.912017, 43.1759794], [131.9118414, 43.1759639], [131.9116442, 43.1759061], [131.9113652, 43.1757936], [131.9112361, 43.1757366], [131.910983, 43.1756245]], [[131.9139599, 43.1758272], [131.9139147, 43.1758778], [131.9138838, 43.1759189], [131.9138731, 43.1759472], [131.9138295, 43.1760675], [131.9138187, 43.1760825], [131.9137792, 43.1761105], [131.91372, 43.1761377], [131.9135614, 43.176183], [131.9130598, 43.1763228], [131.9129051, 43.1763658], [131.9127109, 43.1764195], [131.9125873, 43.1765719], [131.9124767, 43.1767084], [131.9123015, 43.1769243], [131.9122935, 43.1769546], [131.9123005, 43.1770127], [131.9124558, 43.1773361], [131.9125778, 43.17756], [131.9126397, 43.1776564], [131.9128196, 43.1778148], [131.9129711, 43.1779942], [131.9129813, 43.1780704], [131.9130353, 43.1783486], [131.9130286, 43.1784709], [131.9130189, 43.1787093], [131.9130186, 43.1787963], [131.9130609, 43.178865]], [[131.9176732, 43.1751386], [131.917572, 43.1751561], [131.9174356, 43.17519], [131.9173977, 43.1752004], [131.9171544, 43.1752687], [131.9166965, 43.1753906], [131.91641, 43.1754626], [131.9160571, 43.1755321], [131.9159031, 43.1755563], [131.9156615, 43.1755875], [131.9150697, 43.17566], [131.9150294, 43.1756652], [131.9149578, 43.1756773]], [[131.9107508, 43.175515], [131.910983, 43.1756245]], [[131.910983, 43.1756245], [131.9107542, 43.1756532]]]}}, {"type": "Feature", "properties": {"name": "улица Постышева", "part": "mainland", "theme": "person", "descr": "Переименована из Ишимской 30.09.1964"}, "geometry": {"type": "MultiLineString", "coordinates": [[[131.9123006, 43.1596454], [131.9123253, 43.1595706], [131.9123293, 43.1594462], [131.9123208, 43.1593741], [131.9122212, 43.1589526], [131.9121211, 43.1585494], [131.9121128, 43.1585149], [131.9120005, 43.1580859], [131.9119826, 43.1580174], [131.9118873, 43.1576543], [131.9118403, 43.1574321], [131.9117716, 43.1570991], [131.9117515, 43.1569425], [131.9117466, 43.1568317], [131.911775, 43.1567135], [131.9118093, 43.1566252], [131.9118534, 43.1565473], [131.9119265, 43.1564522], [131.9120251, 43.1563712], [131.9121482, 43.1562862], [131.9123232, 43.1562068], [131.912594, 43.1561174], [131.9127042, 43.1560838], [131.9128231, 43.1560476], [131.9129338, 43.1560139], [131.912996, 43.1559949], [131.9131413, 43.155952], [131.9136082, 43.1558105], [131.913705, 43.1557826]], [[131.9234633, 43.1567617], [131.9234613, 43.157364], [131.9234521, 43.1574218], [131.923458, 43.1575099], [131.9234906, 43.1579565], [131.9234884, 43.1580738], [131.9234955, 43.1584819], [131.9235004, 43.158703], [131.9235027, 43.1587514], [131.9234969, 43.1588742], [131.9234895, 43.1589125], [131.9234606, 43.1590434], [131.9234348, 43.1591308], [131.9232516, 43.1597929], [131.9232218, 43.1598413], [131.92315, 43.1599277], [131.9231193, 43.1599566], [131.9230673, 43.1600036], [131.9228895, 43.1601544], [131.9228553, 43.1601793], [131.9227299, 43.160279], [131.9226643, 43.1603322], [131.9226272, 43.1603788], [131.9225806, 43.1604401], [131.9225651, 43.1604652], [131.9224218, 43.1607343], [131.9223792, 43.1608151], [131.9223718, 43.1608296], [131.9222902, 43.1609892], [131.922278, 43.1610122], [131.9221805, 43.1611963], [131.9221478, 43.1612554], [131.9219858, 43.1615761], [131.9219212, 43.1616824]], [[131.9138521, 43.1557427], [131.9144039, 43.1556346], [131.9146181, 43.1555981], [131.9150638, 43.1555209], [131.9151626, 43.1555047]], [[131.913705, 43.1557826], [131.9137801, 43.1557594], [131.9138521, 43.1557427]], [[131.9151626, 43.1555047], [131.9156009, 43.155428], [131.9158948, 43.1553806], [131.9162026, 43.155345], [131.9163039, 43.1553392], [131.916503, 43.155339], [131.9167189, 43.1553547], [131.9168991, 43.1553705], [131.9172387, 43.155422], [131.9174654, 43.1554609], [131.9178456, 43.1555274], [131.9179221, 43.1555414], [131.9181045, 43.1555733], [131.9181907, 43.1555889], [131.9183211, 43.1556124], [131.9183466, 43.155617], [131.9184424, 43.1556342], [131.9189712, 43.1557195], [131.9192251, 43.1557603], [131.9196529, 43.1558323], [131.9199211, 43.1559022], [131.9200194, 43.1559349], [131.9201812, 43.1559968], [131.9205223, 43.1561344], [131.9205631, 43.1561484], [131.9206161, 43.1561665], [131.9208385, 43.1562194], [131.9212076, 43.156245], [131.9214316, 43.1562606], [131.921969, 43.1562978], [131.922303, 43.1563272], [131.9223665, 43.1563352], [131.9224407, 43.1563465], [131.9227345, 43.1564141], [131.9228753, 43.1564495], [131.9229031, 43.1564563], [131.9230148, 43.156493], [131.9230752, 43.1565162], [131.923346, 43.1566544], [131.9234391, 43.1567311], [131.9234633, 43.1567617]]]}}, {"type": "Feature", "properties": {"name": "переулок Шевченко", "part": "mainland", "theme": "person", "descr": "год условный из 1923-1936 (до этого Комаровский тупик)"}, "geometry": {"type": "LineString", "coordinates": [[131.8785795, 43.1238912], [131.8784645, 43.1239123], [131.8776823, 43.1240556], [131.8776583, 43.12406], [131.8771874, 43.1241463], [131.876808, 43.1242158]]}}, {"type": "Feature", "properties": {"name": "улица Адмирала Спиридонова", "part": "mainland", "theme": "person", "descr": "https://t.me/vvtopo/184"}, "geometry": {"type": "MultiLineString", "coordinates": [[[131.9394876, 43.1121979], [131.9395013, 43.1122054], [131.9395845, 43.1122665]], [[131.9403552, 43.1132346], [131.9403746, 43.1132641], [131.9404947, 43.1134471], [131.9407399, 43.1138127], [131.9411114, 43.1143655], [131.9411388, 43.1144084], [131.9412264, 43.1145453], [131.9415194, 43.114987], [131.9417192, 43.1152785], [131.9418807, 43.1155228], [131.942014, 43.11572], [131.9421784, 43.115943], [131.9422187, 43.1159974], [131.9422747, 43.1160646]], [[131.9414615, 43.1162092], [131.9416256, 43.1167138], [131.9416904, 43.1169184], [131.9419165, 43.11761]], [[131.9436162, 43.1181358], [131.9436251, 43.1181731], [131.9436321, 43.1182022], [131.9436464, 43.1182617]], [[131.9436464, 43.1182617], [131.9437555, 43.1187687]], [[131.9422747, 43.1160646], [131.9423511, 43.1161639], [131.9433841, 43.1175057], [131.943435, 43.1175894], [131.9434856, 43.1176845], [131.9435101, 43.1177401], [131.9436162, 43.1181358]], [[131.9408338, 43.1146925], [131.9410801, 43.1155236], [131.9411196, 43.1155624], [131.9411666, 43.1155953], [131.9412009, 43.1156153], [131.9412652, 43.1156276], [131.9412838, 43.1156417], [131.9414274, 43.1160978], [131.9414615, 43.1162092]], [[131.9392305, 43.1122277], [131.9392759, 43.1121807], [131.9393053, 43.1121711], [131.939339, 43.1121662], [131.9393725, 43.1121698], [131.9394093, 43.112175], [131.9394876, 43.1121979]], [[131.9392465, 43.1119956], [131.9392831, 43.1120529], [131.9393196, 43.1120939], [131.93935, 43.1121214], [131.9393836, 43.1121449], [131.9394876, 43.1121979]], [[131.9395845, 43.1122665], [131.9397489, 43.1123955], [131.9398309, 43.1124763], [131.9399022, 43.1125571], [131.9403552, 43.1132346]]]}}, {"type": "Feature", "properties": {"name": "улица Невельского", "part": "mainland", "theme": "person", "descr": "https://t.me/vvtopo/257"}, "geometry": {"type": "MultiLineString", "coordinates": [[[131.9403552, 43.1132346], [131.9404011, 43.1132107], [131.9409027, 43.1128962], [131.9409891, 43.1128509], [131.941216, 43.1127333], [131.9413042, 43.1126954], [131.9414501, 43.1126602], [131.9415526, 43.1126439], [131.9424842, 43.1126328], [131.9425767, 43.1126317], [131.9426519, 43.11263], [131.9428293, 43.1126261], [131.9432839, 43.1126036], [131.9436157, 43.112563], [131.9440287, 43.1124622], [131.9443588, 43.1123625], [131.9444823, 43.1123234], [131.9445553, 43.1123027], [131.9447098, 43.1122582], [131.9447374, 43.1122503], [131.9447686, 43.1122397], [131.9449549, 43.1121754], [131.9452083, 43.1120565], [131.9462958, 43.1114369], [131.9463389, 43.1114139], [131.9469656, 43.1110621], [131.9477726, 43.1106114], [131.9477962, 43.1105957], [131.9478942, 43.1105307], [131.9480568, 43.1104113], [131.948554, 43.1099948], [131.9487992, 43.1097821], [131.9489094, 43.1096813], [131.9490312, 43.1095868], [131.9490952, 43.1095441], [131.9491411, 43.1095281], [131.9491808, 43.1095207], [131.9491876, 43.109521], [131.9492407, 43.1095229], [131.9493018, 43.1095355], [131.9494014, 43.1095657], [131.9494303, 43.1095744], [131.9496729, 43.1096497], [131.95013, 43.1097974], [131.9502357, 43.109834], [131.9505248, 43.109934], [131.9505815, 43.1099529], [131.9508642, 43.1100422], [131.9514031, 43.1102475], [131.9516996, 43.1103968], [131.9520494, 43.1106245], [131.9521677, 43.1107263], [131.9522951, 43.1108654], [131.9524532, 43.1110662], [131.9525823, 43.1112916], [131.9526696, 43.111444], [131.9526884, 43.1114769], [131.9527333, 43.1115553], [131.9527776, 43.111631], [131.9533625, 43.112631], [131.95339, 43.1126781], [131.9534526, 43.1127922], [131.9535643, 43.1130233]], [[131.9535643, 43.1130233], [131.9535914, 43.1130787], [131.9538178, 43.1135681], [131.9539362, 43.1138301], [131.9540837, 43.1141313], [131.9543168, 43.1146276], [131.9543548, 43.1147036], [131.9544405, 43.1148748], [131.954492, 43.1149815], [131.9546712, 43.1153585], [131.9551021, 43.1161866], [131.9551124, 43.1162072], [131.9551267, 43.1162356], [131.9551983, 43.116378], [131.9552369, 43.1164547], [131.9553505, 43.1166729], [131.9553928, 43.1167543], [131.9554704, 43.116916], [131.9560671, 43.1181043], [131.9561755, 43.1183004], [131.9562152, 43.118361]]]}}, {"type": "Feature", "properties": {"name": "улица Каплунова", "part": "mainland", "theme": "person", "descr": "Образована 22.07.1982"}, "geometry": {"type": "MultiLineString", "coordinates": [[[131.9422747, 43.1160646], [131.9423327, 43.1159111], [131.9423666, 43.1158171], [131.9423786, 43.1157583], [131.9423862, 43.1156799], [131.9424144, 43.1149959], [131.9424166, 43.1149505], [131.9424177, 43.1149146], [131.9424184, 43.1148903], [131.9424259, 43.1147573], [131.9424443, 43.11466], [131.9424857, 43.1145404], [131.9425311, 43.1144389], [131.942561, 43.1143915], [131.9425855, 43.1143563], [131.9426834, 43.1142449], [131.9428131, 43.1141398], [131.9429273, 43.1140616], [131.9429963, 43.1140277], [131.9430783, 43.1139971], [131.9431663, 43.1139717]], [[131.9495391, 43.1121114], [131.9497338, 43.1121609], [131.9499183, 43.1122068], [131.9502063, 43.1122936], [131.9504835, 43.1123848], [131.9509849, 43.1125918], [131.951491, 43.1128006], [131.9517282, 43.1129014], [131.9518383, 43.1129481], [131.9520019, 43.1130162], [131.9522515, 43.1131159], [131.9524165, 43.1131855], [131.9524608, 43.1132012], [131.9525318, 43.1132218], [131.9525409, 43.1132231], [131.9526035, 43.113232], [131.952705, 43.1132403], [131.9527543, 43.1132391], [131.9528174, 43.1132355], [131.9531061, 43.1131552], [131.9533046, 43.1130988], [131.9533727, 43.1130786], [131.9535643, 43.1130233]], [[131.9443002, 43.1139454], [131.9446902, 43.1139436], [131.9449508, 43.1139395], [131.9453731, 43.113912], [131.9455933, 43.1138721], [131.9458021, 43.1138204], [131.9459874, 43.1137582], [131.9460587, 43.1137268], [131.9461875, 43.1136668], [131.9462954, 43.1136123], [131.9464477, 43.1134958], [131.9465722, 43.1133698], [131.9467113, 43.1131669], [131.9468607, 43.1128261], [131.9470369, 43.1124883], [131.9471642, 43.1123097], [131.947336, 43.1121703], [131.9474916, 43.1120847], [131.9477716, 43.111982], [131.9480924, 43.111926], [131.948322, 43.1119162], [131.9485316, 43.1119217], [131.9486925, 43.1119427], [131.9489378, 43.111986], [131.9489852, 43.1119944], [131.9495391, 43.1121114]], [[131.9431663, 43.1139717], [131.9433009, 43.1139439], [131.9434723, 43.1139312], [131.9440393, 43.1139408], [131.9440892, 43.1139416], [131.9441312, 43.1139417], [131.9443002, 43.1139454]]]}}, {"type": "Feature", "properties": {"name": "улица Шкипера Гека", "part": "mainland", "theme": "person", "descr": "Изначально 3-я Портовая. Обозначена на плане 1900 года. Как ул. Портовая упомянута в отчёте от 20.08.1923. В источниках 1950–1960-х гг. вновь упоминается как 3-я Портовая. Переименована 09.10.1987."}, "geometry": {"type": "LineString", "coordinates": [[131.9084965, 43.1164672], [131.909065, 43.1163233], [131.909454, 43.1162271], [131.9099867, 43.1160891], [131.9100307, 43.1160776], [131.9102689, 43.116014], [131.9108676, 43.115862], [131.9114234, 43.1157235], [131.9117588, 43.1156365], [131.912151, 43.1155168]]}}, {"type": "Feature", "properties": {"name": "Абрекская улица", "part": "mainland", "theme": "ship", "descr": "в списке 1891"}, "geometry": {"type": "MultiLineString", "coordinates": [[[131.9190882, 43.1123032], [131.9190937, 43.1124644], [131.9190944, 43.1124863], [131.9191027, 43.11273], [131.919115, 43.1130925], [131.919125, 43.1133882], [131.919141, 43.113859], [131.9191441, 43.1139475], [131.9191451, 43.1139775], [131.9191478, 43.1140582], [131.9191521, 43.1141849], [131.9191618, 43.11444]], [[131.9191618, 43.11444], [131.9191941, 43.1145069], [131.9192266, 43.1145828], [131.9192728, 43.1148865], [131.9192901, 43.1150771], [131.9192865, 43.1151625], [131.9192774, 43.1152657], [131.9192851, 43.1153634], [131.9193195, 43.115458], [131.9193535, 43.1155235], [131.9194225, 43.1156327], [131.9194988, 43.1157649], [131.9195138, 43.1158039], [131.9195211, 43.1158301], [131.9195547, 43.1159282]]]}}, {"type": "Feature", "properties": {"name": "улица Карла Либкнехта", "part": "mainland", "theme": "person", "descr": "Постановление Владивостокского Совета от 06.11.1932"}, "geometry": {"type": "MultiLineString", "coordinates": [[[131.9212373, 43.1122491], [131.9212455, 43.1123531], [131.9212461, 43.1123608]], [[131.9212461, 43.1123608], [131.9212471, 43.1123733], [131.9212697, 43.1126586], [131.9212737, 43.112709], [131.9212935, 43.1129587], [131.9212987, 43.1130119], [131.9213141, 43.1131579], [131.9213266, 43.1132797], [131.9213662, 43.1136101], [131.9213806, 43.1137301], [131.9213882, 43.1137939], [131.9213916, 43.1138578]], [[131.9213574, 43.1140314], [131.9213019, 43.1144107], [131.9213078, 43.1145962], [131.9213207, 43.1147231], [131.9213327, 43.1148124], [131.9213431, 43.1148898], [131.9213524, 43.1152321], [131.9213615, 43.1154923], [131.9213654, 43.1156022], [131.921367, 43.1156488], [131.9213684, 43.1156894], [131.9213783, 43.1159703], [131.9213769, 43.1159888], [131.9213755, 43.1160064], [131.9213732, 43.1160354], [131.9213689, 43.1160996], [131.9213528, 43.1163124], [131.9213477, 43.1163249], [131.9212241, 43.116504], [131.9212202, 43.1165372], [131.9212657, 43.1167473], [131.9212411, 43.1168225], [131.9211898, 43.1169027], [131.9211114, 43.1170049], [131.921102, 43.1170145], [131.9210427, 43.1170296], [131.9209454, 43.1170291], [131.920479, 43.1170099], [131.9204079, 43.1170063]]]}}, {"type": "Feature", "properties": {"name": "улица Вострецова", "part": "mainland", "theme": "person", "descr": "Изначально Куринская. Возможно ещё раньше называлась Трубной. Оба названия упомянуты в справочнике 1924 года. Переименована 08.05.1965."}, "geometry": {"type": "MultiLineString", "coordinates": [[[131.9259452, 43.1413544], [131.9252185, 43.1419048], [131.9249739, 43.1420572], [131.924719, 43.1422278], [131.9245927, 43.1422974], [131.9242994, 43.1424425], [131.9228448, 43.1429236], [131.9222355, 43.1431506], [131.9219492, 43.143271], [131.9217069, 43.1433903], [131.9216133, 43.143451], [131.9214359, 43.1436635], [131.9212009, 43.1439458], [131.9211713, 43.1439813], [131.9210293, 43.1441519], [131.9210139, 43.1441704], [131.9209847, 43.1442054], [131.9208895, 43.1443198], [131.9208719, 43.1443433], [131.920742, 43.1445169], [131.9205767, 43.1447378], [131.9203363, 43.1452366], [131.9202964, 43.1453176], [131.9202627, 43.1453911], [131.9201024, 43.145903], [131.9200656, 43.146024], [131.9198506, 43.1466616], [131.9198275, 43.1467159], [131.9197016, 43.146868], [131.9195951, 43.1469732], [131.919487, 43.147049], [131.9193647, 43.1471153], [131.9191781, 43.147195], [131.9191135, 43.1472182], [131.9189665, 43.1472677], [131.9187781, 43.1473159], [131.9181404, 43.1474462], [131.9180411, 43.1474627], [131.9177666, 43.1475244], [131.9176316, 43.1475585]], [[131.9161918, 43.1479355], [131.9156851, 43.1480702], [131.9156254, 43.1480855], [131.9156125, 43.1480878], [131.9147552, 43.1483097], [131.9145211, 43.1483695], [131.9141091, 43.1484715], [131.9139597, 43.1485085], [131.9127968, 43.1488037], [131.9127063, 43.148827]], [[131.9176316, 43.1475585], [131.916997, 43.1477246], [131.9164308, 43.147872], [131.9161918, 43.1479355]], [[131.9123571, 43.148916], [131.9120495, 43.1490319], [131.911949, 43.1490938]], [[131.9127063, 43.148827], [131.9123571, 43.148916]]]}}, {"type": "Feature", "properties": {"name": "улица Ильичёва", "part": "mainland", "theme": "person", "descr": "Изначально — часть Областной дороги (улицы). С 17.08.1956 Балхашская. Переименована 08.05.1965 в честь матроса П. И. Ильичёва (Шумшу)"}, "geometry": {"type": "MultiLineString", "coordinates": [[[131.9080904, 43.151566], [131.9082126, 43.1515211], [131.9087008, 43.1513066], [131.9092434, 43.1510494], [131.9096798, 43.1508527], [131.9099548, 43.1507224]], [[131.9114593, 43.1541268], [131.9114068, 43.1540329], [131.9113585, 43.15394], [131.9113077, 43.1538365], [131.9112095, 43.1536604], [131.9111021, 43.1534463], [131.9110847, 43.153411], [131.9110023, 43.1532419], [131.9109019, 43.1530289], [131.9108927, 43.1530104], [131.910749, 43.1527213], [131.9106634, 43.152549], [131.9105197, 43.1522494], [131.9104665, 43.1521312], [131.9103537, 43.1519072], [131.9102672, 43.1517221], [131.9100663, 43.1513045], [131.9100127, 43.151181], [131.9099621, 43.1510596], [131.9099282, 43.1509401], [131.9099297, 43.1508246], [131.9099548, 43.1507224]], [[131.907525, 43.1443746], [131.9074314, 43.1445053], [131.9073316, 43.1446671], [131.9073232, 43.1447681], [131.9073526, 43.1448607], [131.9074538, 43.1450103], [131.9074861, 43.1450552], [131.9075492, 43.1451426], [131.907803, 43.1454626], [131.9079808, 43.1456545], [131.9082171, 43.1459078], [131.9082725, 43.1459653], [131.9087339, 43.1464872], [131.9088878, 43.1466613], [131.908998, 43.1467859], [131.9092072, 43.1470272], [131.9094917, 43.1472535], [131.9097778, 43.1474524], [131.9099732, 43.1475842], [131.9100711, 43.1476537], [131.9101062, 43.1476822], [131.9102119, 43.1477956], [131.9102822, 43.1478818], [131.910342, 43.1479756], [131.910401, 43.1480882], [131.9105178, 43.1483089], [131.9105233, 43.1483311], [131.9105331, 43.1483713], [131.910531, 43.148392], [131.9105212, 43.1484261]], [[131.9106074, 43.1501785], [131.9110316, 43.1498539], [131.9112331, 43.1496832], [131.9115658, 43.1494256], [131.9116433, 43.1493633], [131.9117464, 43.1492698], [131.9118273, 43.1492011], [131.911949, 43.1490938]], [[131.9141697, 43.1528492], [131.9143054, 43.1528055], [131.914321, 43.1528041], [131.9143405, 43.1528056], [131.9144086, 43.1528107], [131.9145015, 43.1528195], [131.9145712, 43.1528168], [131.9146342, 43.152809], [131.914708, 43.1527973], [131.9147956, 43.1527452]], [[131.9099548, 43.1507224], [131.9106074, 43.1501785]]]}}, {"type": "Feature", "properties": {"name": "Днепровская улица", "part": "mainland", "theme": "place", "descr": "Упомянута в справочнике 1924 г."}, "geometry": {"type": "MultiLineString", "coordinates": [[[131.9389681, 43.1542443], [131.9385834, 43.1543783], [131.9383, 43.1545026], [131.9380595, 43.1546301], [131.9378697, 43.1547508], [131.9377938, 43.1548015], [131.9374979, 43.1549751], [131.9373184, 43.1550382], [131.9370385, 43.1550988], [131.9366921, 43.1551666]], [[131.9259452, 43.1413544], [131.9260986, 43.1414232], [131.9263188, 43.1415583], [131.9264597, 43.1416507], [131.9265794, 43.1417377], [131.9266879, 43.1418341], [131.926792, 43.1419391], [131.9268281, 43.1419775], [131.9269153, 43.1420704], [131.9270106, 43.142206], [131.9271154, 43.1424025], [131.9272197, 43.1427724], [131.9272791, 43.1429882], [131.9273348, 43.1431848], [131.9273778, 43.1433218], [131.9274867, 43.1436654], [131.9275382, 43.1437792], [131.927568, 43.1438251], [131.9276573, 43.1439155], [131.9284586, 43.144677], [131.9285818, 43.144801], [131.9291492, 43.1454312], [131.9291584, 43.1454407], [131.9294883, 43.1457969], [131.929603, 43.1459236], [131.9300938, 43.14646], [131.9302102, 43.1465781], [131.930421, 43.1467477], [131.9306329, 43.146874], [131.9310352, 43.1470295], [131.9313168, 43.1471234], [131.9316007, 43.1472364], [131.9320714, 43.1474559], [131.9326254, 43.1477219], [131.9328253, 43.1478291], [131.9332863, 43.1481006], [131.9334005, 43.148175], [131.9337008, 43.1483829], [131.9339849, 43.1486595], [131.9346672, 43.1494259], [131.9350589, 43.1498389], [131.9359143, 43.1507793], [131.9359919, 43.1508884], [131.9360096, 43.1509398], [131.9360161, 43.1510233], [131.9359991, 43.1511431], [131.9359779, 43.151257], [131.9359564, 43.1513529], [131.9359271, 43.1514781], [131.9358705, 43.1517302], [131.9358349, 43.1518887], [131.9358202, 43.1519517], [131.9357965, 43.1520648], [131.9356421, 43.1527093], [131.9356117, 43.1528472], [131.9355936, 43.1529366], [131.9355802, 43.153037], [131.9355805, 43.1531225], [131.9356705, 43.1535273], [131.9358345, 43.1539327], [131.9359966, 43.154181], [131.9362986, 43.1546103], [131.9364844, 43.1548632], [131.9365429, 43.1549465], [131.9366514, 43.1551124], [131.9366921, 43.1551666]], [[131.9085229, 43.1443858], [131.908614, 43.1443636], [131.9088674, 43.1442749], [131.9090869, 43.144198], [131.9095698, 43.1440122], [131.9101586, 43.143773], [131.9104478, 43.1436567], [131.9105652, 43.1436343], [131.9106849, 43.1436224], [131.9107752, 43.1436243], [131.9108779, 43.143648], [131.9109834, 43.1436942], [131.9117218, 43.1441536], [131.9119164, 43.1442534], [131.9122248, 43.1443758], [131.9123991, 43.1444395], [131.9129115, 43.1445607], [131.9133032, 43.1446273], [131.9134118, 43.1446405], [131.9135951, 43.1446369], [131.9137041, 43.1446165], [131.9138262, 43.1445832], [131.9138999, 43.1445598], [131.9139684, 43.1445344], [131.9139882, 43.1445244], [131.9140495, 43.1444932], [131.9141225, 43.1444418], [131.9141588, 43.1444095], [131.9142097, 43.1443455], [131.9142566, 43.1442809], [131.9143023, 43.144207], [131.9143278, 43.1441537], [131.914353, 43.1441017], [131.9144183, 43.1438965], [131.9144937, 43.1435519], [131.9145399, 43.1433063], [131.9145923, 43.1429539], [131.9146503, 43.1425711], [131.9146883, 43.1422718], [131.9147588, 43.1420092], [131.9147996, 43.1418845], [131.9148587, 43.141751], [131.9150187, 43.1414398], [131.9150629, 43.1413538], [131.9151911, 43.141151], [131.9152627, 43.1410644], [131.9153128, 43.1410145], [131.915369, 43.1409698], [131.9154345, 43.1409292], [131.9155095, 43.1408986], [131.9156185, 43.140874], [131.9157708, 43.1408677], [131.915912, 43.140875], [131.9160081, 43.1408892], [131.9160584, 43.1408986], [131.9166828, 43.1410236], [131.91708, 43.1410932], [131.917179, 43.1410977], [131.9173194, 43.1410867], [131.9181412, 43.140973], [131.9187614, 43.1409077], [131.9188465, 43.1409127], [131.9189058, 43.1409249], [131.9189636, 43.1409411], [131.9194079, 43.1410546], [131.9197857, 43.1411686], [131.920404, 43.1413675], [131.9204294, 43.1413757], [131.9207235, 43.1414618], [131.9211997, 43.141581], [131.9215147, 43.1416564], [131.9216944, 43.1416946], [131.921819, 43.1417064], [131.9219838, 43.1416886], [131.9220837, 43.1416675], [131.922127, 43.141659], [131.9224746, 43.1415884], [131.9225936, 43.1415604], [131.9226258, 43.1415512], [131.9228827, 43.1414797], [131.9229789, 43.1414342], [131.9234113, 43.141131], [131.9237296, 43.1409153], [131.923861, 43.140852], [131.9239991, 43.14081], [131.9241158, 43.1407875], [131.924215, 43.1407836], [131.9243246, 43.1407891], [131.9244658, 43.1408056], [131.9246081, 43.1408335], [131.9249483, 43.14093], [131.9250571, 43.1409731], [131.9252933, 43.1410701], [131.9254091, 43.1411181], [131.9255103, 43.1411601], [131.9256405, 43.1412166], [131.9257952, 43.1412861], [131.9258259, 43.1412999], [131.9259452, 43.1413544]], [[131.9374259, 43.1574216], [131.9375273, 43.1574526], [131.9375971, 43.1574563], [131.9376362, 43.1574516], [131.9377012, 43.1574416], [131.9378209, 43.1574367], [131.9379218, 43.1574577], [131.9379868, 43.1574888], [131.9381082, 43.1575447], [131.9382141, 43.1575691], [131.9383277, 43.1575922], [131.9385764, 43.1576323], [131.9388814, 43.1577022], [131.9389821, 43.1577094], [131.9391292, 43.1576912], [131.9392073, 43.1576772], [131.9393284, 43.157651], [131.9394022, 43.1576359], [131.9396136, 43.1575784], [131.9396958, 43.1575568], [131.9397591, 43.1575466], [131.9399413, 43.1575295], [131.9400741, 43.157527]], [[131.9070738, 43.1441805], [131.9071375, 43.1442153], [131.9071952, 43.1442465], [131.9072764, 43.1442904], [131.9072938, 43.1442994], [131.907525, 43.1443746]], [[131.9444499, 43.1597795], [131.9442789, 43.1598076], [131.9440426, 43.1598752], [131.9439075, 43.1599365], [131.9438183, 43.1599953], [131.9437529, 43.1600471], [131.9436951, 43.1601003], [131.9436632, 43.1601421], [131.9436135, 43.1602434], [131.9435472, 43.1603747], [131.9432361, 43.160996], [131.9431306, 43.1612206], [131.9430464, 43.1613731], [131.9429435, 43.1614914], [131.9428363, 43.1615709], [131.942679, 43.1616546], [131.9425466, 43.1616911], [131.9423884, 43.1617124], [131.942203, 43.1617119], [131.9420372, 43.1617026], [131.9414176, 43.161566], [131.9406715, 43.1613515], [131.9404959, 43.1612837], [131.9403707, 43.1612244], [131.9402423, 43.1611385], [131.9401448, 43.1610663], [131.9400491, 43.1609641], [131.9399723, 43.1608244], [131.9399655, 43.160794], [131.9399399, 43.1606791], [131.9399139, 43.1604661], [131.9399034, 43.1602289], [131.9399162, 43.1598084], [131.9399421, 43.1595866]], [[131.9400741, 43.157527], [131.9401365, 43.1575268], [131.9404764, 43.15752], [131.9405622, 43.1575171], [131.9406002, 43.1575243]], [[131.907525, 43.1443746], [131.907751, 43.1444018], [131.9077827, 43.1444023], [131.9080069, 43.1444105], [131.9081721, 43.144409], [131.908241, 43.1444085], [131.9082941, 43.1444067], [131.9083593, 43.1444041], [131.9084792, 43.1443913], [131.9085229, 43.1443858]], [[131.9403679, 43.1578866], [131.9405189, 43.157607], [131.9405622, 43.1575171], [131.9406643, 43.1572695], [131.9407007, 43.157158], [131.9407368, 43.1570399], [131.9408414, 43.1566353], [131.9409302, 43.1562029], [131.9410512, 43.1556581], [131.9411113, 43.1553546], [131.9411364, 43.1552281], [131.9411605, 43.1550146], [131.9411752, 43.1548751], [131.9411811, 43.1548004], [131.9411788, 43.1547415], [131.9411475, 43.1545531], [131.9411357, 43.1544865], [131.9410506, 43.1543554], [131.9409386, 43.1542326], [131.9408965, 43.1541961], [131.9407826, 43.1541095], [131.940682, 43.1540542], [131.9405718, 43.1540163], [131.9404642, 43.1539917], [131.940341, 43.1539843], [131.9402074, 43.1539884], [131.9399478, 43.1540144], [131.9399251, 43.1540171], [131.9392971, 43.1541478]], [[131.9401224, 43.1585351], [131.940152, 43.1583786], [131.9401708, 43.1582848], [131.9402099, 43.1581847], [131.9403679, 43.1578866]], [[131.9399421, 43.1595866], [131.9399795, 43.1593595], [131.9400219, 43.1591017], [131.9401224, 43.1585351]], [[131.9392971, 43.1541478], [131.9389681, 43.1542443]], [[131.9404041, 43.1578948], [131.9402461, 43.1581846], [131.9402059, 43.1582854], [131.9400104, 43.1594639], [131.939987, 43.1596102], [131.9399676, 43.1597999], [131.939948, 43.1602365], [131.9399632, 43.1604665], [131.939984, 43.160615], [131.9399912, 43.1606463], [131.9400303, 43.1608172], [131.9401022, 43.1609434], [131.9402195, 43.1610505], [131.9403067, 43.1611203], [131.9404014, 43.1611772], [131.9405001, 43.1612249], [131.9406064, 43.1612684], [131.9408417, 43.1613506], [131.9414392, 43.1615188], [131.9420392, 43.1616497], [131.9421843, 43.1616578], [131.9423695, 43.1616481], [131.9425124, 43.1616337], [131.9426467, 43.161594], [131.9427684, 43.1615234], [131.9428779, 43.1614452], [131.9429904, 43.16132], [131.9431622, 43.1609783], [131.9433024, 43.1607134], [131.9436105, 43.1601239], [131.9436384, 43.1600792], [131.943699, 43.1600188], [131.9437714, 43.1599611], [131.9438716, 43.1599023], [131.9440208, 43.1598456], [131.9441804, 43.1598016], [131.9442649, 43.1597795], [131.9444285, 43.1597485], [131.9447194, 43.1596996]], [[131.9349013, 43.1562029], [131.9349101, 43.1561463], [131.9350507, 43.1560333], [131.9351706, 43.1559438], [131.935878, 43.1554405], [131.9364328, 43.1551726], [131.9366514, 43.1551124], [131.9368634, 43.1550745], [131.9368969, 43.1550682], [131.9370937, 43.1550343], [131.9372963, 43.1549909], [131.937469, 43.1549398], [131.9377116, 43.1547955], [131.9379237, 43.1546538], [131.9380229, 43.1545953], [131.9382751, 43.1544613], [131.9385744, 43.1543239], [131.9386075, 43.1543114], [131.9389465, 43.1541918], [131.9392842, 43.1540932]], [[131.9392842, 43.1540932], [131.9398442, 43.1539759], [131.9399397, 43.1539611], [131.940193, 43.1539396], [131.9403329, 43.153931], [131.9404798, 43.1539421], [131.940608, 43.1539733], [131.9407204, 43.1540226], [131.9408203, 43.1540834], [131.9409008, 43.1541395], [131.9409751, 43.154206], [131.9410932, 43.1543372], [131.9411743, 43.154479], [131.9411866, 43.1545448], [131.9412093, 43.1547372], [131.9412113, 43.1547985], [131.9412032, 43.1548818], [131.9411932, 43.1550198], [131.9411716, 43.1552229], [131.9410734, 43.155707], [131.9409617, 43.156221], [131.9409215, 43.1564103], [131.9408731, 43.1566356], [131.9407772, 43.1570354], [131.9407274, 43.1571958], [131.9406975, 43.1572901], [131.9406002, 43.1575243], [131.9405548, 43.1576159], [131.9404041, 43.1578948]]]}}, {"type": "Feature", "properties": {"name": "улица Колесника", "part": "mainland", "theme": "person", "descr": "прежнее название – Верхнеишимская (https://t.me/ochkuryvl/3626)"}, "geometry": {"type": "MultiLineString", "coordinates": [[[131.9114593, 43.1541268], [131.9114929, 43.1541576], [131.9115274, 43.1541697], [131.9115434, 43.1541689], [131.9121012, 43.1541064], [131.9128251, 43.1540253]], [[131.9130614, 43.1539989], [131.9131596, 43.1545946], [131.9132049, 43.1548697], [131.9132484, 43.1551342], [131.9132608, 43.1552054]], [[131.9130614, 43.1539989], [131.9134574, 43.1539545], [131.9136746, 43.1539301], [131.9137996, 43.1539161], [131.914045, 43.1538886], [131.9140833, 43.1538844], [131.914757, 43.1538089], [131.9150429, 43.1537756]], [[131.913041, 43.1552292], [131.9130281, 43.1551587], [131.9129964, 43.1549819], [131.9129328, 43.1546269], [131.9128718, 43.1542861], [131.9128251, 43.1540253]], [[131.9128251, 43.1540253], [131.9129663, 43.1540095], [131.9130614, 43.1539989]]]}}, {"type": "Feature", "properties": {"name": "улица Фирсова", "part": "mainland", "theme": "person", "descr": "до того – Нижнеишимская (https://t.me/ochkuryvl/3626)"}, "geometry": {"type": "MultiLineString", "coordinates": [[[131.9109423, 43.155192], [131.9111234, 43.1553514], [131.9111397, 43.1553581], [131.9111877, 43.1553778], [131.9112606, 43.1554046], [131.9113337, 43.1554128], [131.9117934, 43.1553733], [131.9118494, 43.1553665], [131.9123275, 43.1553066]], [[131.9123275, 43.1553066], [131.9124105, 43.1552976], [131.9124793, 43.1552901], [131.9125481, 43.1552844], [131.9129196, 43.1552424]], [[131.9132608, 43.1552054], [131.9139355, 43.1551322], [131.9150117, 43.1550155], [131.9150794, 43.1550068], [131.9151807, 43.1549922], [131.9153861, 43.1549591]], [[131.9129196, 43.1552424], [131.913041, 43.1552292], [131.9131636, 43.1552159], [131.9132608, 43.1552054]]]}}, {"type": "Feature", "properties": {"name": "Бородинская улица", "part": "mainland", "theme": "person", "descr": "Образована 12.10.1962"}, "geometry": {"type": "MultiLineString", "coordinates": [[[131.9152048, 43.1633893], [131.9152248, 43.1633969], [131.9153265, 43.1634319], [131.9156681, 43.1635484], [131.9157208, 43.1635664], [131.9164851, 43.1638275], [131.9166045, 43.163868], [131.9168517, 43.1639528], [131.9169086, 43.1639722], [131.917873, 43.1643203], [131.91801, 43.1643643], [131.9182475, 43.1644199], [131.9182833, 43.1644254], [131.9185522, 43.1644669], [131.9186828, 43.164481], [131.9187159, 43.1644836], [131.9192261, 43.1645207], [131.9195622, 43.1645426], [131.9201011, 43.1645855], [131.9210615, 43.1646594], [131.92124, 43.1646902], [131.9214035, 43.1647328], [131.9222707, 43.1649558], [131.9225777, 43.1650382], [131.9227237, 43.1650809], [131.922992, 43.1651592], [131.9235475, 43.165326], [131.9236029, 43.1653426], [131.9236518, 43.1653572], [131.9241558, 43.1655053], [131.9252651, 43.1658434], [131.9254469, 43.1658985], [131.926073, 43.1660852], [131.9262198, 43.1661253], [131.9267845, 43.1662748], [131.9271733, 43.1663652], [131.9274027, 43.1664177], [131.9274532, 43.1664269], [131.9276302, 43.1664471], [131.9277824, 43.166453], [131.927924, 43.1664595], [131.9280017, 43.166457], [131.9284672, 43.1664435], [131.9291773, 43.1664226], [131.9296493, 43.1664137], [131.9301795, 43.1664059], [131.9313999, 43.1664014], [131.9319195, 43.1663929], [131.9323843, 43.1663839], [131.932651, 43.1663788], [131.9337683, 43.1663332], [131.934528, 43.1662685], [131.9354254, 43.1661086], [131.9359774, 43.165999], [131.9364652, 43.1658766], [131.9368278, 43.1657589], [131.9371244, 43.1656521], [131.9377404, 43.165399], [131.9378844, 43.1653419], [131.9379774, 43.1652952], [131.938099, 43.1652292], [131.9382875, 43.1651167], [131.9384481, 43.164993], [131.938499, 43.1649484], [131.9386644, 43.1648171], [131.9387305, 43.1647817], [131.9390036, 43.1646484], [131.9390625, 43.1646191], [131.9391924, 43.1645531], [131.9395481, 43.1643714], [131.9401558, 43.1640269], [131.9403544, 43.1639243], [131.9405567, 43.1638463], [131.9407813, 43.1637526], [131.9408368, 43.1637303]], [[131.9138598, 43.164389], [131.9140596, 43.164325], [131.9148159, 43.164082]], [[131.9414941, 43.16471], [131.9414814, 43.1646941], [131.9413851, 43.1645436], [131.9409584, 43.1639313]], [[131.9415901, 43.16484], [131.9414941, 43.16471]], [[131.9453398, 43.1594227], [131.9451919, 43.1595825], [131.945031, 43.1597564], [131.9448957, 43.1599025], [131.9443909, 43.1604477], [131.9441911, 43.1606636], [131.943891, 43.1609878], [131.9432783, 43.1616472], [131.942993, 43.1619149], [131.9426768, 43.1621803], [131.9425003, 43.1623246], [131.9424662, 43.162352], [131.9424174, 43.1623901], [131.9421962, 43.1625577], [131.9419622, 43.1627345], [131.941413, 43.1630874], [131.9410532, 43.1633372], [131.9409294, 43.1634436], [131.9408488, 43.1635666], [131.9408263, 43.1636148], [131.9408193, 43.1636681], [131.9408368, 43.1637303], [131.9409584, 43.1639313]], [[131.9148159, 43.164082], [131.9149121, 43.1640437], [131.9150888, 43.1639827], [131.9152433, 43.1639514], [131.9154321, 43.1639451], [131.9156638, 43.1639701], [131.9159237, 43.1640458], [131.916623, 43.1642624], [131.9175347, 43.1645856], [131.9183103, 43.1648408], [131.9184372, 43.1648645], [131.9186318, 43.1648952], [131.9188536, 43.1649092], [131.9194382, 43.164946], [131.9197768, 43.1649707], [131.9200201, 43.1649887], [131.9205804, 43.1650328], [131.9212344, 43.1650843], [131.9217281, 43.1651974], [131.9222004, 43.1653321], [131.9223803, 43.165375], [131.9232617, 43.1656294], [131.9233441, 43.1656527], [131.9237916, 43.1657853], [131.9240558, 43.1658653], [131.9249009, 43.1661213], [131.925388, 43.1662673], [131.926021, 43.166453], [131.9264429, 43.1665778], [131.926831, 43.166694], [131.9272478, 43.1667824], [131.9273403, 43.1667918], [131.9280102, 43.166782], [131.9280425, 43.1667805], [131.9286567, 43.1667693], [131.9290739, 43.166762], [131.9291937, 43.1667595], [131.9298049, 43.1667376], [131.9302211, 43.1667223], [131.9316829, 43.1666898], [131.9320029, 43.1667399], [131.9321477, 43.1667878], [131.9322978, 43.1668662], [131.932375, 43.1669262], [131.9324337, 43.1669966], [131.9324953, 43.1671103], [131.9325198, 43.1672042], [131.932538, 43.1675029], [131.9325432, 43.1677286], [131.9325424, 43.1678192], [131.9325317, 43.1679632], [131.93252, 43.1680914], [131.9324908, 43.1684695], [131.932483, 43.168679], [131.9325374, 43.1688642]], [[131.9409584, 43.1639313], [131.9408482, 43.1638397], [131.9407813, 43.1637526], [131.9407651, 43.1637053], [131.9407592, 43.1636624], [131.9407742, 43.1635849], [131.9408132, 43.1635115], [131.940877, 43.1634189], [131.9409616, 43.1633473], [131.9415477, 43.1629438], [131.9419219, 43.162709], [131.942176, 43.1625231], [131.9423635, 43.1623771], [131.9424981, 43.1622705], [131.9425812, 43.1622048], [131.9426296, 43.1621641], [131.9429558, 43.1618856], [131.9432088, 43.1616568], [131.9433678, 43.1614873], [131.9438475, 43.1609629], [131.9441432, 43.1606431], [131.9448529, 43.1598772], [131.9449825, 43.159734], [131.9451419, 43.1595536], [131.9452866, 43.1593962]]]}}, {"type": "Feature", "properties": {"name": "кольцо Багратиона", "part": "mainland", "theme": "person"}, "geometry": {"type": "MultiLineString", "coordinates": [[[131.9327902, 43.1687762], [131.9328331, 43.1687525], [131.9328791, 43.1687328], [131.932932, 43.1687146], [131.9330176, 43.1686995], [131.9331272, 43.1687006], [131.9331982, 43.1687086], [131.9332432, 43.1687194], [131.933258, 43.1687229]], [[131.9327168, 43.1691642], [131.9326885, 43.169114], [131.9326708, 43.1690427], [131.932665, 43.1689821], [131.9326759, 43.1689218], [131.9327039, 43.1688653], [131.9327426, 43.1688206], [131.9327902, 43.1687762]], [[131.9333463, 43.1692414], [131.9332166, 43.1692947], [131.9330723, 43.169306], [131.9329512, 43.169294], [131.9328512, 43.169264]], [[131.9334995, 43.1689913], [131.9334831, 43.1690699], [131.9334623, 43.1691242], [131.9334536, 43.169144], [131.9334068, 43.1691967], [131.9333463, 43.1692414]], [[131.9328512, 43.169264], [131.9327583, 43.1692057], [131.9327168, 43.1691642]], [[131.933258, 43.1687229], [131.9333343, 43.1687593], [131.9334368, 43.1688419], [131.9334792, 43.1689177], [131.9334995, 43.1689913]]]}}, {"type": "Feature", "properties": {"name": "улица Багратиона", "part": "mainland", "theme": "person", "descr": "Образована 12.10.1962."}, "geometry": {"type": "LineString", "coordinates": [[131.9291667, 43.1690416], [131.9291629, 43.1689477], [131.9291614, 43.1689111], [131.9291439, 43.1684629], [131.9291284, 43.1680999], [131.929117, 43.1678216], [131.9291081, 43.1676027], [131.9290765, 43.1668265], [131.9290739, 43.166762]]}}, {"type": "Feature", "properties": {"name": "улица Кутузова", "part": "mainland", "theme": "person", "descr": "Образована 12.10.1962"}, "geometry": {"type": "MultiLineString", "coordinates": [[[131.9221872, 43.1691444], [131.9221874, 43.1690506], [131.9221897, 43.1689645], [131.9221913, 43.1688536], [131.9221915, 43.1687664], [131.9221927, 43.1683043], [131.922193, 43.1681995], [131.9221932, 43.1681189], [131.9221951, 43.1673672], [131.9221956, 43.1671709], [131.9221948, 43.1670786], [131.9221971, 43.1665951], [131.9221975, 43.1664443], [131.9221979, 43.1662899], [131.9221981, 43.1662377], [131.9221986, 43.1660294], [131.9221988, 43.1659638], [131.9221997, 43.1656158], [131.9222001, 43.1654555], [131.9222002, 43.1653965], [131.9222004, 43.1653321]], [[131.9188106, 43.1683322], [131.9188169, 43.1678357], [131.9188188, 43.1676288], [131.9188192, 43.167538], [131.9188195, 43.1674462], [131.9188279, 43.166954], [131.9188307, 43.166735], [131.9188318, 43.1666481], [131.9188337, 43.1665046], [131.9188643, 43.1664547], [131.9189333, 43.166434], [131.9190617, 43.1664187]], [[131.9221975, 43.1664443], [131.9221304, 43.1664438], [131.9217393, 43.1664406], [131.921369, 43.1664376], [131.9213384, 43.1664373], [131.9211773, 43.166436], [131.9211134, 43.1664355], [131.9205967, 43.1664313], [131.920468, 43.1664302], [131.9203631, 43.1664294], [131.9200443, 43.1664268], [131.9199768, 43.1664262], [131.919852, 43.1664252], [131.9192025, 43.1664199], [131.9190617, 43.1664187]]]}}, {"type": "Feature", "properties": {"name": "улица Крыгина", "part": "mainland", "theme": "person", "descr": "https://t.me/vvtopo/262"}, "geometry": {"type": "MultiLineString", "coordinates": [[[131.8632393, 43.0940851], [131.8632409, 43.094042], [131.86322, 43.0939576], [131.8631858, 43.0938599], [131.8631094, 43.0937609], [131.8630157, 43.0936396], [131.8629175, 43.0935437], [131.8628985, 43.093527], [131.8627211, 43.0933704], [131.8623357, 43.0930304], [131.8616808, 43.0924504], [131.8615812, 43.0923251], [131.8615582, 43.0922866], [131.8613814, 43.0919524], [131.8610961, 43.0913289], [131.8607826, 43.0907452], [131.8607257, 43.0906409], [131.8607023, 43.0906039], [131.8605823, 43.0904311], [131.8605177, 43.0903518], [131.8604238, 43.0902401], [131.8602113, 43.0899807], [131.8601926, 43.0899586], [131.8598713, 43.0895807], [131.8597795, 43.0894831], [131.8596485, 43.0893595], [131.8596091, 43.0893163], [131.8595006, 43.089197]], [[131.8632409, 43.094042], [131.8633144, 43.0940765], [131.8633725, 43.0941168], [131.8634329, 43.0941583], [131.8634642, 43.0941808], [131.8635837, 43.0942681], [131.8635951, 43.0942823], [131.8636293, 43.0943302], [131.863636, 43.0943371], [131.8638714, 43.0945227], [131.8640641, 43.0946801], [131.8642779, 43.0948563], [131.8647157, 43.0951999], [131.8650982, 43.0955066], [131.8651777, 43.0955704], [131.8652155, 43.0956002], [131.8652024, 43.0956161], [131.8651923, 43.0956343], [131.8651877, 43.0956666], [131.8651879, 43.0956936], [131.8651924, 43.0957268], [131.8652057, 43.0957682], [131.8656854, 43.0961333], [131.8657984, 43.0962193], [131.8659315, 43.0963206], [131.8660837, 43.0964364], [131.8662524, 43.0965648], [131.8664524, 43.0966076], [131.866651, 43.0964805]], [[131.8506673, 43.0817868], [131.8500493, 43.0815471], [131.8499216, 43.081519], [131.8497126, 43.0814886], [131.849464, 43.0814657], [131.8490344, 43.0814335], [131.8489704, 43.0814304], [131.8489121, 43.0814408], [131.8486697, 43.0815491], [131.8486343, 43.0815757], [131.8486147, 43.0816062], [131.848603, 43.0816299], [131.8486013, 43.0816577], [131.8486019, 43.0816973]], [[131.8517691, 43.0819923], [131.8517847, 43.0820028], [131.8519289, 43.0820891], [131.8520019, 43.0821803], [131.852063, 43.0822838], [131.8521235, 43.0823896], [131.8522214, 43.0825953], [131.852254, 43.0826642], [131.8524162, 43.0830304], [131.8524315, 43.0830683], [131.8525655, 43.0833699], [131.8526248, 43.0835065], [131.8527133, 43.0836735], [131.8528019, 43.0838168], [131.8528093, 43.0838304], [131.8528414, 43.0838811], [131.8528891, 43.0839499], [131.8529767, 43.0840717], [131.8531273, 43.0842431], [131.8533424, 43.0844591], [131.8536486, 43.0847641], [131.8536988, 43.0848001], [131.8538018, 43.0848588]], [[131.8572768, 43.0851309], [131.857113, 43.0850755], [131.8570167, 43.0850555], [131.8569185, 43.0850431], [131.8566046, 43.0850458], [131.8563321, 43.0850472], [131.8562361, 43.0850482], [131.855977, 43.0850488], [131.8553615, 43.0850504], [131.854605, 43.0850522], [131.8543934, 43.0850365], [131.8541736, 43.084992], [131.8539964, 43.0849418], [131.8538999, 43.0849062], [131.8538018, 43.0848588]], [[131.8511938, 43.081991], [131.8506673, 43.0817868]], [[131.8499864, 43.0813228], [131.8501197, 43.0813946], [131.8504636, 43.0815128], [131.8514264, 43.0818374], [131.8515474, 43.0818852], [131.8517691, 43.0819923]], [[131.8595006, 43.089197], [131.8594171, 43.0890897], [131.8591088, 43.0886779], [131.8587282, 43.0881196], [131.8586204, 43.0879341], [131.8585776, 43.0877522], [131.8585611, 43.0874803], [131.8585764, 43.0871317], [131.8585767, 43.0870954], [131.8585694, 43.0868419], [131.8585205, 43.0866852], [131.8584539, 43.0865498], [131.8583329, 43.0863858], [131.858096, 43.0860649], [131.8580507, 43.086007], [131.8580188, 43.0859695], [131.8578967, 43.0858162], [131.8577782, 43.0856567], [131.8576319, 43.0854809], [131.857536, 43.0853657], [131.8574873, 43.0853072], [131.8574386, 43.0852487], [131.8574051, 43.0852133], [131.8573311, 43.0851658], [131.8572768, 43.0851309]]]}}, {"type": "Feature", "properties": {"name": "улица Стрельникова", "part": "mainland", "theme": "person", "descr": "https://t.me/vvtopo/262"}, "geometry": {"type": "MultiLineString", "coordinates": [[[131.8652259, 43.0973621], [131.8659305, 43.0971271], [131.8661812, 43.0970427], [131.8664707, 43.0969474], [131.8666429, 43.0968795], [131.8667178, 43.0968499], [131.8669358, 43.0967582], [131.8669801, 43.0967457], [131.867025, 43.0967364]], [[131.8652259, 43.0973621], [131.8653604, 43.0973648], [131.8656592, 43.0973795], [131.8659158, 43.0973676], [131.8659678, 43.0973711], [131.8660104, 43.097383], [131.8660614, 43.0974155], [131.8663914, 43.0979008]], [[131.8663914, 43.0979008], [131.8664825, 43.0980469]], [[131.8664825, 43.0980469], [131.866532, 43.0981277], [131.8666025, 43.0982505], [131.8666691, 43.098353], [131.866717, 43.0984186], [131.8670836, 43.0988155], [131.8675679, 43.0993847], [131.8676746, 43.0995033], [131.867837, 43.0996218], [131.8688375, 43.1002265], [131.8699332, 43.100901], [131.8696191, 43.1012269], [131.8694646, 43.1013648], [131.8694217, 43.1014274], [131.8693895, 43.1014979], [131.8694, 43.1015968], [131.8709679, 43.1025035], [131.8721854, 43.1031291], [131.8732939, 43.103786], [131.8742515, 43.1042649], [131.8749224, 43.1046046], [131.8755242, 43.1049088], [131.8763406, 43.1053633]], [[131.8619369, 43.0955159], [131.8620429, 43.0955883], [131.8622154, 43.0957056], [131.8622371, 43.0957204], [131.8623086, 43.095772], [131.8626726, 43.0960575], [131.8631357, 43.0964022], [131.8634825, 43.0966328], [131.8636427, 43.096721], [131.8637425, 43.0967656], [131.8641296, 43.0969165], [131.8643439, 43.0970001], [131.8647175, 43.0971633], [131.8649905, 43.0972772], [131.8652259, 43.0973621]], [[131.8766216, 43.1055137], [131.8763406, 43.1053633]]]}}, {"type": "Feature", "properties": {"name": "Нерчинская улица", "part": "mainland", "theme": "place", "descr": "была Яниса Лациса с 1980 по 1992 годы"}, "geometry": {"type": "MultiLineString", "coordinates": [[[131.8919997, 43.1223522], [131.8920289, 43.1224186], [131.8920681, 43.1225035], [131.8920931, 43.1225441], [131.8921488, 43.1226395], [131.892222, 43.1227334], [131.8922815, 43.122782], [131.8923445, 43.1228175], [131.8926663, 43.122936], [131.892918, 43.1230294], [131.8931096, 43.1230985], [131.8931892, 43.1231291], [131.8932143, 43.1231387], [131.8932702, 43.1231626], [131.8934379, 43.1232353], [131.8934796, 43.1232529], [131.8934939, 43.1232597], [131.8935589, 43.1232904], [131.893725, 43.1233952], [131.89373, 43.1233987], [131.8937339, 43.1234018], [131.8937392, 43.123406], [131.8938051, 43.1234389], [131.8938633, 43.1234653], [131.8939994, 43.1235183], [131.8948202, 43.1238367], [131.8949912, 43.1238965], [131.8950983, 43.1239369], [131.8957914, 43.1241841], [131.8958273, 43.1241949], [131.8959036, 43.1242019], [131.8959613, 43.1242033], [131.8960048, 43.1242054], [131.8960928, 43.124243], [131.896567, 43.1244258], [131.8966764, 43.1244698], [131.8967679, 43.12451], [131.8970255, 43.1246074], [131.8973572, 43.1247142], [131.8990468, 43.1254157]], [[131.8990468, 43.1254157], [131.8991532, 43.1254532], [131.8993037, 43.1255036], [131.8995259, 43.1255811], [131.8996963, 43.1256276], [131.9000058, 43.125722], [131.9011291, 43.1261142], [131.9012686, 43.1261428], [131.9014474, 43.1261424], [131.9016437, 43.1261301], [131.9016945, 43.1261199], [131.9017348, 43.1261101], [131.902081, 43.1259788], [131.9022527, 43.1258792], [131.9024224, 43.1257666], [131.9025621, 43.1256165], [131.9026274, 43.1255414], [131.9027604, 43.1253711], [131.9028144, 43.125282], [131.902871, 43.125169], [131.9028795, 43.1251], [131.9028862, 43.1250173], [131.9028812, 43.1248095], [131.9028803, 43.1246936], [131.9028566, 43.1245543]], [[131.9027851, 43.1240091], [131.9027532, 43.1238282], [131.9026639, 43.1235183], [131.9026418, 43.1234708], [131.9026141, 43.123419], [131.9025013, 43.1232576]], [[131.9028566, 43.1245543], [131.9028423, 43.124442], [131.9028203, 43.124323], [131.9027851, 43.1240091]]]}}, {"type": "Feature", "properties": {"name": "Рыбинская улица", "part": "mainland", "theme": "place"}, "geometry": {"type": "LineString", "coordinates": [[131.8664825, 43.0980469], [131.8666732, 43.0979882], [131.8667214, 43.0979733], [131.8672537, 43.0978062], [131.8678667, 43.0975864], [131.8687052, 43.0972685], [131.8700194, 43.0967154], [131.8703041, 43.0965542], [131.8705184, 43.0963815], [131.8706729, 43.0961813], [131.8707973, 43.0959822], [131.8708627, 43.0958007], [131.8709095, 43.095599], [131.8709231, 43.0954872], [131.8709207, 43.0954051], [131.8708504, 43.0952716], [131.8707488, 43.0951631], [131.8705291, 43.0949744], [131.8703333, 43.0948197], [131.8698532, 43.0944589], [131.8694224, 43.0941568], [131.8689954, 43.0938369], [131.8687106, 43.0936637], [131.8676856, 43.0932411]]}}, {"type": "Feature", "properties": {"name": "Некрасовский переулок", "part": "mainland", "theme": "person", "descr": "Выделен в самостоятельный переулок 21.11.1968."}, "geometry": {"type": "MultiLineString", "coordinates": [[[131.8910225, 43.1187943], [131.8911422, 43.1187715], [131.8911688, 43.1187664], [131.8912307, 43.1187546], [131.8916841, 43.118668], [131.8917339, 43.1186585], [131.8924095, 43.1185295], [131.8926285, 43.1184877], [131.8932653, 43.118366], [131.893801, 43.1182637], [131.8938691, 43.1182542], [131.8939215, 43.1182523], [131.8940078, 43.1182552], [131.8940334, 43.1182626], [131.8941941, 43.1183009], [131.8942717, 43.1183051], [131.8943831, 43.1183031], [131.8944901, 43.1183019], [131.8947043, 43.1182772], [131.8949225, 43.1182352]], [[131.8949225, 43.1182352], [131.8954184, 43.11814], [131.8955691, 43.1181148], [131.895792, 43.1181067]], [[131.8969658, 43.1171513], [131.8968516, 43.1171696], [131.8966319, 43.1172046], [131.8965863, 43.1172209], [131.8965272, 43.1172489], [131.8964307, 43.1173061], [131.8963153, 43.1173708], [131.8957507, 43.1177013], [131.8957239, 43.1177505], [131.8957189, 43.1177867], [131.8957281, 43.1178363], [131.8957337, 43.1178516], [131.8957604, 43.1179797], [131.895792, 43.1181067]]]}}, {"type": "Feature", "properties": {"name": "улица Адмирала Кузнецова", "part": "mainland", "theme": "person", "descr": "бывшая часть улицы Патриса Лумумбы (https://t.me/ochkuryvl/3626)"}, "geometry": {"type": "MultiLineString", "coordinates": [[[131.956191, 43.1255466], [131.9561514, 43.1254673], [131.9561338, 43.1254302], [131.955987, 43.1250826], [131.9559641, 43.1250388], [131.9559079, 43.1249472], [131.9558508, 43.1248535], [131.9558058, 43.1247957], [131.9556978, 43.1246605], [131.9556163, 43.1245655], [131.9555225, 43.1244666], [131.9553058, 43.124273], [131.955261, 43.1242347], [131.9549805, 43.1240111], [131.9546306, 43.1237433], [131.9545606, 43.123698], [131.9544764, 43.123665], [131.9543788, 43.1236388], [131.9542947, 43.1236266], [131.9540615, 43.1236062], [131.9537541, 43.1235879], [131.9536792, 43.1235824], [131.9533519, 43.1235597], [131.9531267, 43.1235502], [131.9530337, 43.1235453], [131.9529232, 43.1235395], [131.9524628, 43.123527], [131.9524243, 43.1235263], [131.9522682, 43.1235231], [131.9521511, 43.1235215], [131.951644, 43.1235087], [131.9514225, 43.1235027], [131.9512737, 43.1235013], [131.9511947, 43.1235005], [131.9511364, 43.1234981], [131.9511091, 43.123498], [131.9510553, 43.1234957], [131.9508854, 43.1234896], [131.9505089, 43.1234719], [131.950075, 43.1234362], [131.9496345, 43.1233722], [131.9494266, 43.1233347], [131.9492602, 43.1233052], [131.9488677, 43.1232397], [131.9485183, 43.1231736], [131.9483008, 43.1231345], [131.9480453, 43.1230822], [131.9478473, 43.1230385], [131.9476818, 43.1229994], [131.947525, 43.122957], [131.9471599, 43.1228334], [131.9469333, 43.1227528], [131.9467263, 43.1226607], [131.9465915, 43.1225932], [131.9463805, 43.1224479], [131.9458841, 43.1220666], [131.9456314, 43.1218288], [131.945592, 43.1217884], [131.9451368, 43.1212896], [131.9449853, 43.1211036], [131.94486, 43.1209579], [131.9448245, 43.1209132], [131.9445494, 43.1205832], [131.9442492, 43.1201886], [131.9441539, 43.120049], [131.9440922, 43.1199158], [131.9440409, 43.1197914], [131.9439527, 43.1195106], [131.9437751, 43.1188432], [131.9437555, 43.1187687]], [[131.9437555, 43.1187687], [131.9439394, 43.1182758], [131.9442258, 43.1175425], [131.9442999, 43.1173669], [131.9443199, 43.1173244], [131.9444165, 43.1171257], [131.9445486, 43.1168787], [131.9445901, 43.1168249], [131.9446121, 43.1167963], [131.9446711, 43.116737], [131.9447124, 43.116709], [131.9448447, 43.1166383], [131.9449718, 43.1165964], [131.9451779, 43.1165552], [131.9458839, 43.1164361], [131.9460252, 43.1164157], [131.9464901, 43.1163558], [131.9465744, 43.1163471], [131.9466749, 43.1163368], [131.948063, 43.1162131], [131.9483129, 43.1161865], [131.9485414, 43.1161615], [131.9489466, 43.1161077], [131.9490744, 43.1160906], [131.949166, 43.1160786], [131.9492498, 43.1160667], [131.9495258, 43.1160337], [131.9497465, 43.1160272], [131.949952, 43.1160516], [131.95017, 43.1160952], [131.9503672, 43.116144], [131.9506229, 43.116212], [131.9506322, 43.1162145], [131.9507891, 43.1162719], [131.9509529, 43.1163364], [131.9510857, 43.1163974], [131.9511541, 43.1164299]]]}}, {"type": "Feature", "properties": {"name": "улица Часовитина", "part": "mainland", "theme": "person", "descr": "Образована 08.12.1938. По другой версии — переименована в честь Д. Часовитина из ул. Плотничьей 31.07.1975"}, "geometry": {"type": "MultiLineString", "coordinates": [[[131.9391305, 43.0965388], [131.9391368, 43.0965166], [131.9391559, 43.0964951], [131.9391881, 43.0964785], [131.9392548, 43.096458], [131.9395041, 43.0964101], [131.9399883, 43.0963488], [131.9402025, 43.0963202], [131.9402875, 43.0963076]], [[131.9402875, 43.0963076], [131.9403498, 43.0962913], [131.9403662, 43.0962691], [131.9403695, 43.0962495], [131.9403669, 43.0962275], [131.9403542, 43.0961981], [131.9403341, 43.0961567], [131.9402919, 43.0961597], [131.9401926, 43.0961626], [131.9401218, 43.0961606], [131.9400256, 43.0961516], [131.9399553, 43.0961417], [131.939897, 43.096132], [131.9398759, 43.0961231], [131.9398634, 43.0961115], [131.9398579, 43.096101], [131.9398566, 43.0960863], [131.9398636, 43.0960604], [131.9398827, 43.0960493], [131.9399705, 43.0960114], [131.9401277, 43.095924], [131.9402145, 43.0958737], [131.9403597, 43.0957877], [131.940494, 43.0957075], [131.9406517, 43.0956246], [131.9407333, 43.0955835], [131.9407825, 43.0955698], [131.9408301, 43.0955653], [131.9408575, 43.0955649], [131.9411514, 43.0955728], [131.9412321, 43.0955759], [131.9412683, 43.0955734], [131.9413065, 43.0955625], [131.9413399, 43.095536], [131.9413623, 43.0955074], [131.9413761, 43.0954778], [131.9413861, 43.095427], [131.9413776, 43.0953937], [131.9413718, 43.0953815], [131.9413604, 43.0953693], [131.9413174, 43.0953507], [131.9410335, 43.0953053], [131.9408569, 43.0952768], [131.9407076, 43.0952532], [131.940641, 43.0952345], [131.940608, 43.095218], [131.9405846, 43.0952004], [131.9405521, 43.095166], [131.9405329, 43.0951364], [131.9405218, 43.0950971], [131.9405301, 43.0950578], [131.9405552, 43.0950157], [131.9405932, 43.094984], [131.9406371, 43.0949513], [131.9408372, 43.0948059], [131.9409519, 43.0947375], [131.9410052, 43.0947178], [131.9410456, 43.0947083], [131.9411264, 43.094692], [131.9412203, 43.0946839], [131.941699, 43.0946851], [131.942413, 43.0946869], [131.9424403, 43.094687], [131.9424802, 43.0946804], [131.9425121, 43.0946674], [131.9425318, 43.0946448], [131.9425392, 43.0946169], [131.9425426, 43.0944639], [131.9425695, 43.0944321], [131.9426053, 43.094416], [131.9426399, 43.0944116], [131.9429944, 43.0944227], [131.9431012, 43.094427], [131.9433855, 43.0944578], [131.9434373, 43.0944704], [131.9437653, 43.0945502], [131.9438348, 43.0945656], [131.9439487, 43.0945908], [131.9440661, 43.0946156], [131.9441728, 43.094631], [131.9442592, 43.0946388], [131.9443378, 43.0946442], [131.9444158, 43.0946565], [131.9444299, 43.094671], [131.9444584, 43.0947002], [131.9445051, 43.0947883]], [[131.945542, 43.0949505], [131.9456787, 43.0949793], [131.9458207, 43.0949971], [131.9459167, 43.0950058], [131.9460364, 43.095004], [131.9461338, 43.0949875], [131.94624, 43.0949655], [131.9464483, 43.0949401], [131.9465488, 43.0949342], [131.9467466, 43.0948409], [131.9470438, 43.0946943], [131.9470534, 43.094667], [131.9470984, 43.0945273]], [[131.9445051, 43.0947883], [131.9445132, 43.0948752], [131.9445187, 43.0949692], [131.9445187, 43.0949813], [131.9445191, 43.0953155], [131.9445174, 43.0954653], [131.9445354, 43.0956183], [131.9445771, 43.0957206], [131.9445915, 43.0957559]], [[131.9445915, 43.0957559], [131.9446556, 43.0958477], [131.944703, 43.0958945], [131.9447554, 43.0959211], [131.9448169, 43.0959444], [131.9449726, 43.0959681], [131.9450111, 43.0959717], [131.945066, 43.0959769], [131.9451474, 43.0959839], [131.945289, 43.095991], [131.9453163, 43.0959904], [131.9453545, 43.0959896], [131.9455916, 43.0959678], [131.9456656, 43.095955], [131.945714, 43.0959466], [131.9458574, 43.0959199], [131.9459359, 43.0959054], [131.9461767, 43.0958806], [131.9463029, 43.0958696], [131.9463969, 43.0958788], [131.9465648, 43.0959975]], [[131.9476892, 43.0971145], [131.9474352, 43.0970926], [131.9473825, 43.0970933], [131.9473368, 43.0970975], [131.9471743, 43.0971437], [131.9471342, 43.0971581], [131.9471001, 43.0971753], [131.9466903, 43.0974501], [131.9462443, 43.0977061], [131.9462317, 43.0977136], [131.9461072, 43.0977817], [131.9460761, 43.09781], [131.9460386, 43.097847], [131.9460016, 43.0978836], [131.9459509, 43.0979346], [131.9458916, 43.0979781], [131.9458215, 43.0980138], [131.9457485, 43.098044], [131.9456465, 43.0980736], [131.945545, 43.098086], [131.9452509, 43.0980883], [131.945071, 43.0980839], [131.9449375, 43.0980693], [131.9448638, 43.0980574], [131.9445897, 43.097969], [131.9444742, 43.0979359], [131.9443641, 43.0978897], [131.9442958, 43.0978496], [131.944215, 43.0977841], [131.9441741, 43.0977281], [131.9441093, 43.0976309], [131.9440823, 43.0975959], [131.9440489, 43.0975818], [131.9440052, 43.0975896], [131.9439796, 43.0976039], [131.9439587, 43.097637], [131.9439617, 43.0976844], [131.9442518, 43.0982684]], [[131.9445051, 43.0947883], [131.9445841, 43.0947802], [131.9448436, 43.0947507], [131.9450284, 43.0947755], [131.9451284, 43.0947961], [131.9452641, 43.0948438], [131.9454438, 43.0949191], [131.945542, 43.0949505]]]}}, {"type": "Feature", "properties": {"name": "улица Марины Расковой", "part": "mainland", "theme": "person", "descr": "Образована 08.12.1938"}, "geometry": {"type": "LineString", "coordinates": [[131.9404357, 43.099338], [131.9403345, 43.0992471], [131.940283, 43.0991984], [131.9401098, 43.0990249], [131.9400482, 43.0989613], [131.9399708, 43.0988806], [131.9398401, 43.0987422], [131.9396788, 43.0985159], [131.9396103, 43.0984209], [131.9393799, 43.0980984], [131.93928, 43.0979319], [131.9392619, 43.097896], [131.9392326, 43.0978179], [131.9391995, 43.0977243], [131.939129, 43.0975247], [131.9390958, 43.0974309], [131.9390869, 43.0974056], [131.939058, 43.0973238], [131.9390369, 43.0972642], [131.9390265, 43.0972346], [131.9390164, 43.0971762], [131.9390241, 43.0971354], [131.9390453, 43.0970886], [131.9390846, 43.0969919], [131.9391162, 43.0969082], [131.9391387, 43.0968171], [131.9391472, 43.0967473], [131.9391436, 43.0967027], [131.9391305, 43.0965388]]}}, {"type": "Feature", "properties": {"name": "улица Сафонова", "part": "mainland", "theme": "person", "descr": "https://t.me/vvtopo/301"}, "geometry": {"type": "MultiLineString", "coordinates": [[[131.949574, 43.0908728], [131.9495167, 43.0906335], [131.9495097, 43.0905797], [131.9494923, 43.0899334]], [[131.9473315, 43.0992367], [131.9473412, 43.0991769], [131.9473499, 43.0991235], [131.947361, 43.0990554], [131.9473915, 43.098868], [131.947407, 43.0987725], [131.9474173, 43.0987091], [131.9474692, 43.0983904], [131.9474846, 43.0982958], [131.9475124, 43.098125], [131.9475307, 43.0980765], [131.9475799, 43.0980094], [131.9475914, 43.0979965], [131.9476927, 43.0978827], [131.9477621, 43.0978047], [131.9477925, 43.0977705], [131.9478806, 43.0976715], [131.948082, 43.0974449], [131.9482783, 43.0972244], [131.948343, 43.0971517], [131.9487322, 43.0967142], [131.9488268, 43.0966559], [131.949011, 43.0965673], [131.9492204, 43.0964822], [131.9494924, 43.0963807], [131.9495695, 43.0963427], [131.9496063, 43.0963246], [131.9496899, 43.0962789], [131.9497649, 43.096228], [131.9498003, 43.096204], [131.9498892, 43.0961341], [131.9499472, 43.0960773], [131.9500095, 43.095997], [131.9500556, 43.0959187], [131.9501297, 43.0957588], [131.9501647, 43.0957006], [131.9502185, 43.0956391]], [[131.9505952, 43.0947437], [131.9505461, 43.0944518], [131.9505166, 43.0942812], [131.9504661, 43.093989], [131.9504048, 43.0937385], [131.9503261, 43.0934689], [131.950308, 43.0934236], [131.95004, 43.0927963], [131.9499304, 43.0925395], [131.9498371, 43.0923214], [131.9496523, 43.091889], [131.9496098, 43.0917739], [131.9495932, 43.0917191], [131.9495841, 43.0916725], [131.9495774, 43.0916184], [131.9495731, 43.0915346], [131.9495609, 43.0912979], [131.9495608, 43.0912587], [131.9495606, 43.0911518], [131.9495604, 43.0910403], [131.9495606, 43.0909592], [131.949565, 43.0909234], [131.949574, 43.0908728]], [[131.9475914, 43.0979965], [131.9477268, 43.0979446], [131.948104, 43.0977848], [131.9486163, 43.097559], [131.9487569, 43.097497], [131.9488524, 43.0974549], [131.9493747, 43.0972248], [131.9498441, 43.0970187], [131.950086, 43.0969125]], [[131.9500921, 43.0968984], [131.950086, 43.0969125], [131.9500896, 43.0969574], [131.9501152, 43.0969934], [131.9501844, 43.097091], [131.9502908, 43.0972412], [131.9503125, 43.0972509], [131.9503389, 43.0972513]], [[131.9502185, 43.0956391], [131.9502683, 43.0956041], [131.9505312, 43.0954171], [131.950603, 43.0953575], [131.9506525, 43.0952902], [131.9506698, 43.095225], [131.950667, 43.0951713], [131.9506645, 43.0951371], [131.9506277, 43.0949237], [131.9506005, 43.0947743], [131.9505952, 43.0947437]]]}}, {"type": "Feature", "properties": {"name": "улица Никифорова", "part": "mainland", "theme": "person", "descr": "Переименована из Плотничьей или из Часовитина в честь Петра Никифорова 02.12.1982."}, "geometry": {"type": "MultiLineString", "coordinates": [[[131.9550865, 43.097241], [131.9550662, 43.0972028], [131.9550503, 43.0971714], [131.9549856, 43.0970326], [131.9549563, 43.0969497], [131.9549497, 43.0969164], [131.9548762, 43.0963709], [131.954854, 43.0962365], [131.9548371, 43.0961169], [131.9547931, 43.0957701], [131.9546927, 43.0950535], [131.954589, 43.0943467], [131.9545254, 43.0939882], [131.9544277, 43.093745], [131.9543363, 43.0935248], [131.9542354, 43.093289], [131.9541742, 43.093144], [131.9540822, 43.0929258], [131.9540225, 43.0927843], [131.9539951, 43.0927194], [131.9539351, 43.0925771], [131.9538697, 43.0924222], [131.9538046, 43.0922929], [131.9536883, 43.0921218], [131.9535196, 43.0919541], [131.9534496, 43.0918954], [131.9533684, 43.0918339], [131.9532595, 43.0917795], [131.9527255, 43.0915969], [131.9521777, 43.0914168], [131.9515668, 43.0912179], [131.9515043, 43.0911975], [131.9509485, 43.0910144], [131.9503867, 43.0908342], [131.9502948, 43.0908036], [131.9501851, 43.0907668], [131.950026, 43.0907161], [131.9499196, 43.0906951], [131.9498081, 43.0906975], [131.9497058, 43.0907247], [131.9496304, 43.0907788], [131.949574, 43.0908728]], [[131.9474237, 43.0903151], [131.9473689, 43.0904179], [131.9473596, 43.0904584], [131.947361, 43.0906222], [131.9467328, 43.0905498], [131.9466018, 43.0905406], [131.9464783, 43.0905458], [131.9463831, 43.0905617], [131.9463043, 43.0905866], [131.9462613, 43.0906028], [131.946006, 43.0906989], [131.9459819, 43.090707]]]}}, {"type": "Feature", "properties": {"name": "Алеутская улица", "part": "mainland", "theme": "ship", "descr": "дата примерная"}, "geometry": {"type": "MultiLineString", "coordinates": [[[131.8854755, 43.1249265], [131.8854896, 43.1249709], [131.8855478, 43.1251528], [131.8856342, 43.1254236], [131.8856396, 43.1254403], [131.8856692, 43.1255331], [131.8857392, 43.1257523], [131.8857674, 43.1258405], [131.88579, 43.1259114], [131.8858179, 43.1259986], [131.8858599, 43.1261301], [131.8859743, 43.1264884], [131.8860022, 43.1265757]], [[131.8851617, 43.123739], [131.8850556, 43.123591], [131.8848829, 43.1231858], [131.8848029, 43.1229602], [131.8847379, 43.1227769], [131.8846943, 43.122654]], [[131.8820697, 43.1152116], [131.8820824, 43.1152495], [131.8820847, 43.1152562], [131.882113, 43.1153402], [131.8821422, 43.1154274], [131.8821457, 43.1154378], [131.8821702, 43.1155107], [131.8822034, 43.1156094]], [[131.8820697, 43.1152116], [131.8820602, 43.1151832], [131.8820284, 43.1150887], [131.8820221, 43.11507], [131.881884, 43.1146591], [131.8817561, 43.1142805], [131.8814227, 43.113382], [131.8814161, 43.113361], [131.8813503, 43.113152], [131.8812302, 43.1127701], [131.8811353, 43.1124684], [131.880977, 43.1119597], [131.8809715, 43.1119423]], [[131.8835501, 43.119412], [131.8833208, 43.1188171], [131.8832588, 43.1186339]], [[131.884295, 43.1215281], [131.8842722, 43.1214638], [131.8839072, 43.1204344], [131.883891, 43.1203878]], [[131.8832588, 43.1186339], [131.8830681, 43.1180679], [131.8830511, 43.1180199], [131.8830225, 43.1179394], [131.8829681, 43.117786], [131.8828872, 43.1175582], [131.8828636, 43.1174893], [131.8825776, 43.1166847], [131.8824696, 43.1163801]], [[131.883891, 43.1203878], [131.883684, 43.1198042], [131.883666, 43.1197534], [131.8835501, 43.119412]], [[131.8809195, 43.111732], [131.8809483, 43.1118485], [131.8809715, 43.1119423]], [[131.8860714, 43.1269755], [131.8860513, 43.126844], [131.8861118, 43.1267406]], [[131.8860022, 43.1265757], [131.8859599, 43.126571], [131.8852159, 43.1266922], [131.8851355, 43.1266531], [131.8850403, 43.1263575], [131.8849811, 43.1263279], [131.884867, 43.1263337]], [[131.8822034, 43.1156094], [131.8822732, 43.1158171], [131.8823678, 43.1160986]], [[131.8823678, 43.1160986], [131.8824441, 43.1163065]], [[131.8846943, 43.122654], [131.8845626, 43.1222828], [131.8844618, 43.1219984], [131.8844054, 43.1218137], [131.8843221, 43.1216045], [131.884295, 43.1215281]], [[131.8824696, 43.1163801], [131.8824441, 43.1163065]]]}}, {"type": "Feature", "properties": {"name": "улица Гульбиновича", "part": "mainland", "theme": "person", "descr": "Переименована из Измаильской в честь А. А. Гульбиновича 06.11.1932"}, "geometry": {"type": "MultiLineString", "coordinates": [[[131.9020845, 43.0963697], [131.9021645, 43.0963423], [131.9021828, 43.0963375], [131.9026306, 43.0962834], [131.9027247, 43.0962672], [131.9027703, 43.0962622], [131.9028828, 43.0962564], [131.9031171, 43.0962379], [131.903445, 43.0962175], [131.9037526, 43.0961985], [131.9040081, 43.0961853], [131.9040888, 43.096181], [131.9042808, 43.0961699], [131.9044501, 43.096155], [131.9052085, 43.0960123], [131.9052483, 43.0960055], [131.9053125, 43.0959999], [131.9054285, 43.0959941], [131.9055378, 43.0959797], [131.9056561, 43.0959584], [131.9057847, 43.0959161], [131.9058707, 43.0958801], [131.9059647, 43.0958332], [131.9060491, 43.0957781], [131.9061269, 43.0957223], [131.9062165, 43.0956419], [131.9064038, 43.0957072], [131.9066736, 43.0958066]], [[131.9131456, 43.0960933], [131.9131187, 43.0960671], [131.9130886, 43.096034], [131.9130602, 43.0959995], [131.9129942, 43.0959252], [131.9129509, 43.0958873], [131.9128912, 43.0958493], [131.9128341, 43.0958206], [131.9127563, 43.0957949], [131.912702, 43.0957791], [131.9126052, 43.0957632], [131.9125617, 43.0957548], [131.9124779, 43.0957467], [131.9120941, 43.0957405], [131.9120358, 43.0957334], [131.9119818, 43.0957238], [131.911895, 43.0956998], [131.9118376, 43.0956839]], [[131.9066736, 43.0958066], [131.9067421, 43.0957203], [131.9067717, 43.0956931], [131.9068012, 43.0956728], [131.9068308, 43.0956635], [131.9068722, 43.0956586], [131.9069271, 43.095653], [131.9069846, 43.0956518], [131.9072059, 43.095645], [131.9072397, 43.0956462], [131.9075843, 43.095683], [131.9079258, 43.0957097], [131.9082785, 43.0957686], [131.9085476, 43.0958176], [131.908591, 43.0958217], [131.9086804, 43.0958252], [131.9095358, 43.0958348], [131.9095709, 43.095831], [131.9096077, 43.0958202], [131.9096588, 43.0957584], [131.9096721, 43.0957486], [131.9096923, 43.0957415], [131.9101238, 43.0957445], [131.91016, 43.0957397], [131.9101951, 43.0957269], [131.9102809, 43.0956664], [131.9103199, 43.0956533], [131.9103693, 43.0956458], [131.9117253, 43.0956577], [131.9117795, 43.0956646], [131.9118376, 43.0956839]], [[131.9066736, 43.0958066], [131.9068847, 43.0958931], [131.9070673, 43.0959659], [131.9076958, 43.096208], [131.9077583, 43.0962321]]]}}, {"type": "Feature", "properties": {"name": "улица Краева", "part": "mainland", "theme": "person", "descr": "Переименованная Иманская (30.03.1979)"}, "geometry": {"type": "LineString", "coordinates": [[131.8959477, 43.1021954], [131.895744, 43.1023946], [131.8957271, 43.1024109], [131.895613, 43.1025224], [131.895533, 43.1025991], [131.895383, 43.1027473], [131.8949618, 43.1031533], [131.8948806, 43.1032277], [131.89458, 43.1035136], [131.8943415, 43.1037413]]}}, {"type": "Feature", "properties": {"name": "Полтавская улица", "part": "mainland", "theme": "place", "descr": "https://t.me/vvtopo/177"}, "geometry": {"type": "MultiLineString", "coordinates": [[[131.8947233, 43.1052111], [131.894497, 43.1051719], [131.8944191, 43.1051555], [131.8943787, 43.1051462], [131.8939413, 43.1050273], [131.8938315, 43.1049787], [131.89367, 43.1048962], [131.8934449, 43.1047539], [131.893426, 43.1047407], [131.8932656, 43.1046018], [131.8930403, 43.1043272], [131.8929116, 43.104082]], [[131.8976795, 43.105073], [131.8975571, 43.1050796], [131.8967286, 43.1051126], [131.8964002, 43.1051454], [131.8962377, 43.1051745], [131.8955364, 43.1052289]], [[131.8955364, 43.1052289], [131.8954443, 43.1052344], [131.8951394, 43.1052349], [131.8949314, 43.105228], [131.8947233, 43.1052111]]]}}, {"type": "Feature", "properties": {"name": "Берёзовая улица", "part": "mainland", "theme": "tree", "descr": ""}, "geometry": {"type": "MultiLineString", "coordinates": [[[131.8932696, 43.1030979], [131.8930426, 43.102957], [131.8926767, 43.102729], [131.8926329, 43.1027022], [131.8925226, 43.1026361], [131.8921749, 43.1024436], [131.8920777, 43.1023936], [131.891905, 43.1023095], [131.8918376, 43.1022818], [131.8917724, 43.1022591], [131.8917081, 43.102242], [131.8915437, 43.1022094], [131.8913332, 43.1021736]], [[131.8913332, 43.1021736], [131.8911465, 43.1021294], [131.8910041, 43.1020846], [131.8908293, 43.1020261], [131.8906237, 43.1019467], [131.890514, 43.1019043], [131.8901555, 43.1017466], [131.8898942, 43.1016251], [131.8897238, 43.1015457], [131.8896713, 43.1015215]], [[131.8955364, 43.1052289], [131.8957111, 43.1051325], [131.8957648, 43.1050631], [131.8958186, 43.1049696], [131.895825, 43.1047522], [131.8957975, 43.1046558], [131.8957302, 43.1045058], [131.8956615, 43.104414], [131.8955582, 43.1043254], [131.8954046, 43.1042598], [131.8951624, 43.104147], [131.8947253, 43.1039339], [131.8943415, 43.1037413]], [[131.8943415, 43.1037413], [131.8943177, 43.1037299], [131.8942943, 43.103718], [131.8941347, 43.1036293], [131.8938876, 43.1034819], [131.89385, 43.1034595], [131.8932696, 43.1030979]]]}}, {"type": "Feature", "properties": {"name": "Фастовская улица", "part": "mainland", "theme": "place", "descr": "https://t.me/vvtopo/176"}, "geometry": {"type": "MultiLineString", "coordinates": [[[131.8943678, 43.1016049], [131.8942299, 43.1016248], [131.8941582, 43.1016463], [131.8940327, 43.1017065], [131.8939759, 43.1017356], [131.8936806, 43.101887], [131.8933879, 43.1020372], [131.8933612, 43.1020509], [131.8932419, 43.1021121], [131.8929776, 43.1022538], [131.892945, 43.1022812], [131.8929269, 43.102311], [131.8929323, 43.1023633], [131.8930452, 43.1025793], [131.893192, 43.1028898], [131.893276, 43.1030639], [131.8932696, 43.1030979]], [[131.8966938, 43.1005853], [131.8969113, 43.1004509], [131.897106, 43.100359], [131.8971764, 43.1003217], [131.8973791, 43.1002207], [131.8976928, 43.100055], [131.8978448, 43.0999743], [131.898247, 43.0997468], [131.8983139, 43.0997096], [131.8986443, 43.099505]], [[131.8986443, 43.099505], [131.8987253, 43.099456], [131.8988484, 43.0993823], [131.898927, 43.0993411], [131.8989815, 43.0993172], [131.8990423, 43.0992964], [131.8990877, 43.0992829], [131.899129, 43.0992752], [131.89995, 43.0992389], [131.9004023, 43.0992283], [131.9006395, 43.0992232], [131.9007785, 43.0992201], [131.9008223, 43.0992191], [131.9010926, 43.0992135], [131.9014406, 43.0992095], [131.9014992, 43.0992075], [131.9015291, 43.0992069], [131.9017016, 43.0992039], [131.9019719, 43.099199], [131.9029994, 43.0991808], [131.9031095, 43.0991585], [131.9032802, 43.0990747], [131.9035348, 43.0988947], [131.9036539, 43.0988112], [131.9037805, 43.0987386], [131.9039857, 43.0986161], [131.9041395, 43.0985144]]]}}, {"type": "Feature", "properties": {"name": "Бежецкая улица", "part": "mainland", "theme": "place", "descr": "Отмечена без названия на карте 1913 г. и плане 1915 г. Как ул. Бежецкая упомянута в справочнике 1924 г."}, "geometry": {"type": "MultiLineString", "coordinates": [[[131.8914132, 43.0984724], [131.8913307, 43.0984858], [131.8911226, 43.0985269], [131.8908055, 43.0985913], [131.89056, 43.098638], [131.8901236, 43.0987209], [131.8899136, 43.0987585], [131.8895394, 43.0988254], [131.8893079, 43.0988667], [131.8890298, 43.0989172], [131.8889658, 43.0989227]], [[131.8889658, 43.0989227], [131.8888399, 43.098945], [131.8887158, 43.0989606]]]}}, {"type": "Feature", "properties": {"name": "Херсонская улица", "part": "mainland", "theme": "place", "descr": "Упоминается в справочнике 1924 г."}, "geometry": {"type": "MultiLineString", "coordinates": [[[131.8954394, 43.0944541], [131.8951624, 43.0943782], [131.8948567, 43.094283], [131.8947714, 43.0942596], [131.8945567, 43.094194], [131.894123, 43.094062], [131.893986, 43.0940204], [131.8935712, 43.0938959], [131.893523, 43.0938854], [131.8934706, 43.0938808], [131.893277, 43.0938906], [131.8928095, 43.0935573], [131.8927886, 43.0935319], [131.8927761, 43.0934795]], [[131.8927761, 43.0934795], [131.8927474, 43.0934446], [131.892532, 43.093267]], [[131.8919115, 43.0927776], [131.8922225, 43.0930229], [131.892532, 43.093267]], [[131.8899668, 43.0932111], [131.890119, 43.0930033], [131.8901583, 43.0929463], [131.8902123, 43.092867], [131.8902161, 43.0928525], [131.890212, 43.092829], [131.890039, 43.0927056], [131.8900219, 43.0926763], [131.8900192, 43.0926364], [131.8900929, 43.0925788], [131.8901243, 43.0925493], [131.8901748, 43.0925228], [131.8902239, 43.0925157], [131.8903176, 43.0925093], [131.8904173, 43.0925179], [131.890506, 43.09253], [131.8907354, 43.0925611], [131.8909833, 43.0925947], [131.891129, 43.0926178], [131.8911692, 43.0926252]]]}}, {"type": "Feature", "properties": {"name": "Очаковская улица", "part": "mainland", "theme": "place", "descr": "Упомянута в справочнике 1924 г."}, "geometry": {"type": "LineString", "coordinates": [[131.9007709, 43.1021653], [131.9007528, 43.1021673], [131.9007363, 43.1021689], [131.9005534, 43.1021851], [131.9004701, 43.1021888], [131.9000822, 43.1021963]]}}, {"type": "Feature", "properties": {"name": "улица Зои Космодемьянской", "part": "mainland", "theme": "person", "descr": "но wikimapia не уверена"}, "geometry": {"type": "MultiLineString", "coordinates": [[[131.90765, 43.0869584], [131.907609, 43.0869352], [131.9075388, 43.0869069], [131.9074828, 43.0868914], [131.9074236, 43.0868827], [131.9069623, 43.086897], [131.9066641, 43.0869083], [131.9064869, 43.0869178], [131.9061387, 43.0869361], [131.9056816, 43.0869652], [131.9055468, 43.0869737], [131.9052031, 43.0869843], [131.9050359, 43.0869908], [131.9047419, 43.0870033], [131.904425, 43.0870265], [131.9041875, 43.0870493], [131.9041087, 43.0870583], [131.9039817, 43.0870904], [131.9039145, 43.0871073], [131.9037557, 43.0871692], [131.9036328, 43.0872364], [131.9036059, 43.0872509], [131.903475, 43.0873249], [131.9034616, 43.0873314], [131.9031599, 43.0874933], [131.902988, 43.087583]], [[131.9052031, 43.0869843], [131.9052219, 43.0870555], [131.9052456, 43.0871824], [131.9053051, 43.0874673], [131.9053278, 43.0875633], [131.9054379, 43.0878251], [131.9054587, 43.0878882], [131.9055439, 43.0880713], [131.9055907, 43.088225], [131.9056157, 43.0883789], [131.9056186, 43.0884556], [131.9056106, 43.0885163], [131.9055735, 43.0886524], [131.9054517, 43.0889178], [131.9053589, 43.0890818], [131.9052376, 43.0892104], [131.9050583, 43.0893383], [131.9049014, 43.0894343], [131.9047766, 43.0895052], [131.9045789, 43.0895688], [131.904389, 43.0895988], [131.9042119, 43.089603], [131.9040781, 43.0895933], [131.9039117, 43.0895703], [131.9037121, 43.0895266], [131.9035951, 43.0894881], [131.9034704, 43.0894391], [131.9034449, 43.089426], [131.9033057, 43.0893548], [131.9029212, 43.0891326], [131.9025173, 43.0888997], [131.9021386, 43.0886723], [131.9018698, 43.0885052], [131.901705, 43.0884119], [131.9015736, 43.0883629], [131.9013761, 43.0883204]], [[131.902988, 43.087583], [131.9028405, 43.0875742], [131.9027222, 43.0875664], [131.9026122, 43.0875586], [131.9025257, 43.0875504], [131.9022964, 43.0875202], [131.9016998, 43.0874416], [131.9013044, 43.0873895], [131.9009046, 43.0873369], [131.9002498, 43.0872506], [131.899798, 43.0871911], [131.8989729, 43.0870824], [131.8986654, 43.0870419], [131.8985455, 43.0870261], [131.8985311, 43.0870242], [131.8984816, 43.0870177], [131.8984155, 43.087009], [131.8983926, 43.087006], [131.8981109, 43.0869689], [131.8980118, 43.0869558], [131.897191, 43.0868479], [131.896295, 43.0867141], [131.8957548, 43.0866439], [131.8956569, 43.0866338], [131.8953267, 43.0865824], [131.8952114, 43.086568], [131.8949033, 43.086506], [131.8947665, 43.086479], [131.8946564, 43.0864438], [131.8945411, 43.0864086], [131.8944767, 43.0863762], [131.894411, 43.0863305], [131.8939441, 43.0859967], [131.8938885, 43.08595]], [[131.8937183, 43.0855961], [131.8937358, 43.0855231], [131.893759, 43.0854824], [131.8939195, 43.0853625], [131.8939818, 43.0853082], [131.8939944, 43.0852782], [131.8939924, 43.0852621], [131.893985, 43.0852538], [131.8935758, 43.0848784], [131.8933326, 43.0846723], [131.8929623, 43.084309], [131.892905, 43.0842616], [131.8928272, 43.0841979], [131.8927856, 43.084149], [131.8927534, 43.0840907], [131.8927453, 43.0840507]], [[131.8938885, 43.08595], [131.8938097, 43.0858578]], [[131.8938097, 43.0858578], [131.893766, 43.085787], [131.8937323, 43.085692], [131.8937201, 43.0856484], [131.8937183, 43.0855961]]]}}, {"type": "Feature", "properties": {"name": "улица Черняховского", "part": "mainland", "theme": "person", "descr": "Образована 06.07.1946. Изначально располагалась юго-западнее. Нынешний участок улицы появился примерно в середине 1980-х гг."}, "geometry": {"type": "MultiLineString", "coordinates": [[[131.9511541, 43.1164299], [131.9512539, 43.1164827], [131.9513147, 43.116512], [131.9513805, 43.1165448], [131.9514283, 43.1165686], [131.9515536, 43.1166389], [131.951707, 43.1167549], [131.9518716, 43.116901], [131.9520446, 43.1170639], [131.9521816, 43.1172067], [131.9523023, 43.1173281], [131.9524649, 43.1175108], [131.9526297, 43.1176799], [131.9528441, 43.1178466], [131.953041, 43.117979], [131.953109, 43.1180176], [131.9532882, 43.1181123], [131.9534866, 43.1181949], [131.9537386, 43.1182756], [131.9539488, 43.1183351], [131.9546554, 43.1185098], [131.9548082, 43.118535], [131.9549054, 43.1185487], [131.9550532, 43.1185701], [131.9552314, 43.1185797], [131.9553922, 43.1185732], [131.9554684, 43.118568], [131.9555608, 43.1185543], [131.9558461, 43.1184916], [131.9559358, 43.1184674], [131.9562152, 43.118361]], [[131.9562152, 43.118361], [131.9564866, 43.1182497], [131.956933, 43.1180288], [131.957258, 43.1178682], [131.9575266, 43.1176738], [131.9576803, 43.1175538], [131.9578088, 43.1174335], [131.9579173, 43.1172977], [131.9580691, 43.1170629], [131.9581584, 43.1168909], [131.9581904, 43.1168306]]]}}, {"type": "Feature", "properties": {"name": "улица Ладыгина", "part": "mainland", "theme": "person", "descr": "Образована 21.07.1950. В нынешнем месте появилась не раньше 1972 года."}, "geometry": {"type": "MultiLineString", "coordinates": [[[131.9534586, 43.121974], [131.9534959, 43.1219951], [131.9535248, 43.1220117], [131.9535495, 43.122025], [131.953568, 43.1220342], [131.9535929, 43.122046], [131.9536176, 43.1220568], [131.9536918, 43.122089], [131.9537769, 43.1221228], [131.9539126, 43.1221668], [131.9540333, 43.1222028], [131.9541775, 43.1222333], [131.9545133, 43.1222958], [131.9546883, 43.1223402], [131.9547865, 43.122375], [131.9548726, 43.122415], [131.9549562, 43.1224592]], [[131.9511541, 43.1164299], [131.9511395, 43.1165994], [131.9511366, 43.1166688], [131.951139, 43.1167608], [131.9511454, 43.116935], [131.951149, 43.1170344], [131.9511528, 43.1171362], [131.9511571, 43.1175168], [131.9511309, 43.1178274], [131.9510833, 43.1180443], [131.9510403, 43.118278], [131.9510162, 43.1184615], [131.9510047, 43.1186356], [131.9509949, 43.1188798]], [[131.9509949, 43.1188798], [131.9509953, 43.1189683], [131.9510014, 43.119169], [131.9510066, 43.1193391], [131.951058, 43.1197], [131.9511, 43.1198607], [131.9511417, 43.11998], [131.9511926, 43.1200736], [131.9512988, 43.1202539], [131.9514829, 43.1204601], [131.9516923, 43.1206483], [131.9522956, 43.1210215], [131.9524095, 43.1210937], [131.9525727, 43.1212114], [131.9526421, 43.1212664], [131.952692, 43.1213059], [131.9527893, 43.1213872], [131.9528322, 43.1214258], [131.9529328, 43.1215198], [131.9531084, 43.1216913], [131.9531668, 43.1217484], [131.9532412, 43.1218159], [131.9532976, 43.1218648], [131.9533881, 43.121929], [131.9534586, 43.121974]], [[131.9549562, 43.1224592], [131.9550638, 43.1225208], [131.9551157, 43.1225524], [131.9551513, 43.1225751], [131.9551685, 43.1225852], [131.9552142, 43.122617], [131.9553968, 43.1227444], [131.9555299, 43.1228371], [131.9558061, 43.12303], [131.955946, 43.1231258], [131.9562305, 43.1233235], [131.9563353, 43.1233961], [131.9568332, 43.1237386], [131.9572343, 43.1240225], [131.957297, 43.1240668]]]}}, {"type": "Feature", "properties": {"name": "Амурская улица", "part": "mainland", "theme": "place", "descr": "Постановление главы администрации г. Владивостока от 28.06.2006 №1365"}, "geometry": {"type": "MultiLineString", "coordinates": [[[131.9077224, 43.1333185], [131.9077173, 43.1333774], [131.9076831, 43.1337222], [131.9076699, 43.1339122], [131.9076338, 43.1342135], [131.9076319, 43.1342465], [131.9075907, 43.1346093], [131.9075523, 43.1346829], [131.9074497, 43.1347291], [131.9069091, 43.1347974], [131.9064966, 43.1348476], [131.9059807, 43.1349171], [131.9054801, 43.134986], [131.9052992, 43.1350153], [131.9050336, 43.1350575]], [[131.8904461, 43.1319553], [131.8903771, 43.1319338], [131.89032, 43.1319391], [131.88988, 43.132084], [131.889784, 43.1321015], [131.889727, 43.1320989], [131.8894908, 43.1320918], [131.889407, 43.1320847], [131.8891423, 43.132067], [131.8890802, 43.132063], [131.8889299, 43.132059], [131.8888789, 43.1320678], [131.8887886, 43.1321098], [131.888778, 43.1321165], [131.8886861, 43.1321796], [131.8886743, 43.1322234], [131.888637, 43.1323656], [131.888601, 43.1327902], [131.8886599, 43.1329708], [131.8887525, 43.1331042], [131.8889193, 43.1333187], [131.888986, 43.1334094], [131.8890132, 43.1334453], [131.8890502, 43.1334951], [131.8890628, 43.1335088], [131.8893194, 43.1337764], [131.8894989, 43.1339772], [131.8896481, 43.1341546], [131.8897907, 43.1343334], [131.8898208, 43.1343722], [131.8899231, 43.1344633], [131.8900188, 43.134536], [131.8905043, 43.1350676], [131.890527, 43.1350905], [131.890582, 43.1351457], [131.8906473, 43.1352134], [131.8907431, 43.1352495], [131.8907994, 43.135269], [131.8908919, 43.1352819], [131.8909713, 43.1352786], [131.8910606, 43.1352698], [131.8911804, 43.1352338], [131.89127, 43.1351946], [131.8913752, 43.1352468], [131.8915683, 43.1353392], [131.8916364, 43.135377], [131.8917503, 43.1354324], [131.8918057, 43.1355022], [131.8918363, 43.1355848], [131.8919059, 43.1357077], [131.8920276, 43.1357121], [131.892461, 43.1357775], [131.8930424, 43.1358643], [131.8933834, 43.1359225], [131.8934297, 43.1359366], [131.8934598, 43.1359489], [131.8934826, 43.1359606], [131.8935271, 43.1359911], [131.8935941, 43.1360353], [131.8936704, 43.1361175], [131.8936993, 43.1361327], [131.8937295, 43.1361425], [131.8944018, 43.136254], [131.8944851, 43.1362674], [131.894676, 43.1363005], [131.8948542, 43.1363276], [131.8952176, 43.1363792], [131.8955955, 43.1364279], [131.8956553, 43.1364528], [131.8961327, 43.136637], [131.8963714, 43.1367307]], [[131.8146022, 43.0273103], [131.8149072, 43.0270824], [131.8151504, 43.0268159], [131.8152628, 43.0266812], [131.815304, 43.0266117], [131.8154487, 43.0264825], [131.8157165, 43.0262981], [131.8158987, 43.0262119], [131.8162843, 43.0260874], [131.81679, 43.0259169], [131.8172818, 43.0257542], [131.8177976, 43.0255881], [131.8185337, 43.0253266], [131.8187982, 43.0252253], [131.8192568, 43.0250609], [131.8193266, 43.0250247], [131.8193977, 43.0249757], [131.819788, 43.024631]], [[131.9024679, 43.1357478], [131.9024346, 43.1357607], [131.9022571, 43.1358321], [131.9019897, 43.1359319], [131.9018935, 43.135964], [131.9016824, 43.1359652]], [[131.900057, 43.1366286], [131.90022, 43.1366446], [131.9003379, 43.136653], [131.9004323, 43.1366415], [131.9011826, 43.1363327], [131.9015897, 43.1361359], [131.901667, 43.1360638], [131.9016824, 43.1359652]], [[131.9050336, 43.1350575], [131.9047987, 43.1350948], [131.9045502, 43.1351366], [131.9045225, 43.1351402], [131.9043169, 43.1351732], [131.9042876, 43.135178], [131.9041189, 43.1352073]], [[131.9041189, 43.1352073], [131.9038065, 43.1352617], [131.9036205, 43.135304], [131.9035519, 43.1353235], [131.9034291, 43.1353691], [131.9033599, 43.1354026], [131.9031247, 43.1355025], [131.9024679, 43.1357478]]]}}, {"type": "Feature", "properties": {"name": "улица Ватутина", "part": "mainland", "theme": "person", "descr": "Образована 21.07.1950"}, "geometry": {"type": "MultiLineString", "coordinates": [[[131.9585009, 43.1104967], [131.9584256, 43.1104839], [131.9581238, 43.1104499], [131.9578969, 43.1104447], [131.9574231, 43.1104258], [131.9573417, 43.1104178], [131.9572778, 43.1103997], [131.957199, 43.110367], [131.9570838, 43.1102979], [131.9567961, 43.1100316], [131.9561014, 43.1093159], [131.9558281, 43.1090285], [131.9557175, 43.1089076], [131.9554315, 43.1086035], [131.9553372, 43.1084834], [131.9552808, 43.1084232], [131.9550149, 43.1081196], [131.9548874, 43.1079827], [131.9546417, 43.107719], [131.9545159, 43.107584], [131.9544775, 43.1075428], [131.9544229, 43.1074857], [131.9543529, 43.1074124], [131.9540789, 43.1071255]], [[131.9599845, 43.1025265], [131.9599099, 43.1024486], [131.9598313, 43.1023769], [131.9597467, 43.1023259]], [[131.9580845, 43.1024818], [131.9571353, 43.1029292], [131.9569324, 43.1029806], [131.9567603, 43.1029971], [131.9565886, 43.1030323], [131.9562244, 43.1031226], [131.9558667, 43.103289], [131.955816, 43.1033154], [131.955348, 43.1035587], [131.9553106, 43.1035853], [131.9547862, 43.1041963], [131.9545262, 43.1043908], [131.9534871, 43.1048338], [131.953319, 43.1048838], [131.9532972, 43.1048867], [131.9532225, 43.1048963], [131.9531232, 43.1049081], [131.9527303, 43.1048981], [131.9527169, 43.1049052], [131.9527067, 43.1049154], [131.9527028, 43.1049348], [131.9526978, 43.1050114], [131.9526934, 43.1050296]], [[131.9597467, 43.1023259], [131.9595412, 43.1022627], [131.9593841, 43.1022322], [131.9591175, 43.1022055], [131.9589429, 43.1021956], [131.9586563, 43.1021855], [131.9586338, 43.1022167], [131.9585923, 43.102248], [131.9584242, 43.102323], [131.9580845, 43.1024818]], [[131.9526934, 43.1050296], [131.9526894, 43.1050438], [131.9525991, 43.1052303], [131.9525728, 43.1052983], [131.9525488, 43.1053837], [131.9525361, 43.1054547], [131.9525345, 43.1055185], [131.9525623, 43.1055522], [131.9525891, 43.1055825], [131.9527338, 43.1057405], [131.9528819, 43.1058943], [131.9531624, 43.1061861], [131.9540789, 43.1071255]], [[131.9561452, 43.1120792], [131.9564991, 43.1118951], [131.9570784, 43.1115519], [131.9575789, 43.1112708], [131.9579764, 43.1110475], [131.9581708, 43.1109004], [131.9583788, 43.1106926], [131.9584111, 43.1106447], [131.9584394, 43.110602], [131.9584689, 43.1105554], [131.9585009, 43.1104967]]]}}, {"type": "Feature", "properties": {"name": "Иртышская улица", "part": "mainland", "theme": "place", "descr": "https://t.me/vvtopo/176"}, "geometry": {"type": "MultiLineString", "coordinates": [[[131.9123006, 43.1596454], [131.9123833, 43.1596877], [131.9132109, 43.160143], [131.9135894, 43.160341], [131.913642, 43.1603659], [131.914556, 43.1607356], [131.9149688, 43.1608927], [131.9153731, 43.161027], [131.9158665, 43.1611794], [131.9160466, 43.1612357], [131.9164919, 43.1613696]], [[131.9219212, 43.1616824], [131.9220317, 43.1617256], [131.9220391, 43.1617288], [131.9225313, 43.1619039], [131.9227232, 43.1619631], [131.9230235, 43.1620417], [131.9230422, 43.1620461], [131.9231392, 43.1620692], [131.9241303, 43.1622922], [131.9243277, 43.1623359], [131.9246923, 43.1624091], [131.9257156, 43.1626453], [131.9258469, 43.1626761], [131.9263323, 43.1627877], [131.9270707, 43.1629642], [131.9275894, 43.1630922], [131.9278817, 43.1631736], [131.9279925, 43.1632046], [131.9280993, 43.1632336], [131.928123, 43.1632403], [131.9284866, 43.1633405], [131.9285555, 43.1633619], [131.9286674, 43.1633913], [131.9292318, 43.1635587], [131.9292545, 43.1635654], [131.9295882, 43.1636661]], [[131.92315, 43.1599277], [131.9232975, 43.1600067], [131.9233905, 43.1600557], [131.9234903, 43.1601118], [131.9235975, 43.1601787], [131.9238152, 43.1603201], [131.9239462, 43.160396], [131.9239871, 43.1604086], [131.9240404, 43.1604108], [131.9241109, 43.1604038], [131.9241908, 43.1603934], [131.9242724, 43.1603678], [131.9251351, 43.1600441], [131.9254553, 43.1599119], [131.9261002, 43.1596611], [131.9261986, 43.1596245], [131.9262636, 43.1596194], [131.926343, 43.1596131], [131.9263594, 43.1596102], [131.926403, 43.1596025], [131.9265157, 43.1595937], [131.9266149, 43.1595909], [131.92668, 43.1595927], [131.9267256, 43.1595961]], [[131.9295882, 43.1636661], [131.9296318, 43.163716], [131.9296663, 43.1637615], [131.9297086, 43.1638529], [131.9297259, 43.1639379], [131.9297136, 43.1640193], [131.9296626, 43.1641359], [131.9296086, 43.164236], [131.9294151, 43.164545], [131.929385, 43.164621], [131.9293699, 43.1646698], [131.9293616, 43.164713], [131.9293625, 43.1647415], [131.9293646, 43.1647721], [131.9293687, 43.1647982], [131.9293768, 43.1648156], [131.9293978, 43.1648482]], [[131.9170763, 43.1603059], [131.9172019, 43.1603334], [131.9175423, 43.1604116], [131.9180409, 43.1605232], [131.918347, 43.1605984], [131.9185595, 43.1606479], [131.9186386, 43.1606672], [131.9192176, 43.1608032], [131.9197159, 43.1609205], [131.9200725, 43.1610157], [131.9203726, 43.1611004], [131.9206444, 43.1611823], [131.9206898, 43.1611953], [131.9209171, 43.1612747], [131.9210135, 43.161309], [131.9211933, 43.1613833], [131.9212727, 43.161415], [131.9212977, 43.1614248], [131.921548, 43.1615297], [131.9216968, 43.1615926], [131.9217965, 43.1616342], [131.9219212, 43.1616824]], [[131.9293978, 43.1648482], [131.9294486, 43.1648746], [131.929506, 43.1648896], [131.9296449, 43.1649169], [131.9296649, 43.1649195], [131.9301329, 43.1649798], [131.9304094, 43.1650216], [131.9304422, 43.1650234], [131.9311331, 43.1650611], [131.9311739, 43.1650548], [131.9312029, 43.1650372]]]}}, {"type": "Feature", "properties": {"name": "улица Кирова", "part": "mainland", "theme": "person", "descr": ""}, "geometry": {"type": "MultiLineString", "coordinates": [[[131.9105772, 43.1669547], [131.9105475, 43.1670405], [131.9104781, 43.1672619], [131.9104681, 43.1672912], [131.9104538, 43.1673333], [131.9103969, 43.1675245], [131.9103755, 43.1676141], [131.9103605, 43.1677296], [131.9103562, 43.1677885], [131.91037, 43.1679322], [131.9104035, 43.168067], [131.9104188, 43.1681145], [131.9104456, 43.1681993], [131.9104944, 43.1683659], [131.9105048, 43.1684117], [131.9106372, 43.1688892], [131.9107803, 43.1694304], [131.910815, 43.1695587], [131.9109124, 43.1699055], [131.910918, 43.1699703], [131.9109177, 43.1700377], [131.910803, 43.170524], [131.9107211, 43.1707802], [131.9105681, 43.1712222], [131.9102266, 43.1718388], [131.9100891, 43.1720872], [131.9100182, 43.1722074], [131.9098731, 43.1724603], [131.9097343, 43.172723], [131.9097299, 43.1727317], [131.9097221, 43.172755], [131.9097007, 43.1729504], [131.9096983, 43.1732326]], [[131.9153001, 43.1877636], [131.9148918, 43.1877906], [131.9146095, 43.1878101], [131.9145581, 43.1878137], [131.914337, 43.1878196], [131.9142377, 43.1878144], [131.9141991, 43.1878134], [131.9141227, 43.1878075], [131.9140188, 43.1877958], [131.9138691, 43.1877721], [131.9137515, 43.1877455], [131.9135737, 43.187691], [131.9131395, 43.1875295], [131.9128443, 43.1874039], [131.9125403, 43.1872472], [131.9124209, 43.1871975]], [[131.9132432, 43.1695649], [131.9131878, 43.1696158], [131.9131529, 43.1696363], [131.9131203, 43.1696509], [131.9130617, 43.1696681], [131.9128848, 43.169701], [131.912768, 43.1697235], [131.9127238, 43.1697483], [131.9127008, 43.1697695], [131.9126664, 43.1698144], [131.9126576, 43.1698409], [131.9126297, 43.1699182], [131.9125996, 43.1700285], [131.9125549, 43.1701878], [131.9125461, 43.1702189], [131.9125528, 43.1702437], [131.9125602, 43.1702623], [131.9125709, 43.1702843], [131.9126202, 43.1703916], [131.9126599, 43.1705146], [131.9126777, 43.1705822], [131.9127274, 43.1707584], [131.9128574, 43.1711424], [131.9128896, 43.1712295], [131.9129561, 43.1714093], [131.9129666, 43.1714376], [131.9129857, 43.1715168], [131.9130069, 43.1716106], [131.9130157, 43.1716536], [131.9130188, 43.1716746], [131.9130258, 43.1717214], [131.9130414, 43.1719261], [131.9130477, 43.1721099], [131.9131007, 43.1723341], [131.9131504, 43.1724295], [131.9131963, 43.172459], [131.9132413, 43.1724791], [131.9132742, 43.1724981]], [[131.9130477, 43.1721099], [131.9129704, 43.1723147], [131.9129256, 43.1724183], [131.9128069, 43.1727622], [131.9127548, 43.1728633], [131.9127169, 43.1729211], [131.9123475, 43.1733671], [131.9122715, 43.1734161], [131.9122501, 43.1734261], [131.9122193, 43.173431], [131.9122044, 43.1734297], [131.9121918, 43.1734246], [131.9120396, 43.1733241], [131.9120218, 43.1733099], [131.9118386, 43.1731768], [131.911722, 43.1730856], [131.911673, 43.1730428], [131.9116293, 43.1730053], [131.9115145, 43.172916], [131.9114276, 43.1728475], [131.9111682, 43.1726264], [131.9110898, 43.1725695], [131.911044, 43.1725314], [131.9109788, 43.1724877], [131.9108846, 43.1724285], [131.9108274, 43.1723976], [131.9107822, 43.1723752], [131.9107447, 43.1723554], [131.9105715, 43.1722826], [131.9102641, 43.1721491], [131.9102437, 43.1721409], [131.9101631, 43.1721106], [131.9100891, 43.1720872]], [[131.910628, 43.1759009], [131.9106734, 43.1761933], [131.9107097, 43.176476], [131.9107364, 43.1769339], [131.9107389, 43.1769765], [131.9107784, 43.1775321], [131.9107794, 43.1775613], [131.9107865, 43.177706], [131.9108569, 43.1787308], [131.9108664, 43.178983], [131.910989, 43.1804606], [131.9110006, 43.1807979], [131.9110007, 43.1808791], [131.9110002, 43.1809111], [131.9110057, 43.1811335], [131.911008, 43.1812461], [131.9110326, 43.181672], [131.9111507, 43.1828564], [131.9111588, 43.1830099], [131.9111801, 43.1833299], [131.9111777, 43.1834265], [131.9111659, 43.1835748], [131.9111545, 43.1837498], [131.911154, 43.1838182], [131.9111428, 43.1843882], [131.9111411, 43.1844244], [131.9111288, 43.1845849], [131.9111278, 43.1846425]], [[131.9111294, 43.1847086], [131.9111245, 43.1847682], [131.9111112, 43.1848248], [131.9110861, 43.1848732], [131.9110661, 43.1849048], [131.9110317, 43.1849183], [131.9108095, 43.1849333], [131.9107363, 43.1849358], [131.9106721, 43.1849408]], [[131.9111278, 43.1846425], [131.9111294, 43.1847086]], [[131.9096983, 43.1732326], [131.9097334, 43.1733143], [131.9098258, 43.1735735], [131.9099407, 43.1739444], [131.9102154, 43.1748012], [131.9102421, 43.1748866], [131.9102723, 43.1749798], [131.9102942, 43.1750485], [131.9103166, 43.1751169], [131.9103712, 43.1752855], [131.9104126, 43.175362]], [[131.9132742, 43.1724981], [131.9133018, 43.1725617], [131.9133373, 43.1726467], [131.9133479, 43.172926], [131.9133385, 43.1730204], [131.9132848, 43.1731221], [131.9132484, 43.1731993], [131.9132435, 43.1732835], [131.9132849, 43.1735694], [131.9133279, 43.1738021], [131.9133731, 43.1739552], [131.9133977, 43.1740176], [131.9134185, 43.1740608], [131.9135196, 43.1742644], [131.9135271, 43.1743022], [131.9135164, 43.1743472], [131.9134182, 43.1747301], [131.9133966, 43.1748055], [131.9133608, 43.1749443], [131.9132056, 43.1753245], [131.9131704, 43.1754259], [131.9131194, 43.1755813], [131.9130938, 43.1756569]], [[131.9107249, 43.1756715], [131.910628, 43.1759009]], [[131.910628, 43.1759009], [131.9105746, 43.1757451], [131.9105198, 43.1756246]], [[131.9105078, 43.1755846], [131.9104126, 43.175362]], [[131.9104126, 43.175362], [131.9107165, 43.1754957]]]}}, {"type": "Feature", "properties": {"name": "улица Чкалова", "part": "mainland", "theme": "person", "descr": "Образована 16.11.1937"}, "geometry": {"type": "MultiLineString", "coordinates": [[[131.913807, 43.177683], [131.9138267, 43.178061], [131.9138694, 43.178854], [131.9138712, 43.1790337], [131.9138836, 43.1795432], [131.913871, 43.1797908], [131.9138696, 43.179856], [131.9138718, 43.1802444], [131.9138583, 43.1806018], [131.9138382, 43.1809055], [131.91382, 43.181147], [131.9137913, 43.1813143], [131.913743, 43.1815255], [131.9137282, 43.1815785], [131.9136409, 43.1817691], [131.9135727, 43.1819258], [131.9135644, 43.1819565], [131.9135613, 43.1819788], [131.913551, 43.1821154], [131.9135689, 43.1822711], [131.9136631, 43.1825447], [131.9137533, 43.182663], [131.9138502, 43.1827689], [131.913967, 43.1828582], [131.9141354, 43.1829569], [131.9142097, 43.1829855], [131.9143089, 43.1830125], [131.9145324, 43.1830525], [131.9147617, 43.1830866], [131.9148552, 43.1830906], [131.9149834, 43.1830833], [131.9151845, 43.1830442], [131.9153723, 43.1829611], [131.9155217, 43.1828784], [131.9156585, 43.1827914], [131.91573, 43.1827491], [131.9160299, 43.182567], [131.9160629, 43.1825511], [131.9161744, 43.1824946], [131.9162806, 43.1824497], [131.9164507, 43.18239], [131.9166121, 43.1823436], [131.9168515, 43.1822873], [131.9170245, 43.1822551], [131.9170433, 43.1822516], [131.9172798, 43.1822302], [131.9174483, 43.1822238], [131.9175697, 43.1822533], [131.9176764, 43.1823078]], [[131.9140144, 43.1775075], [131.9140733, 43.1775365], [131.9141063, 43.1775546], [131.9141324, 43.1775701], [131.9142611, 43.177664], [131.9142877, 43.1776852], [131.9143123, 43.1777075], [131.9144328, 43.1778146], [131.9146528, 43.1780664], [131.914702, 43.1780311], [131.9147949, 43.1779721], [131.9148614, 43.1779433], [131.9149826, 43.1779163], [131.9151481, 43.1779035], [131.9153046, 43.1778929], [131.9156304, 43.1778913], [131.9158248, 43.1778909], [131.9159867, 43.1778944], [131.9160416, 43.1778986], [131.9162399, 43.1779355], [131.9163305, 43.1779694]], [[131.9127973, 43.1849213], [131.9128382, 43.1848087], [131.9129309, 43.1845547], [131.912984, 43.1843639], [131.9129987, 43.1843184], [131.9130332, 43.1842188], [131.9130783, 43.184047], [131.9130749, 43.1839588], [131.9130713, 43.1838779], [131.9131279, 43.1837096], [131.913191, 43.1834596], [131.913207, 43.1834064], [131.9132419, 43.1833028], [131.9132623, 43.1832268], [131.9132557, 43.1831544], [131.9132396, 43.1830982], [131.9132027, 43.183063], [131.9131881, 43.1830194], [131.9131785, 43.1828996], [131.9131756, 43.182785], [131.9131728, 43.1826891], [131.9131651, 43.1825199], [131.9131663, 43.18242], [131.9131736, 43.1823832], [131.9132017, 43.1823308], [131.9132169, 43.1823049], [131.9132292, 43.182273]], [[131.9131722, 43.1797715], [131.9131731, 43.1794166], [131.9131718, 43.1793747], [131.9131507, 43.1790918], [131.9130609, 43.178865]], [[131.9139599, 43.1758272], [131.9139407, 43.1759823], [131.9139053, 43.176176], [131.9138995, 43.1762029], [131.9138886, 43.1762532], [131.913822, 43.176557], [131.9138188, 43.1765761], [131.9137999, 43.1766453], [131.9137813, 43.1767242], [131.9137771, 43.1767608], [131.9137672, 43.1769422], [131.9137807, 43.1771837], [131.9137845, 43.1772515], [131.9137883, 43.1773245], [131.9137937, 43.1773765], [131.913796, 43.177403]], [[131.913796, 43.177403], [131.9138057, 43.1776029], [131.9138058, 43.1776308], [131.913807, 43.177683]], [[131.9162154, 43.1782598], [131.9162227, 43.1781878], [131.9162311, 43.1781282], [131.9162704, 43.1780397], [131.9163305, 43.1779694], [131.9164354, 43.1779264], [131.9165803, 43.1778637], [131.9166623, 43.1778054], [131.916728, 43.1777477], [131.916772, 43.1776818], [131.9167873, 43.1776362], [131.9168021, 43.1775619], [131.9167994, 43.1775149], [131.9167733, 43.1774359], [131.9167605, 43.1774132], [131.9167468, 43.1773912], [131.9167216, 43.1773726], [131.9166542, 43.1773658], [131.916415, 43.1773589], [131.9158821, 43.1773388], [131.9157193, 43.1773346], [131.9154583, 43.1773311], [131.9151204, 43.1773326], [131.9146914, 43.1773408], [131.9142124, 43.1773702], [131.9138387, 43.1773996], [131.913796, 43.177403]], [[131.9132292, 43.182273], [131.9132428, 43.1822472], [131.9132648, 43.1821892], [131.9132737, 43.1821183], [131.9132851, 43.1819741], [131.9132741, 43.1819192], [131.9132459, 43.1818966], [131.9132097, 43.1818761]]]}}, {"type": "Feature", "properties": {"name": "улица Чапаева", "part": "mainland", "theme": "person", "descr": "Образована 16.11.1937"}, "geometry": {"type": "MultiLineString", "coordinates": [[[131.9149701, 43.1909844], [131.9146641, 43.1908938], [131.9145933, 43.1908688], [131.914549, 43.190844], [131.9144619, 43.1907789], [131.9144407, 43.1907064], [131.9144305, 43.1906519], [131.914429, 43.1905995], [131.9144296, 43.1904158], [131.9144315, 43.1903405], [131.9144666, 43.1902756], [131.9145383, 43.1901912], [131.9145904, 43.1901513], [131.9147033, 43.1901091], [131.9147836, 43.1900716], [131.9148382, 43.1900172], [131.9149312, 43.1899198], [131.9149996, 43.1898188], [131.9151948, 43.189439], [131.9152343, 43.1893063], [131.915255, 43.189172], [131.9152519, 43.1890606], [131.9152491, 43.1889707], [131.9152526, 43.188691], [131.9152482, 43.1885691], [131.9152713, 43.1882965], [131.9152721, 43.1882479], [131.9152919, 43.1879437], [131.9153001, 43.1877636]], [[131.9149701, 43.1909844], [131.9157306, 43.191205], [131.9159479, 43.1912808], [131.9160957, 43.1913284], [131.9161543, 43.1913303], [131.9162023, 43.1913315], [131.9162849, 43.1913028], [131.9164057, 43.1912494], [131.9165017, 43.1912001], [131.9165706, 43.1911868], [131.9166237, 43.1911851], [131.9166912, 43.1911885], [131.9168919, 43.1912267], [131.9170457, 43.1912684], [131.9171001, 43.191288], [131.9171346, 43.1913029], [131.9172923, 43.1913837], [131.9174034, 43.1914537], [131.9175365, 43.1916042], [131.9176361, 43.1917335], [131.9177646, 43.1918912], [131.9178379, 43.1919609], [131.9179492, 43.1920648], [131.9181583, 43.192246], [131.9183298, 43.1923812]], [[131.9153001, 43.1877636], [131.9153187, 43.187451], [131.915326, 43.1873434], [131.9153475, 43.1871313], [131.9154001, 43.1868335], [131.9154779, 43.1866686], [131.9155116, 43.1865551], [131.9155353, 43.1864816], [131.9156552, 43.1862362], [131.9157845, 43.1859538], [131.9157972, 43.1859256], [131.9159897, 43.1854274], [131.916065, 43.1852654], [131.9160985, 43.1851859], [131.9161145, 43.1851418], [131.9161275, 43.1851093], [131.9161858, 43.1849331], [131.9165504, 43.183965], [131.9165616, 43.1839371], [131.9165808, 43.1838894], [131.9167303, 43.1836177], [131.916946, 43.1832298], [131.9170933, 43.1829348], [131.9172499, 43.1826787], [131.9173064, 43.1826044], [131.9173774, 43.1825337], [131.9174693, 43.1824494], [131.917588, 43.1823646], [131.9176764, 43.1823078]], [[131.9176764, 43.1823078], [131.9179037, 43.1821509], [131.9185931, 43.1816781], [131.9189386, 43.1814306], [131.9191417, 43.1812931], [131.9194824, 43.1810544], [131.9195664, 43.1810007], [131.9195985, 43.1809801], [131.9197272, 43.1808977]], [[131.9101114, 43.1858728], [131.9100776, 43.1858708], [131.9099984, 43.1858664], [131.9099531, 43.1858653], [131.9098924, 43.1858628], [131.9095766, 43.1859288], [131.909243, 43.1860036], [131.909145, 43.1860311], [131.9091222, 43.1860658], [131.9091626, 43.1862008], [131.9092852, 43.1864829], [131.9094252, 43.1867831]]]}}, {"type": "Feature", "properties": {"name": "улица Тухачевского", "part": "mainland", "theme": "person", "descr": "Изначально юго-восточная часть Новокузнецкой. Упомянута в списке 1954 г., отмечена на плане 1968 г. Переименована в честь М. Н. Тухачевского 22.01.1976."}, "geometry": {"type": "MultiLineString", "coordinates": [[[131.9366921, 43.1551666], [131.9364935, 43.1552266], [131.9362825, 43.1553153], [131.9359051, 43.1555108], [131.9355025, 43.1557906], [131.935115, 43.1560763], [131.9349731, 43.1561787], [131.9349013, 43.1562029]], [[131.9276257, 43.1571075], [131.9278062, 43.1570549], [131.9282635, 43.1568963], [131.9287456, 43.1567023], [131.928869, 43.1566522], [131.9291421, 43.1565374], [131.9293401, 43.1564639], [131.9293899, 43.1564464]], [[131.9345392, 43.1590546], [131.9346263, 43.1589534], [131.9347283, 43.1587077], [131.9348087, 43.1583761], [131.934814, 43.1582142], [131.9347855, 43.157737], [131.9347758, 43.1570957]], [[131.9282635, 43.1568963], [131.9283046, 43.1569748], [131.9283117, 43.1570569], [131.9283113, 43.1572224], [131.9282787, 43.1577948], [131.9282721, 43.1579106], [131.9282571, 43.158178], [131.9282541, 43.1582305], [131.9282239, 43.1586417], [131.9282173, 43.1588112], [131.9282062, 43.159098], [131.9282253, 43.1591913], [131.9282508, 43.159239], [131.9282885, 43.1592839], [131.9283387, 43.159325], [131.9283678, 43.1593487], [131.9284966, 43.1593988], [131.928596, 43.159427], [131.9287384, 43.1594741], [131.9298258, 43.1598405], [131.9301209, 43.1599746], [131.9304076, 43.1601267], [131.9307866, 43.1603227], [131.9308306, 43.1603425], [131.93144, 43.1606168], [131.9315219, 43.1606317], [131.9316458, 43.1606278], [131.9317889, 43.1606119], [131.9319754, 43.1605864], [131.932568, 43.1604647], [131.9326392, 43.1604439], [131.9327416, 43.1604105], [131.9329037, 43.1603387], [131.9329636, 43.1603055], [131.9330608, 43.1602426], [131.9331097, 43.1602108], [131.9334442, 43.1599661], [131.9334664, 43.1599479], [131.9334897, 43.159929], [131.9335109, 43.1599118], [131.9336686, 43.1597842], [131.9340375, 43.1594675], [131.9340914, 43.1594215], [131.9341003, 43.1594146], [131.9342408, 43.159301], [131.9344107, 43.1591672], [131.9344779, 43.1591085], [131.9345392, 43.1590546]], [[131.9340454, 43.1565606], [131.9338772, 43.1565782]], [[131.9293899, 43.1564464], [131.9296198, 43.156366], [131.930024, 43.156217], [131.9300992, 43.1561924]], [[131.9300992, 43.1561924], [131.9302923, 43.1561559], [131.9304116, 43.1561384], [131.9305326, 43.1561274], [131.9307294, 43.1561139], [131.9309272, 43.1561292], [131.9310607, 43.1561501], [131.9311494, 43.1561667], [131.9311732, 43.1561708], [131.9311973, 43.1561755], [131.9312179, 43.1561796], [131.9312853, 43.1561918], [131.9326376, 43.15642], [131.9332107, 43.1565036], [131.9333358, 43.1565181], [131.9335055, 43.1565403], [131.9336476, 43.1565583], [131.933764, 43.1565707], [131.9338252, 43.1565752], [131.9338772, 43.1565782]], [[131.9347758, 43.1570957], [131.9347718, 43.156972], [131.9347676, 43.1569005], [131.9347533, 43.1567589], [131.9347101, 43.1565526], [131.9346864, 43.1564901], [131.9346372, 43.1563549]], [[131.9349013, 43.1562029], [131.9348809, 43.156215], [131.9346372, 43.1563549], [131.9343427, 43.156473], [131.9343113, 43.1564863], [131.9342231, 43.1565138], [131.9341179, 43.1565467], [131.9340825, 43.1565546], [131.9340454, 43.1565606]]]}}, {"type": "Feature", "properties": {"name": "Можайская улица", "part": "mainland", "theme": "person", "descr": "Образована 20.06.1956 (до 2000 на картах как улица Можайского)"}, "geometry": {"type": "MultiLineString", "coordinates": [[[131.9549552, 43.0874311], [131.9547355, 43.087473], [131.954531, 43.0874939], [131.9542002, 43.0875018], [131.953818, 43.0875018], [131.9531118, 43.0874757], [131.9524049, 43.0874502], [131.9521641, 43.0874663], [131.9520418, 43.0874801], [131.9520151, 43.0874832], [131.9516438, 43.0875262], [131.9514028, 43.0875519], [131.9504467, 43.0876903], [131.9498742, 43.0877725], [131.9482519, 43.0880201], [131.9477759, 43.0881335], [131.9474477, 43.0882434], [131.9473231, 43.0882852], [131.9472067, 43.0883304], [131.9467787, 43.0884995], [131.946245, 43.0887097], [131.9459507, 43.08883], [131.9454853, 43.0890229], [131.9451479, 43.0891377], [131.9450074, 43.0891828], [131.944941, 43.0892033], [131.9449002, 43.0892158], [131.9448267, 43.0892407]], [[131.9620033, 43.0893661], [131.9620148, 43.0893143], [131.9620181, 43.0893005], [131.962024, 43.0892754], [131.9620352, 43.0891739], [131.9620301, 43.089081]], [[131.9620301, 43.089081], [131.9620011, 43.0890315], [131.9619491, 43.0889619], [131.9618781, 43.0888817], [131.9617341, 43.0887485], [131.9615271, 43.0885998], [131.9612953, 43.0884564], [131.9608651, 43.0882426], [131.9603009, 43.087999], [131.959673, 43.0877676], [131.9590338, 43.0875517], [131.9579964, 43.0872036], [131.9578585, 43.0871562], [131.9576878, 43.0871109], [131.9576083, 43.0870975], [131.9574808, 43.0870867], [131.9572928, 43.0870793], [131.9570215, 43.0870824], [131.9566184, 43.087092], [131.9564647, 43.0871021], [131.9562921, 43.0871213], [131.9561157, 43.0871545], [131.9559651, 43.0871829], [131.9551162, 43.0873979], [131.9550751, 43.0874064], [131.9549552, 43.0874311]], [[131.9448267, 43.0892407], [131.9447386, 43.0892788], [131.9446722, 43.0893179], [131.9445074, 43.0894345], [131.9443924, 43.0895368], [131.9443105, 43.0896089], [131.944131, 43.0897755], [131.9438791, 43.09002], [131.943729, 43.0901913], [131.9436062, 43.0903861], [131.9435568, 43.0904831], [131.9435385, 43.090519], [131.9435001, 43.0906212], [131.9434634, 43.0907789], [131.9434491, 43.0908406], [131.9434328, 43.0909656], [131.943406, 43.0912767], [131.9433816, 43.0915071], [131.9433631, 43.0917036], [131.9433529, 43.0917681], [131.9433392, 43.0918275], [131.9433191, 43.0918904], [131.94328, 43.0919623], [131.9432322, 43.0920197], [131.943153, 43.092085], [131.9430541, 43.0921295], [131.9429954, 43.0921389], [131.9428964, 43.0921548], [131.9428249, 43.092155], [131.9426874, 43.0921336], [131.9410394, 43.091662]]]}}, {"type": "Feature", "properties": {"name": "Невская улица", "part": "mainland", "theme": "place", "descr": "https://t.me/vvtopo/176"}, "geometry": {"type": "MultiLineString", "coordinates": [[[131.9134332, 43.1501214], [131.9134771, 43.1501087], [131.9141105, 43.1499258], [131.9143184, 43.1498658], [131.9145741, 43.149792], [131.9148807, 43.1497035], [131.915147, 43.1496266], [131.9152024, 43.1496106], [131.9152342, 43.1496014], [131.9152789, 43.1495885], [131.9153591, 43.1495653], [131.9155912, 43.1494983], [131.9162184, 43.1493173], [131.9163413, 43.1492818], [131.9164594, 43.1492477], [131.9174588, 43.1489591], [131.9175612, 43.1489295], [131.9176825, 43.1488945], [131.9178604, 43.1488432], [131.917901, 43.1488315], [131.9181474, 43.1487603], [131.9181651, 43.1487552]], [[131.9181651, 43.1487552], [131.9183673, 43.1486849], [131.918672, 43.1485927], [131.9189984, 43.1484771], [131.9192653, 43.1483943], [131.9193463, 43.1483696], [131.9194209, 43.1483469], [131.9196787, 43.1482668], [131.9198253, 43.1482206], [131.9200416, 43.1481531], [131.9201371, 43.1481256], [131.9204812, 43.1480294], [131.9205873, 43.1480005], [131.9208134, 43.1479437]], [[131.9106074, 43.1501785], [131.9106746, 43.1502082], [131.9107182, 43.1502275], [131.91093, 43.1503481], [131.9113494, 43.1506], [131.9114444, 43.150635], [131.9115346, 43.1506534], [131.9116119, 43.1506554], [131.9122013, 43.1504808], [131.9125764, 43.1503707], [131.9130062, 43.1502469], [131.9134332, 43.1501214]]]}}, {"type": "Feature", "properties": {"name": "Волгоградская улица", "part": "mainland", "theme": "place", "descr": "Изначально Обская. Упомянута в справочнике 1924 г. Как Сталинградская упомянута в списке 1954 г. Переименована в Волгоградскую 16.02.1962"}, "geometry": {"type": "MultiLineString", "coordinates": [[[131.9234633, 43.1567617], [131.9236228, 43.1569237], [131.9237406, 43.1570632], [131.9238093, 43.1571304], [131.9238566, 43.157156], [131.9238932, 43.1571681], [131.9239375, 43.1571719], [131.924122, 43.1571682], [131.9242433, 43.1571596], [131.9243962, 43.1571492], [131.9245475, 43.157138], [131.9249291, 43.1571208], [131.9250611, 43.1571264], [131.9251364, 43.1571354], [131.9252012, 43.1571444], [131.9257579, 43.1572222], [131.9262457, 43.1572784], [131.9264773, 43.1573074], [131.9266041, 43.1573232], [131.9267403, 43.1573167], [131.9268282, 43.1573031], [131.9269147, 43.1572844], [131.9270971, 43.1572416], [131.9271591, 43.1572262], [131.9271987, 43.1572179], [131.9272275, 43.1572111]], [[131.9272275, 43.1572111], [131.92734, 43.15718], [131.9276257, 43.1571075]]]}}, {"type": "Feature", "properties": {"name": "улица Карбышева", "part": "mainland", "theme": "person", "descr": "Образована в 1979 г."}, "geometry": {"type": "MultiLineString", "coordinates": [[[131.9228614, 43.1554646], [131.9228557, 43.1554301], [131.9228319, 43.1553226], [131.9228158, 43.1552048], [131.9228024, 43.1551466], [131.9227797, 43.1550343], [131.922709, 43.1548314], [131.9226954, 43.1547899], [131.9226252, 43.1546141], [131.922546, 43.1544488], [131.9225006, 43.1543665], [131.9224314, 43.1542413], [131.9223874, 43.1541478], [131.9223258, 43.154018]], [[131.9276257, 43.1571075], [131.9275538, 43.1569192], [131.9273627, 43.1564083], [131.9272816, 43.1561734], [131.9271227, 43.1556867], [131.9271098, 43.1556237], [131.9271246, 43.1555817], [131.9271532, 43.15555]], [[131.9226954, 43.1547899], [131.9231297, 43.1549048], [131.9233973, 43.1549665], [131.9234779, 43.1549772], [131.9235794, 43.1549715], [131.9236653, 43.1549798], [131.924108, 43.1551037], [131.9246048, 43.1552428], [131.9247026, 43.1552531], [131.924818, 43.1552652], [131.924953, 43.1552794], [131.9249824, 43.1552825], [131.92508, 43.1552832], [131.9251768, 43.1552781], [131.9252626, 43.1552835], [131.9255298, 43.1553451], [131.9257244, 43.1553723], [131.9258289, 43.1553885], [131.9258496, 43.1554485], [131.9258599, 43.1554775], [131.9258766, 43.1555621], [131.925883, 43.1556057], [131.9263346, 43.1556169], [131.9265546, 43.155612], [131.9267008, 43.1556052], [131.9267229, 43.1556032], [131.9267675, 43.1555971], [131.9269033, 43.1555695], [131.9269422, 43.1555654], [131.9271532, 43.15555]], [[131.9307703, 43.1552001], [131.93036, 43.1550234], [131.9302457, 43.1549769], [131.9298409, 43.1548362], [131.9297978, 43.1548186], [131.9296947, 43.1547431], [131.9296548, 43.1547226], [131.9293535, 43.1546151], [131.9292414, 43.1546011], [131.9284452, 43.1545988], [131.9283824, 43.1546064], [131.9283165, 43.1546251], [131.9282231, 43.1546327], [131.9277499, 43.1546383], [131.9276665, 43.1546342], [131.9275881, 43.1546173], [131.9275196, 43.1545964], [131.9270946, 43.1544544], [131.927046, 43.1544108], [131.9260664, 43.1540943], [131.9259543, 43.1540656], [131.9258946, 43.1540371], [131.9258438, 43.1539913], [131.925775, 43.1538941]], [[131.9271532, 43.15555], [131.9272225, 43.1555225], [131.927311, 43.1555112], [131.9273906, 43.1555036], [131.9276215, 43.1554912], [131.9278307, 43.1554839], [131.9284963, 43.1554798], [131.9287781, 43.1554711], [131.9290289, 43.1554535], [131.9293016, 43.1554271], [131.9293716, 43.1554188], [131.9294023, 43.1554153], [131.9294313, 43.1554114], [131.9294849, 43.1554051], [131.9302028, 43.1552881], [131.9307703, 43.1552001], [131.9308525, 43.1551863], [131.9309595, 43.1551655], [131.9311291, 43.1551414]], [[131.9320666, 43.1549484], [131.9321183, 43.1549026], [131.9322148, 43.1548223], [131.932226, 43.1548062], [131.932299, 43.1547011], [131.932381, 43.1546073], [131.9323847, 43.1544748], [131.9323829, 43.1544021], [131.9323218, 43.1542867], [131.9322055, 43.1541984], [131.9319967, 43.1540452], [131.9319836, 43.1540356], [131.9315616, 43.1537276], [131.9314755, 43.1536668], [131.9313079, 43.1535512], [131.9309254, 43.1532883], [131.9309133, 43.153265], [131.9309031, 43.1532414], [131.9308853, 43.1531971], [131.9308731, 43.153157], [131.9308586, 43.153024], [131.9308405, 43.1528708], [131.9308188, 43.1526867], [131.9307952, 43.1525693], [131.9307898, 43.1525409], [131.9307475, 43.1524257], [131.9307455, 43.1524204], [131.9306908, 43.1522766], [131.9306893, 43.1521726]], [[131.9312006, 43.1551332], [131.9314313, 43.1551], [131.9315345, 43.1550851], [131.9318409, 43.1550471], [131.9319606, 43.1550221], [131.9320115, 43.1549937], [131.9320666, 43.1549484]], [[131.9311716, 43.1551344], [131.9312006, 43.1551332]], [[131.9311291, 43.1551414], [131.9311716, 43.1551344]], [[131.9230148, 43.156493], [131.9230421, 43.156427], [131.9230605, 43.156288], [131.92306, 43.1561749], [131.9230291, 43.1560146], [131.9229964, 43.1558754], [131.9229873, 43.1558437], [131.922908, 43.1556434], [131.9228814, 43.15554], [131.9228614, 43.1554646]]]}}, {"type": "Feature", "properties": {"name": "улица Нейбута", "part": "mainland", "theme": "person", "descr": "Образована 22.07.1982"}, "geometry": {"type": "MultiLineString", "coordinates": [[[131.9600392, 43.117882], [131.9600708, 43.117805], [131.9601007, 43.1177016], [131.9601127, 43.1176576], [131.9601338, 43.1175507], [131.9601337, 43.1172851], [131.9601318, 43.1172292], [131.9601157, 43.1170547], [131.9600918, 43.1168544], [131.9600859, 43.116803], [131.9600357, 43.1163972], [131.9600003, 43.1161929], [131.9599603, 43.1160435], [131.9599377, 43.1159768], [131.9599099, 43.1159134], [131.9599014, 43.1158931], [131.9598285, 43.1157348], [131.9595686, 43.1151619], [131.9594367, 43.1148462], [131.95938, 43.1146785], [131.9593527, 43.1145021], [131.9593628, 43.1143438], [131.9593854, 43.1142684], [131.9594171, 43.1141784], [131.9594667, 43.1140812], [131.9595592, 43.1139337], [131.9597881, 43.1136417], [131.9598705, 43.1135383], [131.9602926, 43.1130309], [131.9606443, 43.1126006], [131.9607973, 43.112395], [131.9608863, 43.1122413], [131.9609499, 43.112107], [131.9610598, 43.1118482], [131.9611457, 43.1116363], [131.9612083, 43.1114831], [131.9612731, 43.1113076], [131.9613204, 43.1111629], [131.961363, 43.1110095], [131.9614, 43.1108371], [131.9614367, 43.1105862], [131.9614435, 43.1103514], [131.9614288, 43.1101358], [131.9613897, 43.1100049], [131.9613316, 43.1098952], [131.9612628, 43.1097833], [131.9610862, 43.1096132], [131.960882, 43.1094672], [131.9607288, 43.1093849], [131.9605878, 43.1093263], [131.9604019, 43.1092667], [131.9601676, 43.1091927], [131.9599876, 43.1091428], [131.9598369, 43.1091045], [131.9597045, 43.1090709], [131.9594708, 43.1090147], [131.9589892, 43.1088983], [131.9587719, 43.1088376], [131.9586333, 43.1087878], [131.9585202, 43.1087394], [131.958464, 43.1087091], [131.9583654, 43.1086481], [131.9582124, 43.1085034], [131.957743, 43.1080149], [131.9576761, 43.1079451], [131.9576596, 43.1079265]], [[131.9620439, 43.1039166], [131.962172, 43.1039408], [131.9623516, 43.1039843], [131.9624214, 43.1040117], [131.9624958, 43.1040519], [131.9625899, 43.1041347], [131.962633, 43.1042142], [131.9626621, 43.1043071], [131.9626806, 43.1044485], [131.9626839, 43.1045676], [131.9626838, 43.1048052], [131.9626342, 43.1053824], [131.9626243, 43.1055746], [131.962632, 43.1056371], [131.9626807, 43.1057955], [131.9627138, 43.1058746], [131.9628066, 43.1060676], [131.9629375, 43.106325], [131.9629803, 43.1063644], [131.963049, 43.1064123]], [[131.9576596, 43.1079265], [131.9576966, 43.1080262], [131.9577157, 43.1081459], [131.9577214, 43.1082838], [131.9577454, 43.1084279], [131.9577568, 43.1084965], [131.9578004, 43.1086448], [131.9578534, 43.108803], [131.9580466, 43.1091691], [131.958235, 43.1095377], [131.9584991, 43.1100846], [131.9585359, 43.1102151], [131.95854, 43.1102818], [131.9585437, 43.1103406], [131.9585285, 43.1104252], [131.9585009, 43.1104967]], [[131.9615311, 43.1038865], [131.9613616, 43.1039001], [131.9612372, 43.1039153], [131.9611129, 43.103933], [131.9609897, 43.1039452], [131.9608826, 43.1039565]], [[131.9576596, 43.1079265], [131.9575748, 43.1078294], [131.9575641, 43.1078169], [131.9575444, 43.1077952], [131.9563729, 43.1065502], [131.9563336, 43.106509], [131.9562707, 43.1064432], [131.9561771, 43.1063476], [131.9558073, 43.1059475], [131.9557182, 43.1058574], [131.9555246, 43.1056416], [131.9553264, 43.1054091], [131.9552646, 43.105299], [131.9552163, 43.1051731], [131.9552044, 43.1050988], [131.9551981, 43.1050202], [131.9552018, 43.1049587], [131.9552274, 43.1048428], [131.9552717, 43.1047326], [131.955328, 43.1046309], [131.9554085, 43.1045414], [131.9554974, 43.1044735], [131.9557232, 43.1043518], [131.9559737, 43.1042469], [131.9561689, 43.1041873], [131.9563891, 43.1041393], [131.9567973, 43.1040922], [131.9580085, 43.1039587], [131.9590244, 43.1038649], [131.9592306, 43.1038581], [131.9595162, 43.1038812], [131.9596429, 43.1039002], [131.9599243, 43.1039493], [131.9600368, 43.103963], [131.9601862, 43.1039735], [131.9603752, 43.103979]], [[131.9568633, 43.1252003], [131.9570596, 43.1250754], [131.9572245, 43.1249515], [131.9573092, 43.124862], [131.9573481, 43.1247669], [131.9573636, 43.1246564], [131.9573458, 43.1244926], [131.9573212, 43.1242846], [131.9573067, 43.1241472], [131.957297, 43.1240668]], [[131.957297, 43.1240668], [131.957286, 43.1239409], [131.9572719, 43.1238041], [131.9572607, 43.1234355], [131.9572829, 43.1232266], [131.9573815, 43.1228474]], [[131.9573815, 43.1228474], [131.9574584, 43.122689], [131.9575347, 43.1225703], [131.9575972, 43.1224842], [131.9578697, 43.1221549], [131.9579219, 43.1220926], [131.9579929, 43.1220078], [131.9580366, 43.1219556], [131.9584769, 43.1214368], [131.9585776, 43.1212934], [131.9586722, 43.1211005], [131.9587385, 43.120864], [131.9587447, 43.1208323], [131.9587826, 43.1206426], [131.9588042, 43.1205326], [131.9588232, 43.1204474], [131.9589077, 43.1200727], [131.9590171, 43.1196882], [131.9590206, 43.1196753], [131.9590626, 43.1195548], [131.9591134, 43.1194431], [131.9591565, 43.119355], [131.9592527, 43.1191763], [131.9593889, 43.1189237], [131.9594373, 43.1188483], [131.9596814, 43.1184821], [131.9599123, 43.1181076], [131.9600392, 43.117882]], [[131.9603752, 43.103979], [131.9605243, 43.1039737], [131.9607395, 43.1039703], [131.9608666, 43.1039584], [131.9608826, 43.1039565]], [[131.9615311, 43.1038865], [131.9616774, 43.1038838], [131.96172, 43.103885], [131.9618991, 43.1038952], [131.9620439, 43.1039166]]]}}, {"type": "Feature", "properties": {"name": "улица Адмирала Макарова", "part": "mainland", "theme": "person", "descr": "Упомянута в списке 1957 г."}, "geometry": {"type": "MultiLineString", "coordinates": [[[131.9112594, 43.0882278], [131.9111986, 43.0882354], [131.911085, 43.0882499], [131.910744, 43.088301], [131.9103948, 43.0883657], [131.9101467, 43.0884094], [131.9099702, 43.0884436], [131.9094797, 43.0885387], [131.9092285, 43.0885923], [131.9091281, 43.0886137], [131.9090669, 43.0886267], [131.9088882, 43.088657]], [[131.9088882, 43.088657], [131.9087981, 43.0886736], [131.9087117, 43.088692], [131.9084537, 43.0887405], [131.9083013, 43.0887697], [131.9079631, 43.0888499], [131.9068664, 43.0891019], [131.9055613, 43.0894118], [131.905221, 43.0894741], [131.9046053, 43.0896158], [131.9038624, 43.0898319], [131.903397, 43.0899505]]]}}, {"type": "Feature", "properties": {"name": "улица Гастелло", "part": "mainland", "theme": "person", "descr": "https://t.me/ochkuryvl/3626"}, "geometry": {"type": "LineString", "coordinates": [[131.9108938, 43.0894149], [131.9108615, 43.0894429], [131.9107319, 43.0895552], [131.9106491, 43.0896178], [131.9105509, 43.0896413], [131.9104546, 43.0896485], [131.9103105, 43.0896541], [131.9100746, 43.0896528], [131.909131, 43.089716], [131.9089341, 43.0897274], [131.9087531, 43.0897872], [131.9086213, 43.0898375], [131.9084765, 43.0898659], [131.9083435, 43.0898728], [131.90816, 43.0898992], [131.907707, 43.0899852], [131.9075061, 43.0900472], [131.9072973, 43.0901103], [131.9070858, 43.0901372], [131.9069047, 43.0901626], [131.9066915, 43.0902067], [131.9061496, 43.0903136], [131.9059851, 43.0903491], [131.9059301, 43.0903627], [131.9057714, 43.0903973], [131.9050639, 43.090564], [131.904736, 43.090639], [131.9044207, 43.0907112], [131.9038655, 43.0908382], [131.9038165, 43.0908493]]}}, {"type": "Feature", "properties": {"name": "улица Демьяна Бедного", "part": "mainland", "theme": "person", "descr": "Отмечена без названия на плане 1912 г. В справочнике 1924 г. одновременно упоминается как ул. Демьяна Бедного и ул. Дорогомыжского. Как ул. Дорогомыжского фигурирует в списках 1936 и 1957 гг. Вероятно, так могла называться какая-то другая улица рядом. Переименована в честь композитора Дунаевского 06.04.1941. 27.08.1957 улице вернули прежнее название."}, "geometry": {"type": "MultiLineString", "coordinates": [[[131.9498158, 43.2097149], [131.9496162, 43.2097504], [131.9495905, 43.2097536], [131.9495054, 43.2097633], [131.9493842, 43.2097681], [131.9493262, 43.2097805], [131.9493011, 43.2097994], [131.949289, 43.2098317], [131.9492771, 43.2099205], [131.9492434, 43.2100076], [131.9491849, 43.2101738], [131.9491664, 43.2102341], [131.9490223, 43.2105553], [131.9489774, 43.2106668], [131.9488495, 43.2109748], [131.9485614, 43.2116402], [131.9485313, 43.2117181], [131.9483366, 43.2122474], [131.948141, 43.2129225], [131.9480109, 43.2133768], [131.9478912, 43.2136986], [131.9477657, 43.2139329], [131.9477278, 43.2140228], [131.947529, 43.2145126], [131.9474203, 43.2147853]], [[131.9474203, 43.2147853], [131.9473251, 43.2149998], [131.9472993, 43.2151208], [131.9472932, 43.2151855], [131.9473583, 43.2154303], [131.9473822, 43.2155531], [131.9473809, 43.2155799], [131.9473782, 43.2156033], [131.9473406, 43.2158062], [131.9473159, 43.2159229], [131.9472983, 43.2160105], [131.9472951, 43.2160738], [131.9472974, 43.2160892]]]}}, {"type": "Feature", "properties": {"name": "Южно-Уральская улица", "part": "mainland", "theme": "place", "descr": "Образована в период с 1957 по 1963 гг."}, "geometry": {"type": "MultiLineString", "coordinates": [[[131.9153861, 43.1549591], [131.915375, 43.15491], [131.9153544, 43.1548013], [131.9153206, 43.1546423], [131.9152953, 43.1544954], [131.9152675, 43.1543577], [131.9152511, 43.1542628], [131.9152481, 43.1542481], [131.9151426, 43.1537944], [131.915127, 43.153784], [131.915115, 43.1537784], [131.9150429, 43.1537756]], [[131.9134332, 43.1501214], [131.9135638, 43.1503551], [131.9137218, 43.1506285], [131.9138007, 43.15076], [131.913913, 43.1509644], [131.9139413, 43.1510239], [131.9140036, 43.1511318], [131.9141459, 43.1514401]], [[131.9127063, 43.148827], [131.9127306, 43.1488748], [131.9128326, 43.1490627], [131.9129968, 43.1493662], [131.9131348, 43.1496117], [131.9132807, 43.1498614], [131.9133863, 43.1500532], [131.9134332, 43.1501214]]]}}, {"type": "Feature", "properties": {"name": "Ишимская улица", "part": "mainland", "theme": "place", "descr": "Отмечена на плане 1968 г. Изначально одноименная улица располагалась на другой стороне речки Ишимки. Сегодня — ул. Постышева."}, "geometry": {"type": "MultiLineString", "coordinates": [[[131.9153861, 43.1549591], [131.9160228, 43.1548701], [131.9160837, 43.1548649], [131.916688, 43.1548879], [131.9170153, 43.1548978], [131.9173205, 43.1548949]], [[131.9173205, 43.1548949], [131.9174303, 43.154865], [131.9176552, 43.1548037], [131.9178707, 43.154735], [131.9180504, 43.1546529], [131.9181535, 43.1545524], [131.9182116, 43.154438], [131.9182243, 43.1544067], [131.9182396, 43.1543388], [131.9182545, 43.1541625], [131.918257, 43.1541174]], [[131.9182552, 43.1540237], [131.9182568, 43.1539777], [131.9182478, 43.1538749], [131.9182529, 43.1535531], [131.9182683, 43.1535185], [131.9183052, 43.1534944], [131.9183426, 43.1534816]]]}}, {"type": "Feature", "properties": {"name": "Волжская улица", "part": "mainland", "theme": "place", "descr": "Упомянута в справочнике 1924 г."}, "geometry": {"type": "MultiLineString", "coordinates": [[[131.913316, 43.1638101], [131.9131284, 43.1638512], [131.9130469, 43.1638629], [131.9128715, 43.163868], [131.9126416, 43.1638634], [131.9124721, 43.1638505], [131.9123456, 43.1638236], [131.9122155, 43.1637688], [131.9120615, 43.163691], [131.9117382, 43.1635019], [131.9116128, 43.1634288], [131.9115858, 43.1634114], [131.9112696, 43.163228], [131.9104215, 43.1626899], [131.9101159, 43.1625128], [131.9099872, 43.1624327], [131.9099089, 43.1623831], [131.9098493, 43.1623528], [131.9096676, 43.1622977], [131.9095902, 43.1622914]], [[131.9092011, 43.1623335], [131.9090733, 43.1623132], [131.9089002, 43.1622144], [131.908686, 43.162065], [131.9085256, 43.1619531], [131.9080841, 43.1616452], [131.9078417, 43.1614761], [131.9077134, 43.1614035], [131.9076181, 43.1613634]], [[131.9095902, 43.1622914], [131.9093972, 43.1623152], [131.9092011, 43.1623335]], [[131.9076181, 43.1613634], [131.9074666, 43.1612499], [131.9071615, 43.1610796], [131.9068914, 43.160939]]]}}, {"type": "Feature", "properties": {"name": "Печорская улица", "part": "mainland", "theme": "place", "descr": "Впервые упоминается в списке 1924 г."}, "geometry": {"type": "MultiLineString", "coordinates": [[[131.9062638, 43.1472933], [131.9063585, 43.1473185], [131.9067284, 43.1474169], [131.9068896, 43.1474598], [131.9069759, 43.1474828], [131.9076922, 43.1476733], [131.907775, 43.1476954], [131.9082522, 43.1478223], [131.9087137, 43.1479451], [131.909257, 43.1480897], [131.9093078, 43.1481032], [131.9097074, 43.1482095], [131.9098636, 43.1482511], [131.9101159, 43.1483182], [131.9101293, 43.1483218], [131.9103198, 43.1483725], [131.9105212, 43.1484261], [131.9108433, 43.1485112], [131.9110091, 43.1485519], [131.9111936, 43.1485846], [131.9113841, 43.1486183], [131.9116416, 43.1486524], [131.9116811, 43.1486635], [131.9117146, 43.1486733], [131.9117628, 43.1486958], [131.9118544, 43.1487391], [131.9119031, 43.1487637]], [[131.911949, 43.1490938], [131.9119703, 43.149025], [131.9119785, 43.1489548], [131.9119742, 43.1488761], [131.9119661, 43.1488416], [131.9119489, 43.1488078], [131.9119031, 43.1487637]]]}}, {"type": "Feature", "properties": {"name": "улица Пальчевского", "part": "mainland", "theme": "person", "descr": "Изначально Трактовая ул. Упомянута в справочнике 1924 г. Переименована 04.12.1987 в честь Н. А. Пальчевского."}, "geometry": {"type": "MultiLineString", "coordinates": [[[131.9191927, 43.1955979], [131.9194045, 43.1958573], [131.9196003, 43.1960871], [131.9198533, 43.1963703], [131.9201938, 43.1967902], [131.9202576, 43.1968806], [131.9204103, 43.1970732], [131.9205182, 43.1972331], [131.9205832, 43.1973233], [131.9208803, 43.1977187], [131.9210574, 43.1979865], [131.9211405, 43.198104], [131.9213137, 43.1983402], [131.9213936, 43.1984492], [131.9214368, 43.1985081], [131.9215923, 43.1987567], [131.9216233, 43.1988517], [131.921646, 43.1989682]], [[131.9451758, 43.2160304], [131.9453729, 43.2160138], [131.9455795, 43.2160461], [131.945664, 43.2160598], [131.9456948, 43.2160773], [131.9457019, 43.2160998], [131.9456103, 43.2161741], [131.9455177, 43.2162503], [131.9454829, 43.2162577], [131.9454533, 43.2162535], [131.9453864, 43.2162181], [131.9452831, 43.2161468], [131.9451758, 43.2160304], [131.944996, 43.2159699], [131.9448355, 43.2159024], [131.9447422, 43.2157944], [131.9446884, 43.2156485], [131.9446696, 43.2155492], [131.9446407, 43.2155149], [131.9446045, 43.2154802], [131.9445005, 43.2154439], [131.9442333, 43.2153595], [131.9435335, 43.2151385], [131.9427001, 43.2148273], [131.9416132, 43.2144581], [131.9407743, 43.2141705], [131.9405222, 43.2140727], [131.940348, 43.2140326], [131.9394371, 43.2134206], [131.938717, 43.2127464], [131.9382763, 43.2122024], [131.9381246, 43.211943], [131.9377354, 43.2113428], [131.9373568, 43.2108822], [131.9370829, 43.2105037], [131.9367801, 43.21016], [131.936147, 43.209658], [131.9351792, 43.2089549], [131.934131, 43.2083074], [131.9338328, 43.2081005], [131.9333178, 43.2078191], [131.9330576, 43.2076978], [131.9327299, 43.2075654], [131.932686, 43.2075493], [131.9318358, 43.2072383], [131.9312103, 43.2070176], [131.9310084, 43.2069334], [131.9308635, 43.2068572], [131.9304562, 43.206612], [131.9297886, 43.2063078], [131.9292346, 43.2061005], [131.9284368, 43.2057652], [131.9282504, 43.2056819], [131.9262385, 43.2050871], [131.9260985, 43.2050468], [131.9255056, 43.2049084], [131.9253546, 43.2048647]], [[131.9216069, 43.2010103], [131.9215969, 43.201187], [131.9215928, 43.2015531], [131.9216257, 43.2020655], [131.9216878, 43.2025184], [131.9217302, 43.2027174], [131.9217402, 43.2027634], [131.9217635, 43.202908], [131.921776, 43.2029455], [131.921806, 43.2029921], [131.921848, 43.2030586], [131.9219438, 43.2032163], [131.9221115, 43.2034065], [131.9221852, 43.2034661], [131.9222628, 43.2035157], [131.9224531, 43.2036191], [131.9226251, 43.2036991], [131.9228142, 43.2038024], [131.9231573, 43.2039299], [131.9232496, 43.2039653], [131.9233157, 43.2040031], [131.9234389, 43.2041734], [131.9234872, 43.2042276], [131.9235371, 43.2042677], [131.9236903, 43.2043256], [131.9237745, 43.2043557], [131.9239037, 43.2044093], [131.9244614, 43.2045998], [131.9252417, 43.2048444], [131.9253546, 43.2048647]], [[131.921646, 43.1989682], [131.9216469, 43.1992468], [131.9216486, 43.199334], [131.9216463, 43.1994077], [131.9216501, 43.1995265], [131.9216951, 43.1997344], [131.9216681, 43.2000396], [131.9216641, 43.2001105], [131.9216506, 43.2003063], [131.9216279, 43.2006535], [131.9216189, 43.2007823], [131.9216069, 43.2010103]]]}}, {"type": "Feature", "properties": {"name": "улица Ломоносова", "part": "mainland", "theme": "person", "descr": "Иначе — Ломоносовская. Образована 3 (18) декабря 1907 г."}, "geometry": {"type": "MultiLineString", "coordinates": [[[131.9076766, 43.119009], [131.9076947, 43.1190547], [131.9077197, 43.1191191], [131.9077808, 43.1192823], [131.9078283, 43.1194048], [131.9078354, 43.1194323], [131.9078771, 43.1195166]], [[131.9075925, 43.1185849], [131.9076766, 43.119009]]]}}, {"type": "Feature", "properties": {"name": "Ульяновская улица", "part": "mainland", "theme": "person", "descr": "Изначально северо-западная часть Новокузнецкой. Отмечена на плане 1968 г. Новокузнецкая и Ульяновская улицы одновременно упоминаются в списке 1954 г."}, "geometry": {"type": "MultiLineString", "coordinates": [[[131.9234895, 43.1589125], [131.9235939, 43.1588681], [131.9236726, 43.1588362], [131.9239028, 43.1587431], [131.9241031, 43.1586621], [131.9246032, 43.1584598], [131.9249298, 43.1583328], [131.9254905, 43.1581111], [131.9257627, 43.1579983], [131.9259871, 43.1579091], [131.9262053, 43.157843], [131.9262372, 43.1578333], [131.9265109, 43.1577559], [131.9265809, 43.1577307], [131.926631, 43.1577122], [131.926727, 43.1576728], [131.9267437, 43.157665], [131.9267598, 43.1576553]], [[131.9266041, 43.1573232], [131.9266163, 43.1573523], [131.9266277, 43.1573749], [131.926655, 43.1574185], [131.926733, 43.1575794], [131.9267598, 43.1576553], [131.9267714, 43.1577045], [131.9268077, 43.1579154], [131.9268408, 43.158102], [131.92687, 43.1582327], [131.9268739, 43.1582471], [131.9269174, 43.1583701], [131.9269431, 43.15845], [131.9269549, 43.1584915], [131.9269547, 43.158512], [131.9269431, 43.1585411], [131.9269288, 43.1585549], [131.9268946, 43.1585788], [131.9268778, 43.1585872], [131.9267827, 43.1586244], [131.9267634, 43.1586332], [131.9267504, 43.1586585], [131.9267383, 43.1587599], [131.9267334, 43.1589373], [131.9267334, 43.1589539], [131.9267333, 43.1590669], [131.926733, 43.1592797], [131.9267256, 43.1595961]]]}}, {"type": "Feature", "properties": {"name": "Мичуринская улица", "part": "mainland", "theme": "person"}, "geometry": {"type": "LineString", "coordinates": [[131.9272275, 43.1572111], [131.9272502, 43.1572591], [131.9272668, 43.1572884], [131.9272748, 43.1573106], [131.9272966, 43.1573562], [131.9274238, 43.1576704], [131.9275362, 43.1579452], [131.9275508, 43.1579815], [131.927642, 43.1582217], [131.9276501, 43.158243], [131.927773, 43.1585641], [131.9278279, 43.1587148], [131.9278785, 43.15884], [131.9279754, 43.1590796], [131.928056, 43.159301], [131.9281177, 43.1594685], [131.9281459, 43.1595532], [131.928154, 43.1595843], [131.9281688, 43.1596359], [131.9281774, 43.1597546], [131.9281713, 43.1598114], [131.9281619, 43.1598917], [131.9281466, 43.1599549]]}}, {"type": "Feature", "properties": {"name": "Киевская улица", "part": "mainland", "theme": "place", "descr": "https://t.me/vvtopo/177"}, "geometry": {"type": "MultiLineString", "coordinates": [[[131.9300897, 43.1017151], [131.9306635, 43.1018735], [131.9308496, 43.1019228], [131.9313834, 43.1020702], [131.9318846, 43.1022194], [131.93218, 43.1023117], [131.9323589, 43.1023896], [131.9330213, 43.1026857], [131.9336529, 43.1029739], [131.9337812, 43.1030309], [131.9340333, 43.103153]], [[131.9291373, 43.1015446], [131.9292726, 43.1015661], [131.9293629, 43.1015926], [131.9293715, 43.1016018], [131.9300897, 43.1017151]]]}}, {"type": "Feature", "properties": {"name": "улица Корнилова", "part": "mainland", "theme": "person"}, "geometry": {"type": "MultiLineString", "coordinates": [[[131.9181651, 43.1487552], [131.9181556, 43.1487995], [131.9181431, 43.1488348], [131.9181044, 43.1489224], [131.9178881, 43.1491674], [131.9175941, 43.1495052], [131.9172307, 43.1498839], [131.9170958, 43.1499956], [131.9170093, 43.1501928], [131.9169908, 43.1502995], [131.9169937, 43.1503918], [131.9170016, 43.1504482], [131.9170178, 43.1504976], [131.9170852, 43.1507122], [131.9171054, 43.150761]], [[131.9176316, 43.1475585], [131.91765, 43.1476018], [131.9178, 43.147967], [131.917888, 43.1481813], [131.9180181, 43.1484535], [131.9181651, 43.1487552]], [[131.9171054, 43.150761], [131.9171313, 43.150815], [131.9171417, 43.1508375], [131.9172559, 43.1511126], [131.9173119, 43.1512437], [131.9173345, 43.1512739], [131.9173694, 43.1513189], [131.9174509, 43.1514107]]]}}, {"type": "Feature", "properties": {"name": "Днепровский переулок", "part": "mainland", "theme": "place", "descr": "Образован 13.12.1957. На плане 1968 г. отмечен как Днепропетровский пер."}, "geometry": {"type": "MultiLineString", "coordinates": [[[131.9134118, 43.1446405], [131.9134774, 43.1447193], [131.9135267, 43.1447771], [131.9136534, 43.1449365], [131.9137279, 43.1450243], [131.9138032, 43.1451018], [131.9138634, 43.1451593], [131.913924, 43.1452171], [131.9139821, 43.1452679], [131.9140426, 43.1453196], [131.9141612, 43.1454182], [131.9143394, 43.1455523], [131.9143746, 43.1455669], [131.9144167, 43.145575], [131.9144756, 43.145574], [131.9145868, 43.1455694], [131.9146674, 43.1455645], [131.9149282, 43.1455489], [131.9151632, 43.1455348], [131.9154709, 43.1455163]], [[131.9160164, 43.1435829], [131.9160108, 43.1437055], [131.9160371, 43.1439317], [131.9160484, 43.1441517], [131.9160729, 43.1443558], [131.9160598, 43.1444247], [131.9160383, 43.1444748], [131.9160075, 43.1445162], [131.9159726, 43.1445499], [131.9159365, 43.1445784], [131.9158841, 43.1446072], [131.9158119, 43.1446287], [131.9156536, 43.1446489], [131.9155569, 43.1446553], [131.9155233, 43.1446566], [131.9153574, 43.1446595], [131.9152285, 43.1446587], [131.9150107, 43.144652], [131.9149548, 43.1446509], [131.9146148, 43.1446443], [131.9145098, 43.1446434], [131.9143526, 43.1446357], [131.9142287, 43.1446179], [131.9141319, 43.144595], [131.9139684, 43.1445344]]]}}, {"type": "Feature", "properties": {"name": "Тобольская улица", "part": "mainland", "theme": "place", "descr": "https://t.me/vvtopo/279"}, "geometry": {"type": "MultiLineString", "coordinates": [[[131.9325843, 43.1204609], [131.9326523, 43.1205229], [131.9326927, 43.1205597], [131.9327854, 43.1206442], [131.9327992, 43.1206613], [131.9328256, 43.1207127], [131.9328296, 43.1207707], [131.9328507, 43.1210781], [131.9328683, 43.1213049], [131.9328855, 43.1215631]], [[131.9328855, 43.1215631], [131.9329047, 43.1218896]], [[131.932548, 43.1219189], [131.9325091, 43.1219554], [131.9324351, 43.1219883], [131.9322128, 43.1220515], [131.9318932, 43.1222178], [131.9318537, 43.1222409], [131.9317932, 43.1222742], [131.9316975, 43.1223231], [131.931634, 43.1223455], [131.9311653, 43.1224907], [131.9309613, 43.1225561], [131.9304783, 43.1227063], [131.9291534, 43.1231068], [131.929079, 43.123128], [131.9289636, 43.1231621], [131.9288284, 43.1231995], [131.9282821, 43.1233504], [131.9282582, 43.1233577], [131.9281339, 43.1233958], [131.9280012, 43.12344], [131.9279487, 43.1234575], [131.9272989, 43.123686], [131.9266481, 43.1239177], [131.9265385, 43.123964], [131.9264485, 43.1240017], [131.9263474, 43.1240336]]]}}, {"type": "Feature", "properties": {"name": "улица Буссе", "part": "mainland", "theme": "person", "descr": "Образована 18.08.1908. Проектное название — Боярская."}, "geometry": {"type": "MultiLineString", "coordinates": [[[131.9154627, 43.1157643], [131.9153809, 43.1158123], [131.915361, 43.1158365], [131.9152333, 43.116115], [131.9151685, 43.1163099], [131.9151751, 43.1166536], [131.9151954, 43.1168959], [131.9152051, 43.1171035]], [[131.9152051, 43.1171035], [131.9152826, 43.1173316], [131.9154526, 43.1176407]], [[131.9154526, 43.1176407], [131.9154563, 43.1176641], [131.915459, 43.1176844], [131.9154567, 43.1177092]]]}}, {"type": "Feature", "properties": {"name": "Балтовская улица", "part": "mainland", "theme": "place", "descr": "Упоминается в справочнике 1924 г. Историческое направление — с запада на восток."}, "geometry": {"type": "LineString", "coordinates": [[131.898743, 43.094061], [131.8987513, 43.0941366], [131.8987549, 43.094183], [131.8987619, 43.0942756], [131.8987619, 43.0943644], [131.8987501, 43.0944641], [131.8987441, 43.0945119], [131.8987052, 43.0948198], [131.8986838, 43.0951316], [131.8986777, 43.0952018], [131.8986687, 43.095267], [131.8986516, 43.0953106], [131.8986317, 43.0953472], [131.8986109, 43.0954062], [131.8985926, 43.0954671], [131.8985637, 43.0955573], [131.8985507, 43.0956394], [131.8985431, 43.0957364], [131.8985404, 43.095851], [131.8985337, 43.0959334], [131.8985265, 43.0960198], [131.8984903, 43.0961498], [131.8984368, 43.0962934], [131.8984081, 43.0963938], [131.8984018, 43.0964119], [131.8983877, 43.0965342], [131.8983927, 43.0966103], [131.8983942, 43.0966939]]}}, {"type": "Feature", "properties": {"name": "Ракитная улица", "part": "mainland", "theme": "tree", "descr": "https://t.me/vvtopo/177"}, "geometry": {"type": "LineString", "coordinates": [[131.9045148, 43.0989643], [131.9045129, 43.0987747], [131.9045133, 43.0987658], [131.9045578, 43.0984196], [131.9045793, 43.0983564], [131.9046093, 43.0983261], [131.9046403, 43.0983123], [131.9046609, 43.0983068], [131.9046973, 43.0983034], [131.9047225, 43.0980712], [131.9048244, 43.0975688], [131.9048346, 43.0975253], [131.9048542, 43.0974796], [131.904875, 43.0974349], [131.9048911, 43.097411], [131.9049783, 43.097335], [131.905013, 43.0973187], [131.9050517, 43.0973111], [131.9052211, 43.0973123], [131.9054858, 43.0973156], [131.905557, 43.0973127], [131.9055837, 43.0973088], [131.9056039, 43.0973029], [131.9056122, 43.0972934], [131.9056159, 43.0972789], [131.9056099, 43.0972652], [131.905551, 43.0971273], [131.9055054, 43.0970234], [131.905502, 43.0969892], [131.9055126, 43.0969499], [131.9055717, 43.0968674], [131.9059065, 43.0965884], [131.9059351, 43.0965611], [131.9060312, 43.0964675], [131.9060589, 43.0964452]]}}, {"type": "Feature", "properties": {"name": "улица Пожарского", "part": "mainland", "theme": "person"}, "geometry": {"type": "LineString", "coordinates": [[131.8843431, 43.1251803], [131.8843225, 43.1251958], [131.8843117, 43.1252284], [131.8843085, 43.1252948], [131.8843125, 43.1253486], [131.8843353, 43.1254053], [131.8844292, 43.1255933], [131.88446, 43.1256628], [131.8844844, 43.125688], [131.8845085, 43.125708], [131.8848096, 43.1258417], [131.8849275, 43.1259228], [131.8849922, 43.1260004], [131.8848861, 43.1261433], [131.8848586, 43.1261933], [131.8848537, 43.1262592], [131.884867, 43.1263337], [131.8849561, 43.1266403], [131.8849576, 43.126705], [131.8848743, 43.1269062], [131.8848216, 43.1270052]]}}, {"type": "Feature", "properties": {"name": "Московская улица", "part": "mainland", "theme": "place", "descr": "Образована 3 (18) декабря 1907 года."}, "geometry": {"type": "LineString", "coordinates": [[131.8922276, 43.1276919], [131.8923301, 43.1276662], [131.8924388, 43.1276021], [131.892512, 43.127543], [131.8925746, 43.1274836], [131.8926466, 43.1273421], [131.8927857, 43.1270934], [131.8928467, 43.1269845], [131.8929588, 43.1267841], [131.8930951, 43.1265406], [131.8931268, 43.126484], [131.8932828, 43.1262051], [131.8933823, 43.1260272], [131.8934336, 43.1259356], [131.8934568, 43.1258942], [131.8935039, 43.12581], [131.893611, 43.1256186], [131.8936862, 43.1254841], [131.8937285, 43.1254087], [131.8938484, 43.1251944], [131.8938688, 43.125158]]}}, {"type": "Feature", "properties": {"name": "Пихтовая улица", "part": "mainland", "theme": "tree", "descr": "https://t.me/vvtopo/176"}, "geometry": {"type": "MultiLineString", "coordinates": [[[131.8946656, 43.0998776], [131.8945809, 43.0998204], [131.8945021, 43.0997816], [131.8943292, 43.0997234], [131.8942447, 43.0996903], [131.894206, 43.0996637], [131.8941475, 43.099612], [131.893941, 43.0994176], [131.8939207, 43.0993916], [131.8939061, 43.0993642], [131.8938739, 43.0991997], [131.8938665, 43.0991699], [131.893858, 43.09915], [131.893647, 43.0988642], [131.8936024, 43.0988078], [131.8934945, 43.0986712], [131.8934664, 43.0986363], [131.8933552, 43.0984935], [131.8932487, 43.0983795], [131.8931179, 43.0982383], [131.8929957, 43.0981161], [131.8928942, 43.098022], [131.8928706, 43.0980015], [131.8926985, 43.0978716], [131.8925662, 43.0977739], [131.8924253, 43.0976698], [131.8922531, 43.0975313], [131.8920895, 43.0973713], [131.8918613, 43.0971506], [131.891763, 43.097064], [131.8916791, 43.0970092], [131.8915819, 43.0969548], [131.8913253, 43.0967981], [131.8912866, 43.096774], [131.8911832, 43.0967073], [131.8911148, 43.0966573], [131.8909933, 43.096554], [131.8909436, 43.0965086], [131.8908355, 43.0963872], [131.8907621, 43.0962997], [131.8906798, 43.0961909], [131.8905203, 43.095987], [131.8904489, 43.0958865], [131.8903873, 43.0958061], [131.8903154, 43.0957373], [131.8900877, 43.0955323], [131.8899281, 43.095387], [131.8897944, 43.0952678]], [[131.8946656, 43.0998776], [131.8946665, 43.0998957], [131.8946719, 43.0999123], [131.8949325, 43.1002287], [131.8950507, 43.1003678], [131.8950987, 43.1004256], [131.8951278, 43.1004606], [131.8951783, 43.1005223], [131.8952628, 43.1006235], [131.8953094, 43.1006778], [131.8954033, 43.1007912], [131.895541, 43.1009573], [131.8956242, 43.101065]], [[131.8906853, 43.0946329], [131.8907097, 43.0945238], [131.8907212, 43.0944882], [131.8907693, 43.0944188], [131.890783, 43.0943769], [131.8907753, 43.0943523], [131.8907659, 43.0943357], [131.8907409, 43.0943134], [131.890062, 43.0938279]], [[131.8944168, 43.101593], [131.8943678, 43.1016049]], [[131.8956242, 43.101065], [131.8951874, 43.101245], [131.8945281, 43.1015462], [131.8944168, 43.101593]]]}}, {"type": "Feature", "properties": {"name": "Дубовая улица", "part": "mainland", "theme": "tree", "descr": "https://t.me/vvtopo/176"}, "geometry": {"type": "MultiLineString", "coordinates": [[[131.8889658, 43.0989227], [131.8889063, 43.0989187], [131.8888555, 43.0988925], [131.8888334, 43.0988589], [131.8887632, 43.0987127], [131.8886109, 43.0983817], [131.8885541, 43.0982871], [131.8884481, 43.0981251], [131.8883633, 43.0980236], [131.8882456, 43.0979343], [131.8881746, 43.0978933], [131.8881215, 43.0978689], [131.8880038, 43.0978332], [131.887777, 43.0977769], [131.8875404, 43.097712], [131.8874149, 43.0976735], [131.8873836, 43.0976652], [131.8873527, 43.0976649]], [[131.889459, 43.1006783], [131.8894401, 43.1006196], [131.8893601, 43.100544], [131.889298, 43.1005075], [131.8892711, 43.1004811], [131.8892577, 43.1004465], [131.8892584, 43.1003573]], [[131.8891671, 43.0995417], [131.8891593, 43.099463], [131.8891314, 43.0993303], [131.8890595, 43.0990611], [131.8890298, 43.0989172]], [[131.8892584, 43.1003573], [131.8892585, 43.1003243], [131.8892598, 43.1000791], [131.8892545, 43.0999312], [131.8891961, 43.0997589], [131.8891822, 43.0996925], [131.8891793, 43.0996644], [131.8891687, 43.0995612], [131.8891671, 43.0995417]]]}}, {"type": "Feature", "properties": {"name": "Ольховая улица", "part": "mainland", "theme": "tree", "descr": "https://t.me/vvtopo/177"}, "geometry": {"type": "MultiLineString", "coordinates": [[[131.89056, 43.098638], [131.8905679, 43.0986765], [131.8905986, 43.0988504], [131.8906163, 43.0989182], [131.8906319, 43.0989732], [131.8906565, 43.0990278], [131.8907017, 43.0991184], [131.8907585, 43.099286], [131.8907633, 43.0993122], [131.8907931, 43.0994753], [131.8907918, 43.099502], [131.8907544, 43.0998988], [131.8907516, 43.0999287]], [[131.8907516, 43.0999287], [131.8909177, 43.100079], [131.8910666, 43.1001963], [131.8912721, 43.1003363], [131.8914611, 43.1004968], [131.8915094, 43.10054], [131.8918648, 43.1008959], [131.8919334, 43.1009636], [131.8920224, 43.1010519], [131.8921447, 43.1011723], [131.8921976, 43.1012617], [131.8922352, 43.1012971]], [[131.8933612, 43.1020509], [131.8931688, 43.1019519], [131.8931161, 43.1019274], [131.8930463, 43.1018984], [131.8929511, 43.1018713], [131.8928149, 43.1018469], [131.8927771, 43.1018334], [131.8927291, 43.1018028], [131.8926362, 43.1017076], [131.8924733, 43.1015409], [131.8924135, 43.1014796], [131.8923111, 43.1013748], [131.8922352, 43.1012971]]]}}, {"type": "Feature", "properties": {"name": "улица Давыдова", "part": "mainland", "theme": "person", "descr": "Образована 10.05.1963. Названа в честь участника войны 1812 года Дениса Давыдова."}, "geometry": {"type": "MultiLineString", "coordinates": [[[131.9216681, 43.1740272], [131.9218375, 43.1740508], [131.9218833, 43.1740711], [131.9221604, 43.1741083], [131.9223926, 43.1741101], [131.9227637, 43.1741098], [131.9228599, 43.1741379], [131.9229136, 43.174157], [131.9230302, 43.1742082], [131.9231508, 43.1742687], [131.9232459, 43.1743255], [131.923348, 43.1744189], [131.9233753, 43.1744708], [131.9234048, 43.1745343], [131.923459, 43.1746672], [131.9234779, 43.174788], [131.9234795, 43.1748331], [131.9234897, 43.1749234], [131.9234857, 43.1751696], [131.923489, 43.1752939], [131.9235052, 43.1756504], [131.9235058, 43.1760005], [131.9235108, 43.1761158], [131.9235309, 43.1761725], [131.9235504, 43.1762113], [131.9236972, 43.1764982], [131.9237159, 43.1765539], [131.9237289, 43.1766349], [131.9237394, 43.176775], [131.9237423, 43.176945], [131.9237688, 43.1773993], [131.9237864, 43.1775741], [131.9238007, 43.1777117], [131.923828, 43.1778293], [131.9238866, 43.1779495], [131.9242192, 43.1785135], [131.9242784, 43.1786139]], [[131.9185516, 43.1684719], [131.9185433, 43.1685716], [131.9185127, 43.1688228], [131.9185043, 43.1689469], [131.918502, 43.1690097], [131.9185, 43.1690995], [131.9185141, 43.1692033], [131.9185257, 43.1692584], [131.9185493, 43.169344], [131.9185723, 43.1694096], [131.9185892, 43.1694342], [131.9186139, 43.1694646], [131.9186442, 43.1694843], [131.9188768, 43.169971], [131.918916, 43.1700575], [131.9189269, 43.1700774], [131.918993, 43.1702145], [131.9191026, 43.1704445], [131.9193313, 43.1709018], [131.9193838, 43.1710007], [131.919396, 43.1710237], [131.9194085, 43.1710697], [131.9194152, 43.171124], [131.9194271, 43.1712245], [131.9194366, 43.1715608], [131.9194684, 43.1721261], [131.9194891, 43.172482], [131.919498, 43.1726602], [131.9195309, 43.1730648], [131.9195471, 43.1731313], [131.9195632, 43.1732105], [131.919621, 43.1733767]], [[131.9218225, 43.1737128], [131.9218637, 43.1736419], [131.9219199, 43.1735931], [131.9219847, 43.1735609], [131.9220774, 43.1735323], [131.9222969, 43.1734965], [131.9225516, 43.1734659], [131.9227483, 43.1734456], [131.9231013, 43.1734126], [131.9233236, 43.1733936], [131.92366, 43.1733667], [131.9242237, 43.1733181], [131.9244332, 43.1733023], [131.9247211, 43.1732785], [131.9247794, 43.1732736], [131.9248956, 43.1732634], [131.9249672, 43.1732589], [131.9250554, 43.1732665], [131.9251184, 43.1732714], [131.9251788, 43.1732784], [131.9252622, 43.173306], [131.9253235, 43.1733642], [131.9253668, 43.1734255], [131.9253704, 43.1734483], [131.9253725, 43.1735141], [131.9253721, 43.1735843], [131.9253576, 43.1738128], [131.9254171, 43.1738293], [131.9255637, 43.1738263], [131.9257974, 43.1738265], [131.9259301, 43.1738261]], [[131.92677, 43.1746277], [131.9267797, 43.1747226], [131.9268304, 43.1748428], [131.9268671, 43.1749007], [131.9269098, 43.1749485], [131.9269717, 43.1750015], [131.9270306, 43.1750425], [131.9270863, 43.175066], [131.9271289, 43.175077], [131.9271614, 43.1750802], [131.9272022, 43.1750737], [131.927252, 43.1750553], [131.9273121, 43.1750307], [131.9273633, 43.1750215], [131.9273989, 43.1750286], [131.9274384, 43.1750431], [131.9274731, 43.17506], [131.9275393, 43.1751262], [131.9280005, 43.1758786]], [[131.9280005, 43.1758786], [131.9280824, 43.175952], [131.9281419, 43.1760371], [131.9281704, 43.1761185], [131.9281877, 43.1762122], [131.9281923, 43.1762714], [131.9282, 43.1763619], [131.9282013, 43.1764761], [131.9282066, 43.1765515], [131.9281392, 43.1766744]], [[131.9281392, 43.1766744], [131.9281851, 43.1767518], [131.9282301, 43.1768254], [131.928311, 43.1769682], [131.9283694, 43.1771576], [131.928399, 43.1772587], [131.9284238, 43.1773483], [131.9284352, 43.1774103], [131.9284331, 43.1774729], [131.9284007, 43.1775411], [131.9283417, 43.1776233], [131.9283372, 43.1776833], [131.9283446, 43.1777632], [131.9283956, 43.1779225], [131.9285701, 43.1781757], [131.9287431, 43.1784026], [131.9289754, 43.1786306]], [[131.9216681, 43.1740272], [131.9217534, 43.173847], [131.9218225, 43.1737128]], [[131.9249043, 43.1797513], [131.9251805, 43.180126], [131.9255698, 43.1805202], [131.9258512, 43.180821], [131.9262927, 43.1812167], [131.9264484, 43.1813939], [131.9267165, 43.181699], [131.9269112, 43.1819223], [131.927511, 43.1825239]], [[131.919621, 43.1733767], [131.9196528, 43.1734284], [131.919704, 43.1734903], [131.9197589, 43.1735419], [131.9197813, 43.1735562], [131.9198971, 43.17363], [131.9199709, 43.1736771], [131.9200487, 43.173725], [131.9201674, 43.173784], [131.9203156, 43.1738404], [131.9204148, 43.1738707], [131.9205236, 43.1739051], [131.9207045, 43.1739412], [131.9209599, 43.1739774], [131.9215411, 43.174022], [131.9216681, 43.1740272]], [[131.9259301, 43.1738261], [131.9261611, 43.1738295], [131.9265456, 43.1738334], [131.9266114, 43.1738333], [131.9268888, 43.1738431], [131.9269283, 43.1738488], [131.926972, 43.1738605], [131.9270121, 43.1738886], [131.9270325, 43.1739191], [131.927052, 43.1739666], [131.9270529, 43.1740192], [131.9270248, 43.1741798], [131.9270143, 43.1742241], [131.9270092, 43.1742455], [131.926991, 43.1743015], [131.9269621, 43.1743607], [131.9269274, 43.174397], [131.9269036, 43.1744161], [131.9268698, 43.174444], [131.9268451, 43.1744712], [131.9267991, 43.1745294], [131.9267772, 43.1745858], [131.92677, 43.1746277]], [[131.9242784, 43.1786139], [131.9243474, 43.1787309], [131.9245924, 43.1791765], [131.9249043, 43.1797513]]]}}, {"type": "Feature", "properties": {"name": "Камский переулок", "part": "mainland", "theme": "place", "descr": "Образован 13.12.1957"}, "geometry": {"type": "MultiLineString", "coordinates": [[[131.9102665, 43.1421484], [131.9102561, 43.1420788], [131.91023, 43.1420134], [131.9099817, 43.1417719], [131.9098664, 43.1416253], [131.9098432, 43.1415031], [131.9098793, 43.1414005], [131.909948, 43.1413115], [131.9100495, 43.1412213], [131.9102245, 43.1411359], [131.9104119, 43.1410441], [131.9106435, 43.1409319], [131.9106961, 43.1409098], [131.9107628, 43.1408899], [131.9108168, 43.1408804], [131.9108862, 43.1408751], [131.9109871, 43.1408844], [131.9111212, 43.1409264], [131.9111759, 43.1409479], [131.9114989, 43.1410515], [131.9117904, 43.141127], [131.9119459, 43.141173], [131.9120988, 43.1412102], [131.9121833, 43.1412249], [131.9121942, 43.1412306], [131.9122339, 43.1410852]], [[131.9162433, 43.1399638], [131.9161979, 43.139937], [131.916157, 43.1399126], [131.9160872, 43.1398721], [131.9155379, 43.1395804], [131.915405, 43.1394554], [131.9152812, 43.1394037], [131.9149273, 43.1392815], [131.9148791, 43.1392762], [131.9145547, 43.1392406], [131.9144028, 43.1392485], [131.9141397, 43.1392621], [131.914111, 43.1392735], [131.9140927, 43.1392915], [131.9140481, 43.1393382], [131.9140319, 43.1393778]], [[131.9129724, 43.1396512], [131.9128904, 43.1396307], [131.9128159, 43.1396434], [131.9127503, 43.139687], [131.9126567, 43.1398336], [131.9125175, 43.140084], [131.9124877, 43.1401452], [131.9122255, 43.1407188], [131.9122319, 43.1409841], [131.9122339, 43.1410852]], [[131.915104, 43.1404798], [131.9151632, 43.1405096], [131.9152534, 43.1405489], [131.9153282, 43.1405849], [131.9153544, 43.1405966], [131.915416, 43.1406226], [131.9155148, 43.1406587], [131.9155817, 43.1406887], [131.9156078, 43.1407165], [131.9156205, 43.1407503], [131.9156204, 43.1407884], [131.9156185, 43.140874]], [[131.915104, 43.1404798], [131.9150694, 43.1404586], [131.9150439, 43.1404362], [131.9150117, 43.140399], [131.9149723, 43.1403106], [131.9149695, 43.140275], [131.914971, 43.1402094], [131.9149755, 43.1401543], [131.915003, 43.1400966], [131.9150292, 43.1400427], [131.915111, 43.1399244], [131.9151847, 43.1398323], [131.915225, 43.139815], [131.9152578, 43.1398124], [131.9152897, 43.1398132], [131.9153431, 43.1398209], [131.9157654, 43.1398989], [131.9160417, 43.1399322], [131.9162433, 43.1399638]], [[131.9140319, 43.1393778], [131.914016, 43.1393906], [131.9139818, 43.1394175], [131.9139456, 43.1394429], [131.9137731, 43.139571], [131.9137135, 43.1395995], [131.9136143, 43.1396768], [131.9135503, 43.1397181], [131.9135151, 43.1397414], [131.9134761, 43.1397511], [131.9134373, 43.1397541], [131.9132283, 43.139719], [131.9131237, 43.139904]]]}}, {"type": "Feature", "properties": {"name": "улица Волкова", "part": "mainland", "theme": "person", "descr": "https://t.me/ochkuryvl/3626"}, "geometry": {"type": "MultiLineString", "coordinates": [[[131.9720901, 43.0963746], [131.9720494, 43.0962923], [131.9718085, 43.0957103], [131.9717428, 43.0955675], [131.9716861, 43.095134], [131.9716586, 43.0950231], [131.9716249, 43.0949513], [131.9715578, 43.094786], [131.9714783, 43.0946325], [131.9714521, 43.0945902], [131.971412, 43.094544], [131.9713176, 43.0944735], [131.9712804, 43.0944492], [131.9712562, 43.0944362], [131.9711806, 43.0944025], [131.9711408, 43.094386], [131.9711238, 43.0943789], [131.9711106, 43.0943735], [131.9711557, 43.0941653], [131.9711966, 43.0940577], [131.9712235, 43.0939547], [131.9712489, 43.0939087], [131.9712926, 43.0938702], [131.9713227, 43.0938479], [131.9713672, 43.0938217], [131.9714118, 43.0938112], [131.9714787, 43.0938073], [131.9717274, 43.0937863], [131.9719617, 43.0937685], [131.9722772, 43.0937365], [131.9724128, 43.0937256], [131.972573, 43.0937213], [131.9726318, 43.0937226], [131.972775, 43.0937279], [131.972869, 43.0937291], [131.9729166, 43.0937197], [131.9729775, 43.0937044], [131.9730172, 43.0936981], [131.9730735, 43.0936913], [131.9731382, 43.0936889], [131.9732584, 43.0936995], [131.9735491, 43.0937718], [131.9737752, 43.0938429], [131.9738266, 43.0938749], [131.973891, 43.0939222], [131.9740249, 43.0940772], [131.9741189, 43.0941866], [131.9741625, 43.0942333], [131.9742, 43.0942693], [131.9742268, 43.0942911], [131.9742354, 43.0942974], [131.9742757, 43.0943172], [131.9745364, 43.094434], [131.9748987, 43.0945852], [131.9749612, 43.0946015], [131.9751026, 43.0946275], [131.9752544, 43.0946335], [131.9758884, 43.0946557], [131.9762055, 43.0946657], [131.9771196, 43.0946833], [131.9771501, 43.0946824]], [[131.9713309, 43.0929874], [131.9713368, 43.0930155], [131.9713354, 43.0930312], [131.9713304, 43.0930547], [131.9713113, 43.0930925], [131.971301, 43.0931088], [131.9708418, 43.0937548], [131.9708077, 43.0938372], [131.9707898, 43.0941113], [131.9707464, 43.094505], [131.9707158, 43.0945558], [131.9706782, 43.0945971], [131.9706546, 43.0946164], [131.970621, 43.0946465], [131.9705839, 43.0946757], [131.9705274, 43.0947121], [131.9704375, 43.0947741], [131.9702499, 43.0948808], [131.970206, 43.0949022]], [[131.9737752, 43.0938429], [131.9740205, 43.0938066], [131.9741256, 43.0937937], [131.9742874, 43.0937799], [131.9743268, 43.0937709], [131.9743771, 43.0937454], [131.9743942, 43.0937151], [131.9743981, 43.0936735], [131.9743764, 43.0936406], [131.9743422, 43.0936088], [131.9742039, 43.0934697], [131.9739745, 43.0932828], [131.9738372, 43.0931942], [131.9737897, 43.0931629], [131.9737638, 43.0931318], [131.9737307, 43.0931396], [131.9736512, 43.093155], [131.9735771, 43.0931639], [131.9734966, 43.0931669], [131.9733884, 43.0931684], [131.9728873, 43.093163], [131.9724767, 43.0931586], [131.9724291, 43.0931624], [131.9723999, 43.0931688], [131.9723721, 43.093181], [131.9722992, 43.093198], [131.9722876, 43.0930136], [131.9722742, 43.092994], [131.9722583, 43.092978], [131.9713309, 43.0929874]]]}}, {"type": "Feature", "properties": {"name": "улица Пацаева", "part": "mainland", "theme": "person", "descr": "https://t.me/ochkuryvl/3626"}, "geometry": {"type": "MultiLineString", "coordinates": [[[131.9796191, 43.0933236], [131.9795504, 43.093336], [131.9794423, 43.0933364], [131.9792498, 43.0933212], [131.9789931, 43.0932969], [131.9787696, 43.0932879], [131.9784587, 43.0934164], [131.9782534, 43.0934879], [131.9781696, 43.0935364], [131.9781139, 43.0935903], [131.9780682, 43.093663], [131.9779808, 43.0938986], [131.9779597, 43.0939349], [131.9778616, 43.0940681], [131.9777635, 43.0941605], [131.9777338, 43.0941927], [131.9771867, 43.094672], [131.9771501, 43.0946824]], [[131.9772441, 43.0956583], [131.9772298, 43.0957049], [131.9772073, 43.0958093], [131.9771932, 43.0958994]], [[131.9773148, 43.0954088], [131.9773116, 43.0954408], [131.9773067, 43.0954694], [131.9772973, 43.0955067], [131.9772771, 43.0955613], [131.9772441, 43.0956583]], [[131.9771501, 43.0946824], [131.9771652, 43.0947284], [131.9772023, 43.0948688], [131.9772167, 43.0949128], [131.9772852, 43.0950956], [131.9773069, 43.0951827], [131.9773219, 43.0952594], [131.9773148, 43.0954088]]]}}, {"type": "Feature", "properties": {"name": "Тамбовская улица", "part": "mainland", "theme": "place", "descr": "https://t.me/vvtopo/304"}, "geometry": {"type": "LineString", "coordinates": [[131.9112594, 43.0882278], [131.9112468, 43.0882048], [131.9112312, 43.0881771], [131.9112192, 43.0881543], [131.9111082, 43.0879695], [131.910774, 43.0874916], [131.9107393, 43.0874349], [131.910729, 43.0873658], [131.9107396, 43.0873105], [131.9107861, 43.0872294]]}}, {"type": "Feature", "properties": {"name": "улица Овчинникова", "part": "mainland", "theme": "person", "descr": "до того – Мор-городской проезд (https://t.me/ochkuryvl/3626)"}, "geometry": {"type": "MultiLineString", "coordinates": [[[131.9045484, 43.1493076], [131.9045343, 43.1493406], [131.9045256, 43.1493694], [131.9045214, 43.149461], [131.9045147, 43.14956], [131.9045051, 43.1496533], [131.9044985, 43.1497195], [131.9044923, 43.1498912], [131.9044927, 43.1499797], [131.904497, 43.1500348], [131.9045056, 43.150097], [131.9045198, 43.1501655], [131.9045539, 43.1503196], [131.9045793, 43.1504285], [131.9045937, 43.1504831], [131.9046739, 43.1507456], [131.9047069, 43.1508498], [131.9047335, 43.1509207], [131.904767, 43.1509814], [131.9047965, 43.1510338], [131.9048314, 43.1510812], [131.904877, 43.1511352], [131.9051446, 43.1514257], [131.9052535, 43.1515382], [131.9057182, 43.1519847], [131.9058781, 43.1520517], [131.9065372, 43.1522778], [131.9069867, 43.1524244], [131.9070455, 43.1524475], [131.9070884, 43.1524808], [131.9074242, 43.1529223], [131.9081889, 43.1539595], [131.9082723, 43.1540701], [131.9085056, 43.1543706]], [[131.9085056, 43.1543706], [131.9085, 43.1543891], [131.9084899, 43.1544008], [131.9084621, 43.1544256], [131.908411, 43.1544705], [131.9083347, 43.1545412], [131.9082759, 43.1545885], [131.9082085, 43.154663], [131.9081546, 43.1547329], [131.9081015, 43.1548168], [131.9080929, 43.1548552], [131.9080926, 43.1548814], [131.9080929, 43.1549125], [131.908099, 43.154941], [131.9081332, 43.1550123], [131.9081863, 43.1550815], [131.9082451, 43.1551674], [131.9082746, 43.1551872], [131.9083953, 43.1552958], [131.9084405, 43.1553372], [131.9087023, 43.1554752], [131.9088368, 43.1555189], [131.9089246, 43.1555412], [131.9090203, 43.1555665], [131.9091095, 43.1555774], [131.9093098, 43.155588], [131.9094753, 43.1555999], [131.9097444, 43.155611], [131.909936, 43.1555929], [131.9100094, 43.1555845], [131.9101341, 43.155565], [131.9102127, 43.1555301], [131.9102816, 43.155499]], [[131.9106984, 43.1553928], [131.9104971, 43.1554367], [131.9102816, 43.155499]]]}}, {"type": "Feature", "properties": {"name": "улица Шепеткова", "part": "mainland", "theme": "person", "descr": "https://t.me/vvtopo/241"}, "geometry": {"type": "MultiLineString", "coordinates": [[[131.9392743, 43.1117825], [131.9393063, 43.1116649], [131.9395118, 43.1110199], [131.9395459, 43.1108936], [131.9395633, 43.1107463], [131.9395301, 43.110654], [131.9395244, 43.1106394], [131.9394818, 43.1105585], [131.9394213, 43.1104546], [131.9393487, 43.110338], [131.9392546, 43.1102208], [131.9391787, 43.110153], [131.9390231, 43.110035]], [[131.9408756, 43.1184248], [131.9408058, 43.1182138], [131.9407556, 43.118062], [131.9406642, 43.1177854]], [[131.9406642, 43.1177854], [131.9406317, 43.1176872], [131.9405171, 43.1173407], [131.9404266, 43.117067], [131.9403864, 43.1169454], [131.9402455, 43.1165192], [131.9402315, 43.1164769], [131.9402069, 43.1163944]], [[131.9386956, 43.1096139], [131.9387144, 43.1093836], [131.938718, 43.1093399]], [[131.9402069, 43.1163944], [131.9401407, 43.1161892], [131.9400044, 43.1157671], [131.9399967, 43.1157433], [131.9398786, 43.1153776], [131.9397117, 43.1148607], [131.9395756, 43.114439], [131.9395443, 43.1143414], [131.9395295, 43.1142962], [131.9395162, 43.1142552], [131.9392633, 43.1134433], [131.9392504, 43.1133833], [131.9392381, 43.1132953], [131.939233, 43.1132394], [131.9392296, 43.1125891], [131.939226, 43.1122773], [131.9392305, 43.1122277]], [[131.9392592, 43.1118689], [131.9392743, 43.1117825]], [[131.9392465, 43.1119956], [131.9392471, 43.1119752], [131.939251, 43.1119409], [131.9392592, 43.1118689]], [[131.9411149, 43.1191709], [131.9411015, 43.1190564], [131.9410879, 43.1189659], [131.9409676, 43.1186718], [131.9408756, 43.1184248]], [[131.938718, 43.1093399], [131.9386997, 43.1092828], [131.9386817, 43.1092464], [131.9386113, 43.1091824]], [[131.9390231, 43.110035], [131.9389056, 43.1099867], [131.9388217, 43.1099563], [131.9387408, 43.1099137], [131.9386906, 43.1098637], [131.9386831, 43.1098144], [131.9386956, 43.1096139]], [[131.9392305, 43.1122277], [131.9392451, 43.1120361], [131.9392465, 43.1119956]]]}}, {"type": "Feature", "properties": {"name": "Светланская улица", "part": "mainland", "theme": "ship", "descr": "в память о Великом князе Алексее Александровиче и фрегате «Светлана»."}, "geometry": {"type": "MultiLineString", "coordinates": [[[131.9340494, 43.112865], [131.9340256, 43.112863], [131.9339305, 43.112856], [131.9338557, 43.1128503], [131.9336755, 43.1128363], [131.932924, 43.1127795], [131.9327234, 43.1127656], [131.9326782, 43.1127609], [131.9320202, 43.1127109], [131.9318351, 43.1126969], [131.9314673, 43.1126707], [131.9304949, 43.1125951], [131.9299894, 43.1125567], [131.9295055, 43.11252], [131.9294093, 43.1125127], [131.9293201, 43.1125059], [131.9285969, 43.1124511]], [[131.9212373, 43.1122491], [131.9231951, 43.1121991]], [[131.9285969, 43.1124511], [131.9285483, 43.1124473], [131.9275394, 43.1123707], [131.9267861, 43.1123135], [131.9264988, 43.1122919], [131.9261793, 43.1122741], [131.9254901, 43.1122425], [131.9254612, 43.1122413], [131.9254083, 43.1122394], [131.9250754, 43.1122227], [131.9247934, 43.1122045], [131.9245959, 43.1121599]], [[131.9014618, 43.1147702], [131.9017947, 43.1148606], [131.9019154, 43.1148933], [131.9020904, 43.1149408], [131.903049, 43.115201], [131.9033241, 43.1152757], [131.9040932, 43.1154844], [131.9041586, 43.1155022], [131.9045313, 43.1156034], [131.9048132, 43.1156775], [131.9050948, 43.1156947], [131.9054194, 43.1156578], [131.9060092, 43.1155552], [131.9061881, 43.1155146], [131.9067, 43.1153865], [131.907096, 43.1152873], [131.9072341, 43.1152527], [131.9072955, 43.1152373], [131.9073231, 43.1152304], [131.9073596, 43.1152213], [131.9077657, 43.1151196], [131.9079188, 43.1150812], [131.9084104, 43.1149582]], [[131.9356037, 43.1129994], [131.9354231, 43.1129722], [131.9350842, 43.1129452], [131.934721, 43.1129162], [131.9345847, 43.1129053], [131.9340494, 43.112865]], [[131.9360779, 43.1135251], [131.936059, 43.1133666], [131.9360002, 43.1132258], [131.9358905, 43.1131118], [131.9356037, 43.1129994]], [[131.8945569, 43.1140799], [131.8946082, 43.1140706], [131.8949037, 43.1140171], [131.8949837, 43.1140022], [131.8952392, 43.1139541], [131.8952509, 43.1139519], [131.8956898, 43.1138693], [131.8960661, 43.1137985], [131.8962433, 43.1137651]], [[131.8824696, 43.1163801], [131.8823428, 43.1164043], [131.8822715, 43.116418], [131.8817486, 43.1165178], [131.8814288, 43.1165789], [131.8812962, 43.1166042], [131.880955, 43.1166694], [131.880914, 43.1166772], [131.8803773, 43.1167797], [131.8797887, 43.1168921], [131.8796498, 43.1169186], [131.8793793, 43.1169702]], [[131.8824441, 43.1163065], [131.8833674, 43.1161303], [131.8837875, 43.1160502], [131.8844121, 43.1159312], [131.8846451, 43.1158868]], [[131.8846451, 43.1158868], [131.884678, 43.1158805], [131.8848145, 43.1158545], [131.8848466, 43.1158493]], [[131.8861739, 43.115622], [131.8864503, 43.1155916]], [[131.8882524, 43.1152689], [131.8884473, 43.1152323], [131.8888123, 43.1151638], [131.8898023, 43.1149779]], [[131.9197298, 43.1122872], [131.9202316, 43.1122745]], [[131.8962433, 43.1137651], [131.8964387, 43.1137485], [131.8966988, 43.1137457], [131.8971259, 43.1137956], [131.8978572, 43.1139167], [131.8985973, 43.1140899], [131.8993556, 43.1142674], [131.8998935, 43.1143933], [131.9001304, 43.1144487], [131.9012927, 43.1147261], [131.9014354, 43.1147631]], [[131.8869941, 43.1155017], [131.8880847, 43.1152993], [131.8882524, 43.1152689]], [[131.8860917, 43.1156344], [131.8861739, 43.115622]], [[131.8854935, 43.115725], [131.8860917, 43.1156344]], [[131.8848466, 43.1158493], [131.8854935, 43.115725]], [[131.8793793, 43.1169702], [131.8789195, 43.1170595], [131.8785588, 43.1171259], [131.8784512, 43.1171468], [131.8784154, 43.1171544], [131.8783644, 43.1171642], [131.8781089, 43.1172112], [131.8779465, 43.1172313]], [[131.9172979, 43.1124301], [131.9176899, 43.1123631], [131.9181312, 43.1123266], [131.9186025, 43.1123133], [131.9190882, 43.1123032]], [[131.8864503, 43.1155916], [131.8869941, 43.1155017]], [[131.9202316, 43.1122745], [131.9212373, 43.1122491]], [[131.8898023, 43.1149779], [131.8904466, 43.1148563], [131.8909554, 43.1147603]], [[131.9190882, 43.1123032], [131.9195635, 43.1122916], [131.9197298, 43.1122872]], [[131.912682, 43.1134355], [131.9135893, 43.1132365]], [[131.9135893, 43.1132365], [131.9136411, 43.1132251], [131.9145483, 43.1130261]], [[131.9145483, 43.1130261], [131.9146057, 43.1130135]], [[131.9146057, 43.1130135], [131.914901, 43.1129487]], [[131.914901, 43.1129487], [131.9156472, 43.112785]], [[131.9156472, 43.112785], [131.9159733, 43.1127135], [131.9170967, 43.112467], [131.9172979, 43.1124301]], [[131.910997, 43.1138385], [131.9110371, 43.1138256]], [[131.9110371, 43.1138256], [131.9115187, 43.1137046], [131.9116641, 43.1136681], [131.9117077, 43.1136578], [131.9117915, 43.1136309], [131.9119956, 43.1135861], [131.912496, 43.1134763], [131.912682, 43.1134355]], [[131.9106852, 43.1139708], [131.910997, 43.1138385]], [[131.9084104, 43.1149582], [131.9087674, 43.1148688]], [[131.9014354, 43.1147631], [131.9014618, 43.1147702]], [[131.9231951, 43.1121991], [131.9244422, 43.1121641], [131.9245959, 43.1121599]], [[131.8909554, 43.1147603], [131.8914857, 43.1146582], [131.8915072, 43.1146542], [131.8924676, 43.1144757], [131.8925831, 43.1144539], [131.8926143, 43.1144481], [131.8929922, 43.114377], [131.8934903, 43.1142832], [131.8940004, 43.1141876], [131.8940186, 43.1141841], [131.894109, 43.1141666], [131.8945569, 43.1140799]], [[131.9087674, 43.1148688], [131.9088984, 43.114836], [131.9093982, 43.1146843]], [[131.9093982, 43.1146843], [131.9099118, 43.1144088], [131.9106852, 43.1139708]]]}}, {"type": "Feature", "properties": {"name": "Тетюхинская улица", "part": "mainland", "theme": "place"}, "geometry": {"type": "MultiLineString", "coordinates": [[[131.9497465, 43.0953797], [131.9496875, 43.0953491], [131.9493424, 43.0951533], [131.9492015, 43.0950663], [131.9491615, 43.09504], [131.9486773, 43.0947221], [131.9486492, 43.0947013], [131.9483627, 43.0944891], [131.9481336, 43.0943152]], [[131.9502185, 43.0956391], [131.9501699, 43.0956029], [131.9497465, 43.0953797]]]}}, {"type": "Feature", "properties": {"name": "улица Гризодубовой", "part": "mainland", "theme": "person", "descr": "Образована 08.12.1938"}, "geometry": {"type": "MultiLineString", "coordinates": [[[131.9497465, 43.0953797], [131.9496279, 43.0953821], [131.949476, 43.0953845], [131.9494038, 43.0953888], [131.9493585, 43.0953938], [131.9491712, 43.0954226], [131.9490138, 43.0954628], [131.9488633, 43.0955109], [131.9487092, 43.0955651], [131.9484604, 43.0956526], [131.948383, 43.0956696], [131.9483221, 43.095675], [131.9482631, 43.0956757], [131.9479639, 43.0956795], [131.9477621, 43.0956821], [131.9477181, 43.0956505], [131.9476793, 43.0955987], [131.9476282, 43.0955838], [131.9473664, 43.0955873]], [[131.9465648, 43.0959975], [131.946341, 43.0961727], [131.9460538, 43.0963977], [131.9460214, 43.0964346], [131.9460142, 43.0965282], [131.9460064, 43.0967358], [131.9460022, 43.0968405], [131.946002, 43.0969241]], [[131.946002, 43.0969241], [131.9459707, 43.0969419], [131.9457088, 43.0969419]], [[131.9454713, 43.0973542], [131.945414, 43.0973822], [131.9453631, 43.0974044], [131.945318, 43.0974202], [131.9452654, 43.097431], [131.9451934, 43.0974324], [131.945096, 43.097424], [131.9449846, 43.0974003], [131.9448503, 43.0973653], [131.9447647, 43.0973348], [131.9446705, 43.0973332], [131.9446158, 43.0973348]], [[131.948343, 43.0971517], [131.9482509, 43.0971195], [131.9481764, 43.0971086], [131.9479993, 43.0971082], [131.9476892, 43.0971145], [131.9476314, 43.0971692], [131.9475802, 43.0972152], [131.9465544, 43.0981341], [131.9464334, 43.0982213], [131.9455984, 43.0987617], [131.9455426, 43.0987784], [131.9453657, 43.0987917], [131.9453084, 43.0987879], [131.9448559, 43.098581], [131.9443236, 43.098339], [131.9442518, 43.0982684], [131.9431827, 43.097428], [131.9431337, 43.0973894], [131.9431195, 43.0973764], [131.9423611, 43.0966265], [131.9423451, 43.0965872], [131.9423514, 43.0965502], [131.9423704, 43.0965164], [131.9425139, 43.0964244], [131.94254, 43.0964074], [131.9427485, 43.0962735]], [[131.9365243, 43.0998443], [131.9365221, 43.0997329], [131.9365156, 43.0997122], [131.9365073, 43.0996787], [131.9364835, 43.0996449], [131.9364805, 43.0996002], [131.9365158, 43.099301], [131.9365212, 43.0992628], [131.9365496, 43.0991929], [131.9365605, 43.0991508], [131.9365445, 43.0986704], [131.9365715, 43.0986261], [131.9366278, 43.0985925], [131.9367122, 43.0985675], [131.9368148, 43.0985506], [131.9369306, 43.0985451], [131.937051, 43.098557], [131.9371483, 43.0985616], [131.9374258, 43.0985204], [131.9374968, 43.0985154], [131.9376068, 43.0985292], [131.937796, 43.0985786]], [[131.9486773, 43.0947221], [131.9490228, 43.0944923], [131.9489694, 43.0942239], [131.948926, 43.0941153], [131.9488679, 43.093838], [131.9487756, 43.0936288], [131.9487428, 43.0935758], [131.9485993, 43.093344], [131.9485281, 43.0932557], [131.9482662, 43.0929307]], [[131.9472748, 43.0952351], [131.9479953, 43.0949978], [131.9486368, 43.0947437], [131.9486773, 43.0947221]], [[131.9457088, 43.0969419], [131.9457211, 43.0969994], [131.9457179, 43.0970414], [131.9456789, 43.0971355], [131.9456269, 43.0972142], [131.9455657, 43.0972816], [131.9454713, 43.0973542]], [[131.9457088, 43.0969419], [131.9456731, 43.0968972], [131.9456231, 43.0966623], [131.9456287, 43.0965472], [131.9456514, 43.0964321], [131.9457106, 43.0963383], [131.94579, 43.0962575], [131.9458427, 43.0962089], [131.9462395, 43.0959107], [131.9463029, 43.0958696]], [[131.9473664, 43.0955873], [131.9473147, 43.0955881], [131.9471675, 43.0955901], [131.9470701, 43.0956278], [131.9466191, 43.0959596], [131.9465648, 43.0959975]], [[131.9463029, 43.0958696], [131.9463521, 43.0958305], [131.9466215, 43.095584], [131.9466833, 43.0955404], [131.9468646, 43.0954174], [131.9470392, 43.0953255], [131.9470727, 43.0953126], [131.9472748, 43.0952351]], [[131.9482662, 43.0929307], [131.9482472, 43.0928845], [131.9482436, 43.0928434], [131.9482551, 43.0927992], [131.9484035, 43.0924738]], [[131.9484035, 43.0924738], [131.9484399, 43.0924265], [131.9486232, 43.09223]], [[131.937796, 43.0985786], [131.9378318, 43.0985923], [131.9378619, 43.0986156], [131.9378945, 43.098648], [131.9380975, 43.0988761], [131.9382918, 43.0990502]], [[131.9382918, 43.0990502], [131.9384425, 43.0990404], [131.9386779, 43.0990252], [131.9391038, 43.0989975], [131.9392001, 43.0989913]]]}}, {"type": "Feature", "properties": {"name": "Кипарисовая улица", "part": "mainland", "theme": "tree", "descr": "Впервые упоминается в списке 1957 года"}, "geometry": {"type": "MultiLineString", "coordinates": [[[131.9162321, 43.0873216], [131.9162524, 43.0873208], [131.9164029, 43.0873164], [131.9166996, 43.0873332], [131.9169896, 43.0873717], [131.9170609, 43.0873811], [131.9171314, 43.0873832], [131.9172055, 43.0873753], [131.9172917, 43.0873602], [131.9173821, 43.0873385], [131.9174516, 43.0873259], [131.9175371, 43.0873307], [131.9177168, 43.0873669], [131.9177528, 43.0873866], [131.9178395, 43.0874398], [131.9178746, 43.0874654], [131.9179911, 43.0876084], [131.9180106, 43.0877429], [131.9180158, 43.0878297], [131.9179914, 43.0879119], [131.9178656, 43.0882215], [131.9178656, 43.0882528], [131.917877, 43.0882826], [131.9179664, 43.088506], [131.9180039, 43.088602], [131.9180037, 43.0886416], [131.9179918, 43.0886755], [131.917963, 43.0888322], [131.9179596, 43.0888645], [131.9179814, 43.088926], [131.9180615, 43.0890633], [131.9181216, 43.0891487], [131.9181847, 43.089243], [131.9182775, 43.0893524], [131.9183664, 43.0894196], [131.918474, 43.0894714], [131.9185119, 43.0894937], [131.9188295, 43.089657], [131.9188956, 43.0896779], [131.9189535, 43.0896899], [131.9190291, 43.0897041], [131.9190995, 43.0897093], [131.9192406, 43.0897238], [131.9192914, 43.0897371], [131.9194052, 43.0897972], [131.9196413, 43.090002], [131.9198244, 43.0901183], [131.9199657, 43.090192], [131.920157, 43.0902705], [131.920321, 43.0903334], [131.9204151, 43.0903683], [131.9204995, 43.0903937], [131.9205378, 43.0904151], [131.9206187, 43.0904869], [131.9206866, 43.0905868], [131.9207332, 43.0906603], [131.9208047, 43.0907255], [131.9208908, 43.0907788], [131.9209302, 43.0907954], [131.9209666, 43.0908121], [131.9209904, 43.0908267], [131.9210183, 43.0908426], [131.9210923, 43.0908952], [131.9211473, 43.0909599], [131.9211971, 43.0910841], [131.9212295, 43.0911508], [131.921281, 43.0913042], [131.9212896, 43.0913485], [131.9212896, 43.091382], [131.9212872, 43.0914135], [131.9212479, 43.0915019], [131.9211241, 43.0916499], [131.9209713, 43.0918032], [131.9208497, 43.09191]], [[131.9162618, 43.0910168], [131.9158928, 43.0908169], [131.9157923, 43.0907654], [131.9157438, 43.0907405], [131.9156597, 43.0906938], [131.9153997, 43.0905483], [131.9149748, 43.0903167], [131.9149294, 43.0902904], [131.9145887, 43.0901021]], [[131.9197221, 43.0917546], [131.9197075, 43.0917203], [131.9196811, 43.0917007], [131.9196482, 43.0916849], [131.9196234, 43.0916795], [131.919589, 43.0916761], [131.9195678, 43.0916747], [131.9193598, 43.0916552], [131.9192804, 43.0916464], [131.9191825, 43.0916317], [131.9190073, 43.0916079], [131.9189392, 43.0915939], [131.9188482, 43.0915616], [131.9183019, 43.0912358], [131.9182005, 43.0911762], [131.9181601, 43.0911643], [131.9180887, 43.091149], [131.918052, 43.0911431], [131.9180151, 43.0911401], [131.9179655, 43.0911249], [131.9178664, 43.0910901], [131.9177797, 43.0910516], [131.917534, 43.0909485], [131.9174264, 43.0908962], [131.9173245, 43.0908423], [131.9171764, 43.0907547], [131.9170173, 43.0906652], [131.9168476, 43.0905819], [131.9162025, 43.0902269], [131.9161228, 43.0901842], [131.9160752, 43.0901624]], [[131.9126081, 43.0882173], [131.91265, 43.0882401], [131.912703, 43.0882768], [131.9127841, 43.0883282], [131.91295, 43.0884776], [131.9134181, 43.0887317], [131.9134974, 43.0887748], [131.913757, 43.0889157], [131.9140567, 43.0890784], [131.914153, 43.0891307], [131.9147883, 43.0894755], [131.9149622, 43.0895699], [131.9150766, 43.089632], [131.9152959, 43.0897702], [131.9155146, 43.0898992], [131.91563, 43.0899658], [131.9157567, 43.0900348], [131.9157983, 43.0900555], [131.9160752, 43.0901624]], [[131.9176279, 43.0919783], [131.9181009, 43.0921808], [131.9182317, 43.0922271], [131.9183656, 43.0922663], [131.9185145, 43.0922962], [131.9185878, 43.092304], [131.9186607, 43.0923041], [131.9187437, 43.0922899], [131.9187913, 43.0922767], [131.9188136, 43.092269], [131.9190162, 43.0921914], [131.9190337, 43.0921778], [131.9190391, 43.0921635], [131.9190451, 43.0921449], [131.9190699, 43.0921233], [131.9196646, 43.0918874], [131.9196902, 43.0918633], [131.9197129, 43.0918217], [131.919723, 43.0917859], [131.9197221, 43.0917546]], [[131.9145887, 43.0901021], [131.9143278, 43.0899593], [131.9141471, 43.0898556], [131.9137886, 43.0896526], [131.9135506, 43.0895286], [131.9132001, 43.089346], [131.9130769, 43.0892833], [131.9124084, 43.0889297], [131.9123404, 43.0889], [131.9122542, 43.0888591], [131.9118386, 43.0886554], [131.911726, 43.0885966], [131.9114737, 43.0884497], [131.9114435, 43.088426], [131.9114035, 43.0883643], [131.9112594, 43.0882278]], [[131.9176279, 43.0919783], [131.9175093, 43.0919075], [131.9174443, 43.0918619], [131.9171654, 43.0915867], [131.9170589, 43.0915044], [131.9168931, 43.091385], [131.9167565, 43.0912909], [131.9166645, 43.0912298], [131.9163883, 43.0910833], [131.9162618, 43.0910168]]]}}, {"type": "Feature", "properties": {"name": "улица Льва Толстого", "part": "mainland", "theme": "person"}, "geometry": {"type": "MultiLineString", "coordinates": [[[131.9157287, 43.1254047], [131.9159215, 43.1256471]], [[131.9157056, 43.125741], [131.9157219, 43.1256227], [131.9157299, 43.1255208], [131.9157287, 43.1254047]]]}}, {"type": "Feature", "properties": {"name": "улица Толстого", "part": "mainland", "theme": "person", "descr": "Толстовская улица образована 3 (18) декабря 1907 г."}, "geometry": {"type": "MultiLineString", "coordinates": [[[131.9157287, 43.1254047], [131.9155044, 43.125145], [131.9154251, 43.1250572], [131.9152303, 43.1248631], [131.9150224, 43.1246609], [131.9148717, 43.1245201], [131.9147037, 43.124367], [131.9146541, 43.1243202], [131.914595, 43.1242668], [131.9145556, 43.1242309], [131.9140171, 43.1237252], [131.9139473, 43.1236591], [131.9139004, 43.1236139], [131.9136378, 43.12335], [131.9133124, 43.1230141], [131.9126106, 43.1223113], [131.9124157, 43.1221165], [131.9123198, 43.1220136], [131.9122312, 43.121885], [131.9122142, 43.1218296], [131.9122029, 43.121761], [131.9121916, 43.1216222]], [[131.9121916, 43.1216222], [131.9121919, 43.1215901], [131.9121815, 43.1212877], [131.9121313, 43.1209916], [131.9120564, 43.1206926], [131.9120089, 43.1205177], [131.9119741, 43.1202399], [131.9119775, 43.1200071], [131.9120079, 43.1198003], [131.9120344, 43.1197181], [131.9120616, 43.1196455], [131.9120948, 43.119583], [131.9121615, 43.1195022], [131.9123802, 43.1193132], [131.9126983, 43.1191162], [131.912869, 43.1190348]], [[131.912869, 43.1190348], [131.9129497, 43.1189994], [131.9132596, 43.118919], [131.9139812, 43.1187415]], [[131.9120564, 43.1206926], [131.9121806, 43.1206549], [131.912274, 43.1206319], [131.9126018, 43.1205362], [131.9127486, 43.1205027]], [[131.910931, 43.1241438], [131.9103299, 43.1235708], [131.9098696, 43.1231326], [131.9098195, 43.1230843], [131.9097939, 43.1230711], [131.9096808, 43.1230252], [131.9096124, 43.1229964], [131.9095172, 43.1229426], [131.9094274, 43.1228627], [131.9093365, 43.1227643], [131.909226, 43.1225845], [131.9091802, 43.1224392], [131.9091795, 43.122365], [131.9091788, 43.1222935], [131.9091975, 43.1221307], [131.9092222, 43.122042], [131.9092828, 43.1219486], [131.9093862, 43.1218139], [131.9094527, 43.1217395], [131.9095319, 43.1216798], [131.9096532, 43.1216055], [131.9101409, 43.1213318], [131.910388, 43.1211851], [131.9104192, 43.1211635]], [[131.9128803, 43.1210601], [131.9128391, 43.1210428], [131.9128047, 43.1210127], [131.9127486, 43.1205027]], [[131.9134276, 43.1209397], [131.9133836, 43.1208894], [131.9133394, 43.1208252], [131.9132561, 43.1206657], [131.9131516, 43.1204716], [131.9130313, 43.1202248], [131.9129883, 43.1201412], [131.9129712, 43.12006], [131.9129728, 43.1200025], [131.9129765, 43.1199529], [131.9130207, 43.1198428], [131.9130656, 43.1197927], [131.9131418, 43.1197558], [131.9132114, 43.1197335], [131.9133043, 43.1196999], [131.9133929, 43.1196805], [131.913468, 43.1196674]], [[131.9121916, 43.1216222], [131.9122502, 43.1216377], [131.9124153, 43.121676], [131.9127977, 43.1217732], [131.91333, 43.1219345], [131.9137795, 43.1220811], [131.913838, 43.1221001], [131.9140448, 43.1221654], [131.9141897, 43.1222094], [131.9143578, 43.1222479], [131.9145496, 43.1222782], [131.9146312, 43.1222896], [131.9151149, 43.1223567], [131.9151657, 43.1223767], [131.9152075, 43.1224301], [131.9152746, 43.1225341], [131.9153132, 43.1225689], [131.9153604, 43.1225926], [131.9156768, 43.1226652], [131.9158304, 43.1226851], [131.9158942, 43.1227037], [131.9159391, 43.1227312], [131.9159693, 43.122764], [131.91599, 43.1227835], [131.9160162, 43.1227986], [131.9172634, 43.1232242], [131.9174489, 43.1232884], [131.9175176, 43.1233081], [131.9176197, 43.1233283], [131.9177234, 43.1233317], [131.9192342, 43.1232249], [131.9192831, 43.1232098], [131.9193456, 43.1231815], [131.9207488, 43.1224881], [131.9207966, 43.1224732], [131.9208426, 43.1224621], [131.9209105, 43.1224453], [131.920954, 43.1224334], [131.921056, 43.1223984]], [[131.9128803, 43.1210601], [131.9129182, 43.1210656], [131.9129625, 43.1210671], [131.9130128, 43.1210666], [131.9130788, 43.1210628], [131.91321, 43.1210182], [131.9134276, 43.1209397]]]}}, {"type": "Feature", "properties": {"name": "Черёмуховая улица", "part": "mainland", "theme": "tree", "descr": "https://t.me/vvtopo/176"}, "geometry": {"type": "MultiLineString", "coordinates": [[[131.9048093, 43.1010124], [131.9047204, 43.1009327], [131.9046825, 43.1008872], [131.9046338, 43.1008337], [131.9045643, 43.1007563], [131.9044998, 43.1006689], [131.9044213, 43.1005068], [131.9043984, 43.1003939], [131.9043971, 43.1003151], [131.9043964, 43.1002539], [131.9044025, 43.1001838], [131.904418, 43.0999989], [131.9044242, 43.0999066], [131.9044263, 43.0998805], [131.9044769, 43.0994899], [131.904499, 43.0993269], [131.9045076, 43.0991946], [131.9045148, 43.0989643], [131.9044876, 43.0988837], [131.9044518, 43.0988253], [131.9043976, 43.098765], [131.9043569, 43.0987215], [131.9042864, 43.0986463], [131.9041395, 43.0985144], [131.9036135, 43.0979934], [131.9035637, 43.0979441], [131.9031466, 43.0975309], [131.9027757, 43.0971376], [131.9027321, 43.0970873], [131.9025352, 43.09689], [131.902399, 43.0967566], [131.9022331, 43.096578], [131.902168, 43.0965092], [131.9021027, 43.0964185], [131.9020845, 43.0963697], [131.9020144, 43.0960875], [131.9019817, 43.0958764], [131.9019553, 43.0956604], [131.901898, 43.0952354], [131.9018915, 43.0951876], [131.9018871, 43.0951558], [131.9018392, 43.0948422], [131.9018259, 43.0947831]], [[131.9018259, 43.0947831], [131.9017999, 43.0946191], [131.9017629, 43.0943827], [131.9017441, 43.0942292], [131.9017395, 43.094142]], [[131.9100147, 43.1019098], [131.9099331, 43.1018867], [131.9095512, 43.1017789], [131.9094271, 43.1017596], [131.9086899, 43.1016825], [131.9083875, 43.101655], [131.9073713, 43.101567], [131.9071852, 43.1015537], [131.9067632, 43.1015275], [131.9059812, 43.1014711], [131.9057628, 43.101439], [131.9055562, 43.1013863], [131.9051937, 43.1012563], [131.9049856, 43.1011432], [131.9048495, 43.101046], [131.9048093, 43.1010124]], [[131.9051796, 43.1009044], [131.9051455, 43.1009631], [131.9051294, 43.1010443], [131.9051562, 43.1011139], [131.9052072, 43.1011628], [131.9053038, 43.1012284], [131.9055562, 43.1013863]]]}}, {"type": "Feature", "properties": {"name": "Ивановская улица", "part": "mainland", "theme": "person", "descr": "в списке 1891"}, "geometry": {"type": "LineString", "coordinates": [[131.9245959, 43.1121599], [131.9247585, 43.1120651], [131.9250492, 43.111989], [131.925425, 43.1119055], [131.9257006, 43.1118437], [131.925988, 43.1117858], [131.9264399, 43.1116909], [131.9274541, 43.1114796], [131.9276647, 43.1114538], [131.9279637, 43.1114386], [131.9284233, 43.111458], [131.9287244, 43.1114758], [131.9288442, 43.1114828], [131.9297215, 43.1115426], [131.9303712, 43.1115809], [131.9309979, 43.1116179], [131.9322498, 43.1116917], [131.9327754, 43.1117226], [131.9331272, 43.111734]]}}, {"type": "Feature", "properties": {"name": "проспект Острякова", "part": "mainland", "theme": "person", "descr": "до этого Северный проспект"}, "geometry": {"type": "MultiLineString", "coordinates": [[[131.9022039, 43.1285086], [131.9021343, 43.1285886], [131.9020844, 43.1286417], [131.9017929, 43.1289434]], [[131.900565, 43.1307727], [131.9005164, 43.1308988], [131.9004594, 43.1310768], [131.900371, 43.1313598], [131.9002226, 43.1318745], [131.9001382, 43.1321788], [131.9001189, 43.1322581], [131.9000598, 43.1324956], [131.900027, 43.1326317], [131.9000236, 43.1326441], [131.8999838, 43.1328115]], [[131.9017929, 43.1289434], [131.9010473, 43.1300335], [131.9009782, 43.1301371], [131.9008984, 43.1302568], [131.9006295, 43.13066], [131.900565, 43.1307727]], [[131.9000635, 43.1367615], [131.900057, 43.1366286], [131.9000491, 43.1364645], [131.9000428, 43.1363338], [131.9000383, 43.1362411]], [[131.8999404, 43.1342236], [131.8999238, 43.1338823], [131.8999036, 43.1334652], [131.8998966, 43.1333433], [131.8998911, 43.133149]], [[131.9000383, 43.1362411], [131.9000302, 43.1360745], [131.9000131, 43.1357217], [131.9000042, 43.1355393]], [[131.896995, 43.14011], [131.8970097, 43.1401045], [131.897051, 43.1401001], [131.8971266, 43.1401112], [131.8972605, 43.1401482], [131.8972762, 43.1401655], [131.8974528, 43.1401682], [131.8976296, 43.1401694], [131.8983752, 43.1401651], [131.8985725, 43.1401457], [131.8986677, 43.1401363], [131.898975, 43.1401039], [131.8990472, 43.1401142], [131.8990673, 43.1401357], [131.8990673, 43.14017], [131.8990526, 43.1402023], [131.8990244, 43.1402219], [131.8989587, 43.1402248], [131.8988594, 43.1402121], [131.8987441, 43.1401925], [131.8986247, 43.1401602], [131.8985725, 43.1401457]], [[131.9000042, 43.1355393], [131.8999983, 43.1354166], [131.8999941, 43.1353301], [131.89999, 43.1352461]], [[131.89999, 43.1352461], [131.8999882, 43.1352095], [131.8999774, 43.1349859], [131.8999449, 43.1343137], [131.8999404, 43.1342236]]]}}, {"type": "Feature", "properties": {"name": "улица Аллилуева", "part": "mainland", "theme": "person", "descr": "29.12.1983 было принято решение об увековечении памяти А. С. Аллилуева. 10.02.1984 его именем была названа новая улица."}, "geometry": {"type": "MultiLineString", "coordinates": [[[131.9292729, 43.1297452], [131.928346, 43.1293795], [131.9280631, 43.1292642], [131.9279507, 43.1292184], [131.927742, 43.129087], [131.9274518, 43.1288389], [131.9271568, 43.1285529], [131.927128, 43.1285087], [131.9271195, 43.1284956], [131.9268372, 43.1280619], [131.926726, 43.127911], [131.9265389, 43.1276256], [131.9264705, 43.1275108], [131.9263466, 43.1273027], [131.9263394, 43.1272858], [131.926228, 43.1270341], [131.9261477, 43.1266944], [131.9261155, 43.1265574], [131.9261065, 43.126518], [131.9259881, 43.1260002], [131.9259676, 43.12578], [131.9259712, 43.12565], [131.9260624, 43.1253368], [131.9262584, 43.1247723], [131.9263491, 43.1243378], [131.926358, 43.1241298], [131.9263474, 43.1240336], [131.9262678, 43.1238534]], [[131.9262678, 43.1238534], [131.9261537, 43.1235905]], [[131.9261537, 43.1235905], [131.9260098, 43.1233783], [131.9259493, 43.1232941], [131.9257352, 43.1230326], [131.9255787, 43.1228539]], [[131.9259154, 43.1227358], [131.9259538, 43.1228711], [131.9259913, 43.1229925], [131.9260542, 43.1232669], [131.9261537, 43.1235905]]]}}, {"type": "Feature", "properties": {"name": "улица Мусоргского", "part": "mainland", "theme": "person", "descr": "Упомянута в справочнике 1924 г."}, "geometry": {"type": "MultiLineString", "coordinates": [[[131.9247479, 43.1925818], [131.924801, 43.192595], [131.9250659, 43.1927206], [131.9252422, 43.192794], [131.9254335, 43.1928727], [131.9255829, 43.1929219], [131.9256654, 43.1929553], [131.9257296, 43.1929887], [131.9257732, 43.1930377], [131.9260249, 43.1932027], [131.9261646, 43.1932633], [131.9264014, 43.193402], [131.9268724, 43.1936378], [131.9274484, 43.1938918], [131.9275547, 43.1939418], [131.9278377, 43.1940751], [131.9282077, 43.1942588], [131.9286965, 43.194522], [131.929222, 43.1947983], [131.9292811, 43.1948111], [131.9293197, 43.1948108]], [[131.9444676, 43.200696], [131.9437086, 43.2002351], [131.9429551, 43.1998002], [131.9422482, 43.1994022], [131.941866, 43.1991999], [131.9411498, 43.1987755], [131.9410385, 43.1987032], [131.9409796, 43.19866], [131.9409614, 43.1986699], [131.9409273, 43.1986866], [131.9407663, 43.1988156], [131.9407086, 43.1988586], [131.9406633, 43.1988702], [131.9406094, 43.1988831], [131.9405655, 43.1988865], [131.9404849, 43.1989581], [131.9404635, 43.1989786], [131.9403227, 43.1991214], [131.9402151, 43.1992341]], [[131.939023, 43.1996322], [131.9391861, 43.1997102], [131.9396245, 43.1999229], [131.9397202, 43.1999966], [131.939993, 43.2001417], [131.940291, 43.2003002], [131.9405893, 43.2004588], [131.9408481, 43.2006017], [131.9410758, 43.2007133], [131.9417129, 43.2010221], [131.9417412, 43.2010362], [131.9421483, 43.2012255], [131.9424574, 43.2013618], [131.9427105, 43.2014974], [131.943081, 43.2016233], [131.9434699, 43.2018183]], [[131.9558578, 43.2093419], [131.9558653, 43.2092811], [131.9558761, 43.2092071], [131.9559058, 43.2090637], [131.9559233, 43.2089602], [131.9559305, 43.2088137], [131.9558685, 43.2087301], [131.9558119, 43.208639], [131.9555427, 43.2081897], [131.9554432, 43.2080541], [131.9554091, 43.2079829], [131.9554067, 43.2078875], [131.9554279, 43.2078366], [131.9554804, 43.2077791], [131.9555473, 43.2077189], [131.9556921, 43.2075971], [131.955794, 43.2074828], [131.9558966, 43.2073836], [131.9560039, 43.2073088], [131.9561085, 43.2072589], [131.9565215, 43.2070527]], [[131.9482971, 43.1999995], [131.9482946, 43.2000417], [131.9482913, 43.2001174], [131.9482977, 43.2002744], [131.9483396, 43.2004635], [131.9483945, 43.200593], [131.9484147, 43.2006708], [131.9483235, 43.2007998], [131.9479918, 43.2011699], [131.9479044, 43.2012293], [131.9477877, 43.2012737], [131.9475965, 43.2013173], [131.9473328, 43.2013578], [131.947123, 43.2013887], [131.9469612, 43.2014154], [131.9465165, 43.2014788], [131.9464944, 43.2014811], [131.9462648, 43.201506], [131.9461255, 43.2015225], [131.9460786, 43.201526], [131.945859, 43.2015465], [131.9456747, 43.201596], [131.9456251, 43.2016175], [131.9455728, 43.201639], [131.9455347, 43.201669]], [[131.9309105, 43.1957291], [131.9310392, 43.1956636], [131.9311377, 43.1956364], [131.931512, 43.1958498], [131.9318586, 43.1960894]], [[131.9402151, 43.1992341], [131.9415575, 43.199935], [131.9423727, 43.2003498], [131.9424127, 43.2003688], [131.9427511, 43.2005871], [131.9434123, 43.2010231], [131.9435335, 43.2011029]], [[131.9402151, 43.1992341], [131.9399401, 43.1995527], [131.9397004, 43.1998038], [131.9396585, 43.1998646], [131.9396245, 43.1999229]], [[131.9318586, 43.1960894], [131.9320115, 43.1961877], [131.9328899, 43.196634], [131.9333535, 43.1968555], [131.934049, 43.1971878], [131.9342962, 43.1973076], [131.9352012, 43.1977444], [131.9355445, 43.1979215], [131.9363017, 43.1983058], [131.9366085, 43.1984615], [131.9367961, 43.1985532], [131.9369632, 43.1986345], [131.9377659, 43.1989366], [131.93795, 43.1990111], [131.9379916, 43.1990249], [131.9380666, 43.1990288], [131.9380988, 43.1990249], [131.9381753, 43.1989916], [131.9381937, 43.198986], [131.9382182, 43.1989857], [131.9383201, 43.199017]]]}}, {"type": "Feature", "properties": {"name": "Писаревская улица", "part": "mainland", "theme": "person"}, "geometry": {"type": "LineString", "coordinates": [[131.9183927, 43.1270526], [131.9184305, 43.1270953], [131.918673, 43.1272327], [131.9186917, 43.1272384], [131.91878, 43.1272592], [131.918862, 43.1272561], [131.9189116, 43.1272372], [131.9189481, 43.1272096], [131.9191582, 43.1272079], [131.9194393, 43.1271842], [131.9195135, 43.1272111], [131.9196329, 43.1272637], [131.9196721, 43.1272853], [131.9196998, 43.1273036], [131.9198736, 43.127381], [131.9199223, 43.1273959], [131.9200917, 43.1274841], [131.9201882, 43.127531]]}}, {"type": "Feature", "properties": {"name": "улица Жуковского", "part": "mainland", "theme": "person", "descr": "Впервые обозначена на карте 1909 г."}, "geometry": {"type": "MultiLineString", "coordinates": [[[131.9139812, 43.1187415], [131.9140391, 43.1187286], [131.9141132, 43.1187215], [131.9142232, 43.1187191], [131.9143893, 43.11874], [131.9144612, 43.1186672], [131.9145393, 43.1186204], [131.9158041, 43.1182077], [131.9158982, 43.1181812], [131.9159972, 43.1181677], [131.9161541, 43.1181618], [131.916288, 43.1181662], [131.9164364, 43.1181884]], [[131.9103241, 43.1153072], [131.9102936, 43.1152378], [131.9102371, 43.1151092], [131.9101949, 43.1150131], [131.9101551, 43.1149223], [131.9100945, 43.1147845], [131.9100849, 43.1147624], [131.9100788, 43.1147486], [131.9100689, 43.114726], [131.9100033, 43.1145767]], [[131.9157321, 43.1189042], [131.9158862, 43.1188586], [131.9159786, 43.1188445], [131.9160684, 43.1188364], [131.9161691, 43.1188289], [131.9162646, 43.1188259], [131.9163461, 43.1188284], [131.9164336, 43.1188356], [131.9165272, 43.1188538], [131.9166128, 43.1188724], [131.9166592, 43.1188959], [131.9166881, 43.1189174], [131.9167123, 43.1189408]], [[131.9143893, 43.11874], [131.9144149, 43.1187499], [131.9144343, 43.1187585], [131.9144504, 43.1187684], [131.9144674, 43.1187796], [131.9145892, 43.1188429], [131.9147057, 43.1189015], [131.9148078, 43.1189673], [131.915007, 43.119057], [131.9150549, 43.1190701], [131.9151427, 43.1190728], [131.9151981, 43.1190721], [131.915272, 43.1190541], [131.9157321, 43.1189042]], [[131.9167123, 43.1189408], [131.9167274, 43.118973], [131.9168022, 43.1192078], [131.9168493, 43.1193457], [131.9169009, 43.1194523], [131.916977, 43.1195449], [131.9170643, 43.1196277]]]}}, {"type": "Feature", "properties": {"name": "улица Прапорщика Комарова", "part": "mainland", "theme": "person", "descr": "в списке 1891 года Комаровская"}, "geometry": {"type": "MultiLineString", "coordinates": [[[131.8877535, 43.1220586], [131.8876424, 43.1220801], [131.8872867, 43.1221493], [131.8867707, 43.1222497], [131.8867299, 43.1222576], [131.8865149, 43.1222995], [131.8862233, 43.1223562], [131.8859147, 43.1224163], [131.8857447, 43.1224493], [131.8856376, 43.1224702], [131.8853876, 43.1225188], [131.885171, 43.122561], [131.8851224, 43.1225704], [131.8847719, 43.1226386], [131.8846943, 43.122654]], [[131.8877535, 43.1220586], [131.8878421, 43.1220393], [131.8883659, 43.1219372], [131.8883844, 43.1219336], [131.8884026, 43.12193], [131.8886913, 43.1218738], [131.8887103, 43.1218701], [131.889168, 43.1217808], [131.8891786, 43.1217788], [131.8893073, 43.1217537], [131.889666, 43.1216837], [131.8898586, 43.1216462], [131.8900197, 43.1216148], [131.8903195, 43.1215564], [131.8905319, 43.121515], [131.8906716, 43.1214877], [131.8907888, 43.1214649], [131.890952, 43.1214331], [131.8913295, 43.1213595], [131.8913868, 43.1213483], [131.8917285, 43.1212816], [131.8918641, 43.1212551]], [[131.8843794, 43.122715], [131.8839285, 43.1228027], [131.8832935, 43.1229308], [131.8829683, 43.1229979], [131.8825474, 43.1230839], [131.8823365, 43.1231278], [131.8822632, 43.1231452], [131.8817473, 43.1232597], [131.88166, 43.1232946]], [[131.8918641, 43.1212551], [131.8919553, 43.1212375], [131.8925014, 43.121131], [131.8926706, 43.121098], [131.8927845, 43.1210758], [131.8928838, 43.1210565], [131.8935136, 43.1209337], [131.8936894, 43.1208994], [131.893708, 43.1208958]], [[131.8954672, 43.1205529], [131.895334, 43.1205788], [131.8951868, 43.1206075], [131.8949798, 43.1206479], [131.8949286, 43.1206579], [131.8946967, 43.120703], [131.894479, 43.1207455], [131.8942228, 43.1207954], [131.8939677, 43.1208452], [131.8939523, 43.1208482], [131.8938726, 43.1208637], [131.893708, 43.1208958]], [[131.8846943, 43.122654], [131.8845689, 43.1226781], [131.8845132, 43.122689]], [[131.8845132, 43.122689], [131.8843794, 43.122715]]]}}, {"type": "Feature", "properties": {"name": "улица Курчатова", "part": "mainland", "theme": "person"}, "geometry": {"type": "MultiLineString", "coordinates": [[[132.0631692, 43.3002467], [132.0630648, 43.3003682], [132.0629129, 43.300553], [132.0628917, 43.3005777], [132.0627043, 43.3007797], [132.0624454, 43.3010497], [132.0622331, 43.3012536], [132.0619975, 43.3014879], [132.0619696, 43.3015154], [132.0619472, 43.3015376], [132.0619325, 43.3015521], [132.061883, 43.301601], [132.0610735, 43.3024157], [132.0607732, 43.3027237], [132.0607245, 43.3027873]], [[132.0607245, 43.3027873], [132.0606805, 43.3028576], [132.060675, 43.3029118]], [[132.0660449, 43.2983237], [132.0660831, 43.2982008], [132.0660979, 43.2981654], [132.0661158, 43.2981333], [132.0661732, 43.2980732], [132.0662714, 43.2980017], [132.0669153, 43.2975618], [132.0670078, 43.2974888], [132.0670529, 43.2974472], [132.0670704, 43.297433], [132.0671813, 43.2973291], [132.0672321, 43.2972807], [132.0673542, 43.2971979], [132.0675671, 43.297029], [132.0676579, 43.2969705], [132.0677198, 43.2969188]], [[132.0610735, 43.3024157], [132.0606744, 43.3020692], [132.0601814, 43.3015444], [132.05991, 43.3012236], [132.0596398, 43.3010117], [132.0595618, 43.3009433]]]}}, {"type": "Feature", "properties": {"name": "Владикавказская улица", "part": "mainland", "theme": "place", "descr": "Упомянута в отчёте от 20.08.1923."}, "geometry": {"type": "MultiLineString", "coordinates": [[[131.9421886, 43.1097953], [131.9424045, 43.1099273], [131.9425036, 43.1099842], [131.9425685, 43.1100214], [131.9426624, 43.1100789], [131.9427812, 43.1101481], [131.9428968, 43.1102169], [131.943031, 43.1102967], [131.9431516, 43.1103685], [131.9433093, 43.1104624], [131.9433895, 43.1105102], [131.9436843, 43.1106857], [131.9437417, 43.1107256], [131.9437608, 43.1107451], [131.9437662, 43.1107686], [131.943761, 43.1108089], [131.9437509, 43.110845], [131.9437408, 43.1108672], [131.9437232, 43.1108928], [131.943676, 43.1109555]], [[131.9406903, 43.1111306], [131.9407582, 43.1111002], [131.9408528, 43.1110339], [131.94114, 43.1107814], [131.9412598, 43.1106611], [131.9413806, 43.1105177], [131.9413986, 43.1104877], [131.9415252, 43.1102942], [131.9415373, 43.1102632], [131.9417144, 43.1097732], [131.9417562, 43.1097374], [131.9417905, 43.109722], [131.9418669, 43.1097049], [131.9419253, 43.1096985], [131.9420452, 43.1097283], [131.9421419, 43.1097704], [131.9421886, 43.1097953]], [[131.9395633, 43.1107463], [131.9396575, 43.1107696], [131.9398347, 43.1108136], [131.9399464, 43.1108504], [131.9400957, 43.1109302], [131.9401952, 43.1109962], [131.9403272, 43.1110658], [131.9405339, 43.1111275], [131.9406208, 43.1111359], [131.9406903, 43.1111306]]]}}, {"type": "Feature", "properties": {"name": "Чукотская улица", "part": "mainland", "theme": "place", "descr": "Образована 13.02.1957"}, "geometry": {"type": "MultiLineString", "coordinates": [[[131.9407888, 43.0916911], [131.9407094, 43.0917156], [131.9406258, 43.0917434], [131.9405332, 43.0917824], [131.9404384, 43.0918206], [131.9403063, 43.0918844], [131.9401632, 43.0919723], [131.9400378, 43.092109], [131.9397411, 43.0926946], [131.9396863, 43.0927865], [131.9396317, 43.0928667], [131.9395644, 43.0929367], [131.9394822, 43.0930128], [131.9393919, 43.0931163], [131.9392936, 43.0932231], [131.9392143, 43.0933776], [131.9389316, 43.094033], [131.9388511, 43.0941948], [131.9387871, 43.0942841], [131.9387063, 43.0943712], [131.9385072, 43.094549], [131.9385882, 43.09455], [131.9389014, 43.09457], [131.9389724, 43.0945618], [131.9392889, 43.0944512], [131.9396186, 43.0943621], [131.9397815, 43.0943229], [131.9398342, 43.0943119], [131.9399046, 43.0942997], [131.940047, 43.0942812], [131.9407574, 43.0942491], [131.9410554, 43.0941891], [131.9414647, 43.0940871], [131.9419089, 43.093987], [131.9422254, 43.0939322], [131.9423671, 43.0939129], [131.9424417, 43.0939069], [131.9425289, 43.0939031], [131.9426357, 43.0939025], [131.942675, 43.093904], [131.9429009, 43.0939368], [131.943213, 43.0940002], [131.94341, 43.0940464], [131.9435708, 43.0940805], [131.9436323, 43.0940936], [131.9438553, 43.0941536], [131.9441771, 43.0942591], [131.9442769, 43.0942925]], [[131.945424, 43.0947027], [131.9454976, 43.0947263], [131.945545, 43.0947325], [131.9455862, 43.0947341], [131.9456189, 43.0947326], [131.9456615, 43.0947278], [131.9457132, 43.0947129], [131.9457923, 43.0946788], [131.9460965, 43.0945518], [131.9461579, 43.0945271], [131.946333, 43.0944886], [131.94642, 43.0944786]], [[131.9442769, 43.0942925], [131.944536, 43.0943742], [131.9448717, 43.0944996], [131.9451433, 43.0945962], [131.9453541, 43.094675], [131.945424, 43.0947027]], [[131.9410394, 43.091662], [131.9409014, 43.09167], [131.9407888, 43.0916911]], [[131.94642, 43.0944786], [131.946514, 43.0944714], [131.9465937, 43.0944542], [131.9466915, 43.0944152], [131.9468243, 43.0943506], [131.9470003, 43.0942356], [131.9470907, 43.0941708], [131.9471577, 43.0941123], [131.9472505, 43.0940145]], [[131.9472505, 43.0940145], [131.9473296, 43.0938947], [131.9475355, 43.0936283], [131.9476378, 43.0934844], [131.9476673, 43.0934604], [131.9477089, 43.0934522], [131.9477526, 43.0934554], [131.947798, 43.0934711], [131.9478485, 43.0935009], [131.9479043, 43.0935529], [131.9479643, 43.0936237], [131.9480082, 43.0936872], [131.9480398, 43.0937496], [131.9480468, 43.0937762], [131.9480578, 43.0938179], [131.9480707, 43.0940051], [131.9480795, 43.094194], [131.9480972, 43.0942639], [131.9481336, 43.0943152]]]}}, {"type": "Feature", "properties": {"name": "улица Маковского", "part": "mainland", "theme": "person", "descr": "Отмечена без названия на плане 1902 г. Как ул. Маковского упоминается в справочнике 1924 г."}, "geometry": {"type": "MultiLineString", "coordinates": [[[131.9591549, 43.2168961], [131.9592453, 43.2169584], [131.9596249, 43.2172397], [131.9597239, 43.2173145]], [[132.0591535, 43.256628], [132.0583238, 43.2561705], [132.0577175, 43.2558327], [132.0571973, 43.2555659], [132.0562542, 43.2550971], [132.0557826, 43.2548656], [132.0547514, 43.2544278], [132.0536186, 43.2539985], [132.0513921, 43.2532554], [132.0505638, 43.2529745], [132.050235, 43.2528383], [132.0498646, 43.2526609], [132.0496356, 43.2525374], [132.0494627, 43.2524199], [132.0491341, 43.2521854], [132.0490074, 43.2520757], [132.0486968, 43.2517622]], [[131.9812859, 43.224227], [131.9791484, 43.224013], [131.9786021, 43.223943], [131.9781624, 43.2238833], [131.9770779, 43.2237092], [131.9750243, 43.2233685], [131.972638, 43.2230268], [131.9713778, 43.2228227]], [[131.9590268, 43.2169829], [131.958529, 43.2166187]], [[131.9581348, 43.2163273], [131.9576742, 43.2159748], [131.956615, 43.2151745], [131.9549266, 43.2139446], [131.9545618, 43.213651], [131.9544408, 43.2135536], [131.9529643, 43.212509], [131.952928, 43.2124805], [131.9525162, 43.2121839], [131.9517756, 43.2116426], [131.951125, 43.2111464], [131.9508745, 43.2109601], [131.9506682, 43.2107806], [131.950354, 43.2104749], [131.9501144, 43.2101712], [131.9498158, 43.2097149], [131.9496549, 43.2093768], [131.949589, 43.2091901], [131.949512, 43.2089364], [131.9494623, 43.2086735], [131.9494336, 43.2083691], [131.9494363, 43.207953], [131.9494401, 43.2078125], [131.94944, 43.2075565], [131.9494703, 43.2065994], [131.9494814, 43.2056105], [131.9494845, 43.2053331], [131.9495256, 43.2040373], [131.9495253, 43.2029506], [131.9495318, 43.2022171], [131.9495358, 43.2020261], [131.9495214, 43.2017814], [131.9494816, 43.2015155], [131.9494282, 43.2013572], [131.9493752, 43.20119], [131.949257, 43.200928], [131.9491133, 43.200636], [131.9488857, 43.200282], [131.94855, 43.1999229], [131.9481452, 43.1995788], [131.9477054, 43.1992801], [131.947049, 43.198925]], [[131.9262423, 43.1919496], [131.9266126, 43.1921228], [131.9268475, 43.1922184], [131.9274752, 43.1923952], [131.9287825, 43.1926491]], [[132.0401441, 43.2414431], [132.0402521, 43.2420209], [132.0405344, 43.2434235]], [[132.0720209, 43.2660748], [132.0713179, 43.2657838], [132.0705218, 43.2653561], [132.0700737, 43.2650207], [132.0687816, 43.2639097], [132.0669095, 43.2622904], [132.0655717, 43.2612556]], [[132.0657088, 43.2611309], [132.0670953, 43.2621973], [132.0683006, 43.2632349], [132.0689737, 43.2638163], [132.0694877, 43.2642513], [132.070215, 43.2648918], [132.070446, 43.2650638], [132.0706999, 43.2652543], [132.0714627, 43.2656592], [132.0721123, 43.2659426]], [[132.0403251, 43.243459], [132.0399384, 43.2414525]], [[132.0398312, 43.2410033], [132.0394761, 43.2394712], [132.0393042, 43.238909], [132.0390252, 43.2383459], [132.0388099, 43.2380028], [132.0385408, 43.2376442], [132.0381145, 43.2371857], [132.0378073, 43.2368985], [132.0374347, 43.236603], [132.037081, 43.2363525], [132.0366891, 43.2361198], [132.0364673, 43.236007], [132.0358343, 43.2357347], [132.0347973, 43.2353599], [132.0338966, 43.2350728], [132.0332452, 43.2348595], [132.0327171, 43.2346945], [132.0322892, 43.2345586], [132.0314974, 43.2343098], [132.0300563, 43.2338641], [132.0278263, 43.2331324], [132.0271033, 43.2329398], [132.0264162, 43.2327994], [132.025874, 43.2327141], [132.0248145, 43.2325657], [132.0233241, 43.232367], [132.0224256, 43.2322627], [132.0216811, 43.2321595], [132.0208578, 43.232055], [132.0206471, 43.2320345], [132.0200212, 43.2319515], [132.0197929, 43.2319219], [132.0190784, 43.2318331], [132.0186825, 43.2317882], [132.0181493, 43.2317269], [132.0165816, 43.2315918], [132.0160224, 43.2315567], [132.0154534, 43.2315275], [132.0147775, 43.2315033], [132.0141682, 43.2314854], [132.0137045, 43.2314427], [132.0134814, 43.2314193], [132.0131481, 43.2313529], [132.0127474, 43.2312647], [132.0121751, 43.2310866]], [[132.0406676, 43.2439545], [132.0407363, 43.244243], [132.0409039, 43.2447279], [132.0411102, 43.2451385], [132.0414624, 43.2456711], [132.0416225, 43.2458364], [132.0418724, 43.2460777], [132.0419972, 43.2461814], [132.0421119, 43.2462818], [132.0422676, 43.246399], [132.0426227, 43.2466455], [132.0431529, 43.2469953], [132.0437044, 43.2473705], [132.0445421, 43.2479044], [132.0449527, 43.2481672], [132.0454846, 43.2485165], [132.0458604, 43.2487625], [132.0462764, 43.2490495], [132.0468954, 43.2495643], [132.0473947, 43.2500514], [132.0475842, 43.2502439], [132.0481429, 43.2508677], [132.0485402, 43.2513302]], [[132.0034654, 43.2285568], [132.0039462, 43.228766], [132.0042911, 43.228893], [132.0046595, 43.2290213], [132.0050898, 43.2291631], [132.0052557, 43.2292069], [132.0058746, 43.2293667], [132.006777, 43.22956], [132.0079329, 43.2297869], [132.0084354, 43.2298781], [132.0092172, 43.2300383], [132.0098595, 43.2302092], [132.0104455, 43.2303739], [132.0117436, 43.2307993], [132.0122317, 43.2309612], [132.0127997, 43.2311377], [132.0131018, 43.231206], [132.0132663, 43.2312443], [132.0134897, 43.2312813], [132.0136795, 43.2313053], [132.0142157, 43.2313423], [132.0148665, 43.2313638], [132.0158081, 43.2314124], [132.0160259, 43.2314214], [132.0166323, 43.2314672], [132.0181282, 43.2315956], [132.0183846, 43.231625], [132.0187627, 43.2316665], [132.0200615, 43.2318078], [132.0206221, 43.2318775], [132.0208878, 43.2319105], [132.0217003, 43.232018], [132.0219525, 43.2320513], [132.0228065, 43.2321587], [132.0234306, 43.2322574], [132.0253265, 43.2324963], [132.0266931, 43.2327074], [132.0272447, 43.2328193], [132.0278633, 43.2329906], [132.0298652, 43.2336478], [132.031725, 43.2342214], [132.0327814, 43.2345576], [132.0333452, 43.2347371], [132.033973, 43.2349425], [132.0348558, 43.235244]], [[132.0027954, 43.2282129], [132.0034654, 43.2285568]], [[132.0033583, 43.2286735], [132.0026646, 43.2283146]], [[132.0026646, 43.2283146], [132.0023579, 43.2281413], [132.0019184, 43.2278874], [132.0017883, 43.2278212], [132.0010122, 43.2273941], [132.0007483, 43.2272498], [131.9999457, 43.2268332], [131.99926, 43.2264994], [131.9992268, 43.2264844]], [[131.9938414, 43.2246423], [131.9940429, 43.2246668], [131.9943387, 43.2247068], [131.9946571, 43.2247701], [131.9949161, 43.2248294], [131.9952479, 43.2249101], [131.9970798, 43.2255215]], [[131.9819209, 43.2242788], [131.9812859, 43.224227]], [[131.9836367, 43.2242983], [131.9864955, 43.224525], [131.987183, 43.2245861], [131.9883644, 43.224673], [131.9887895, 43.2246844], [131.9892445, 43.2246981], [131.9901879, 43.2246779], [131.9906451, 43.224661], [131.9909448, 43.2246514], [131.9920219, 43.2246004], [131.9929046, 43.2245743], [131.9934054, 43.2245978]], [[131.9819316, 43.2241707], [131.9822439, 43.2241965], [131.9824954, 43.2242126], [131.9836367, 43.2242983]], [[131.9586574, 43.2165341], [131.9591549, 43.2168961]], [[131.9289544, 43.1928693], [131.928717, 43.1928191], [131.928307, 43.1927348], [131.9273936, 43.1925353], [131.9267208, 43.1923357], [131.9261196, 43.1920845], [131.9257807, 43.1918606], [131.9257012, 43.1918145]], [[131.9934054, 43.2245978], [131.9936246, 43.2246158], [131.9938414, 43.2246423]], [[131.9651716, 43.2208311], [131.9658671, 43.2212112], [131.9661362, 43.2213496], [131.9664988, 43.2215227], [131.967247, 43.221812]], [[131.961769, 43.2190149], [131.960657, 43.2182006], [131.9602005, 43.2178526], [131.959741, 43.2175023], [131.9590268, 43.2169829]], [[131.967247, 43.221812], [131.9674872, 43.2218764], [131.9682002, 43.2220688], [131.9688525, 43.22222], [131.969586, 43.22237], [131.969773, 43.2224101], [131.9703916, 43.2225255], [131.9706166, 43.2225648], [131.9714185, 43.2226801]], [[131.9669863, 43.2218416], [131.9667001, 43.2217309], [131.966404, 43.2216204], [131.9654786, 43.2211659], [131.9651716, 43.2210093], [131.964454, 43.2206096], [131.9636667, 43.2201937], [131.962906, 43.2197859], [131.961769, 43.2190149]], [[131.9674872, 43.2218764], [131.9674983, 43.2218566], [131.9675113, 43.2218335], [131.9675539, 43.2217577], [131.9676049, 43.2216682], [131.9676374, 43.221622], [131.9678424, 43.221364], [131.9679946, 43.2211927], [131.9681046, 43.2210649], [131.9683201, 43.2208335], [131.9684476, 43.2207049], [131.9687027, 43.2204704], [131.9687333, 43.2204471], [131.96876, 43.2204308], [131.9688135, 43.2204179], [131.9688487, 43.2204197], [131.9689169, 43.2204326], [131.9691583, 43.2205177], [131.9693821, 43.2206053], [131.9698729, 43.2207841], [131.9701974, 43.2209104], [131.970687, 43.2210979], [131.970904, 43.2211804], [131.97098, 43.2212057]], [[131.9713778, 43.2228227], [131.9704579, 43.2226684], [131.9703114, 43.2226437], [131.9697379, 43.2225308], [131.9695353, 43.222485], [131.969076, 43.2223844], [131.9688318, 43.2223294], [131.9681414, 43.2221665], [131.9675967, 43.2220272], [131.9671802, 43.2219105], [131.9669863, 43.2218416]], [[131.9714185, 43.2226801], [131.972301, 43.2228032], [131.9726725, 43.2228677], [131.9751481, 43.2232442], [131.9771282, 43.2235756], [131.9781923, 43.2237501], [131.9790594, 43.223878], [131.9798431, 43.2239639], [131.9802319, 43.2240098], [131.981294, 43.2241206]], [[131.9969674, 43.2256257], [131.9956944, 43.2252051], [131.9951618, 43.225029], [131.9946014, 43.2248966], [131.9938348, 43.22477], [131.9933711, 43.2247274], [131.9928854, 43.2247087], [131.9920438, 43.2247451], [131.9909156, 43.2247904], [131.9901841, 43.2248188], [131.9892578, 43.2248365], [131.9887799, 43.2248232], [131.9883491, 43.2247985], [131.9877205, 43.2247492], [131.987162, 43.2247069], [131.9864655, 43.2246472], [131.9841185, 43.2244471], [131.9840377, 43.2244393], [131.9819209, 43.2242788]], [[131.9984041, 43.2259618], [131.9995488, 43.2264257], [132.000212, 43.2267728], [132.0011259, 43.2272776]], [[131.9474414, 43.1989746], [131.9478513, 43.1991901], [131.9483202, 43.1995344], [131.9487085, 43.1998806], [131.9490167, 43.2001938], [131.9492575, 43.2005637], [131.9494035, 43.2008618], [131.9495133, 43.2011165], [131.949622, 43.2014928], [131.9497031, 43.2020113], [131.9496913, 43.202334], [131.9496934, 43.2026652], [131.9496969, 43.2033219], [131.9496995, 43.2035509], [131.9496855, 43.2042592], [131.9496862, 43.2044835], [131.9496814, 43.2047322], [131.9496497, 43.2053752], [131.9496426, 43.2060273], [131.9496343, 43.2065973], [131.9496243, 43.2078046], [131.9496028, 43.2081053], [131.9496055, 43.2083654], [131.9496348, 43.20865], [131.9496886, 43.2089246], [131.9497532, 43.2091271], [131.949809, 43.2092972], [131.9499572, 43.2096286], [131.950131, 43.2099256], [131.9503577, 43.210248], [131.9505241, 43.2104426], [131.9507104, 43.210635], [131.9508311, 43.2107261], [131.9512215, 43.2110457], [131.9515994, 43.2113276], [131.9520131, 43.2116254], [131.9526214, 43.2120588], [131.9530653, 43.2123962], [131.9545934, 43.2134651], [131.9550057, 43.2137979], [131.9553076, 43.2140208], [131.9553488, 43.2140512], [131.95622, 43.2146946], [131.9565793, 43.2149647], [131.9577239, 43.2158285], [131.9586574, 43.2165341]], [[131.9617811, 43.218818], [131.9624546, 43.2193055], [131.9630419, 43.219679], [131.963484, 43.2199359], [131.9638516, 43.2201283], [131.9651716, 43.2208311]], [[132.0105184, 43.2305413], [132.0104152, 43.2305045], [132.0098468, 43.2303365], [132.0094519, 43.2302402], [132.0091066, 43.2301591], [132.0082833, 43.2299961], [132.0067491, 43.2297021], [132.0062584, 43.2295976], [132.0058103, 43.2295001], [132.0056748, 43.2294669], [132.0050133, 43.2292879], [132.0045692, 43.2291457], [132.0042208, 43.2290225], [132.0038618, 43.2288895], [132.0033583, 43.2286735]], [[132.0411911, 43.2456077], [132.0408832, 43.2451519], [132.0406964, 43.2447156], [132.0405321, 43.2442662], [132.0404237, 43.2438766], [132.0403251, 43.243459]], [[132.0405344, 43.2434235], [132.0406676, 43.2439545]], [[132.0348558, 43.235244], [132.0359039, 43.2356141], [132.036556, 43.2358873], [132.0368568, 43.2360597], [132.0370953, 43.2361934], [132.0371907, 43.2362533], [132.0375668, 43.2364897], [132.0382852, 43.2370771], [132.0387209, 43.2375428], [132.0389646, 43.2378511], [132.0392473, 43.2383013], [132.0395022, 43.2388654], [132.0396201, 43.2392326], [132.0397673, 43.239786], [132.0398864, 43.2402899], [132.0399928, 43.2407862], [132.0400443, 43.2409858]], [[132.0121751, 43.2310866], [132.0105184, 43.2305413]], [[132.0011259, 43.2272776], [132.0015147, 43.2274931], [132.0016241, 43.2275547], [132.0027954, 43.2282129]], [[131.9992268, 43.2264844], [131.9983674, 43.2261459], [131.9972569, 43.2257254]], [[132.0632828, 43.259333], [132.0635773, 43.2595413], [132.0644036, 43.2601584], [132.065092, 43.2606774], [132.0657088, 43.2611309]], [[132.0655717, 43.2612556], [132.064957, 43.2608044], [132.0642603, 43.2602633], [132.0631421, 43.2594392]], [[132.0469271, 43.2498094], [132.0467631, 43.2496583], [132.0461462, 43.24916], [132.0457337, 43.2488637], [132.0452986, 43.2485867], [132.0445655, 43.2481005], [132.0436972, 43.2475438], [132.0430496, 43.2471037], [132.0419821, 43.2463756], [132.0417664, 43.2462084], [132.0415118, 43.2459705], [132.0413572, 43.2458221], [132.0411911, 43.2456077]], [[131.9970798, 43.2255215], [131.9984041, 43.2259618]], [[131.9972569, 43.2257254], [131.9969674, 43.2256257]], [[132.0481054, 43.2510744], [132.0474404, 43.2503469], [132.0472354, 43.2501203], [132.0469271, 43.2498094]], [[132.0486968, 43.2517622], [132.0483977, 43.2514222], [132.0481054, 43.2510744]], [[132.0485402, 43.2513302], [132.0490977, 43.251908], [132.0493016, 43.2520881], [132.0494813, 43.2522376], [132.0496928, 43.2523805], [132.0499749, 43.2525472], [132.0503316, 43.2527163], [132.0506722, 43.2528675], [132.0514688, 43.2531274], [132.0525093, 43.2534647], [132.0538775, 43.2539498], [132.0548042, 43.2543063], [132.0558722, 43.2547555], [132.0562841, 43.2549451], [132.0565168, 43.2550614], [132.0569223, 43.2552719], [132.0573044, 43.2554601], [132.0578018, 43.2557152], [132.058442, 43.2560673], [132.0594138, 43.2565993], [132.0601895, 43.2571028], [132.0606473, 43.2574211], [132.0611577, 43.257767], [132.0617711, 43.2582048], [132.0623339, 43.2586263], [132.062806, 43.2589771], [132.0632828, 43.259333]], [[132.0631421, 43.2594392], [132.0629246, 43.2592768], [132.0622549, 43.2587873], [132.0620072, 43.2586127], [132.0616172, 43.2583073], [132.0610628, 43.2579083], [132.0604057, 43.2574583], [132.0598043, 43.2570375], [132.0591535, 43.256628]], [[132.0172541, 43.2311142], [132.0172267, 43.2309804], [132.0171946, 43.2308508], [132.0171592, 43.2307693], [132.0171394, 43.2307333], [132.0168999, 43.2304985], [132.0168454, 43.2303653], [132.0168167, 43.2302395], [132.0167634, 43.2299945]], [[132.0224256, 43.2322627], [132.0223728, 43.2323289], [132.0223035, 43.2324178], [132.0222012, 43.2325441], [132.021936, 43.2328715], [132.021733, 43.2331221], [132.0216416, 43.2332349], [132.0214694, 43.2334474], [132.0212989, 43.2336579], [132.0208771, 43.2342198], [132.0207715, 43.2344309]], [[131.958529, 43.2166187], [131.9581348, 43.2163273]], [[131.9597239, 43.2173145], [131.9603018, 43.2177477], [131.9608503, 43.2181589], [131.9614525, 43.2185845], [131.9616545, 43.2187291], [131.9617811, 43.218818]], [[132.0400443, 43.2409858], [132.0401441, 43.2414431]], [[132.0399384, 43.2414525], [132.0398312, 43.2410033]], [[131.9287825, 43.1926491], [131.9290153, 43.1926873]], [[131.9290667, 43.1928852], [131.9289544, 43.1928693]], [[131.981294, 43.2241206], [131.9819316, 43.2241707]], [[131.9290153, 43.1926873], [131.9305941, 43.1929431], [131.9317558, 43.1931142], [131.932729, 43.1932369], [131.9337284, 43.1933614], [131.9346193, 43.1934492], [131.9355622, 43.1935428], [131.9357725, 43.1935637], [131.9369737, 43.193684], [131.9375478, 43.1938084], [131.9377757, 43.1938832], [131.9379098, 43.1939263], [131.9381648, 43.1940226], [131.9386415, 43.1942237], [131.9390982, 43.1944268], [131.9393293, 43.1945567], [131.939911, 43.1948829], [131.9409148, 43.1954718], [131.9416145, 43.1958681], [131.9419909, 43.1960821], [131.9422258, 43.1962227], [131.9428365, 43.1965716], [131.943419, 43.19691], [131.9435566, 43.1969792], [131.9437067, 43.1970584], [131.9438591, 43.1971314], [131.9452057, 43.1978312], [131.9458615, 43.19816], [131.9465898, 43.1985222], [131.9471493, 43.1988211], [131.9474414, 43.1989746]], [[131.9420565, 43.1963359], [131.9412506, 43.1958575], [131.9409343, 43.1956631], [131.9405124, 43.1954104], [131.9398238, 43.1950095], [131.9392155, 43.1946653], [131.9390224, 43.194556], [131.938245, 43.1941979], [131.9378312, 43.1940332], [131.9376593, 43.1939749], [131.9374819, 43.1939176], [131.9369221, 43.1938088], [131.9358336, 43.1937092], [131.9350174, 43.1936316], [131.934466, 43.1935751], [131.9343924, 43.1935682], [131.9342152, 43.1935515], [131.9329846, 43.1934241], [131.9325412, 43.1933644], [131.9313188, 43.1932013], [131.9307943, 43.1931317], [131.9304699, 43.1930887], [131.9294882, 43.1929584], [131.9290667, 43.1928852]], [[131.947049, 43.198925], [131.9464629, 43.1986325], [131.9457838, 43.1982852], [131.9450981, 43.1979545], [131.9435488, 43.197238], [131.9432708, 43.1970929], [131.9420565, 43.1963359]]]}}, {"type": "Feature", "properties": {"name": "улица Расула Гамзатова", "part": "mainland", "theme": "person", "descr": "Постановление администрации г. Владивостока от 15.08.2023 N 2056"}, "geometry": {"type": "MultiLineString", "coordinates": [[[131.9600392, 43.117882], [131.9601135, 43.1178917], [131.9601927, 43.1179031], [131.9602513, 43.1179119], [131.9606709, 43.1179576], [131.9607923, 43.1179786], [131.9608922, 43.1180036], [131.960981, 43.118035], [131.9610559, 43.1180605], [131.9610748, 43.1180689], [131.9611822, 43.1181307], [131.9612339, 43.1181608], [131.9612963, 43.1182182], [131.9616572, 43.1186033], [131.9621797, 43.1191061]], [[131.9668205, 43.1168995], [131.9663907, 43.1162881], [131.9661573, 43.1160882], [131.9658968, 43.1160166], [131.9654727, 43.1160015], [131.9651846, 43.1160686], [131.9647799, 43.1162691], [131.9641403, 43.1167184], [131.9640736, 43.1167689], [131.9639541, 43.1168593], [131.9638183, 43.1169956], [131.9637237, 43.117151], [131.9637069, 43.1172798], [131.9637807, 43.1176057], [131.9638176, 43.1178546]], [[131.9638176, 43.1178546], [131.963729, 43.1179865], [131.9631201, 43.1183686], [131.9627661, 43.1186267], [131.9625453, 43.1188125], [131.9621797, 43.1191061]]]}}, {"type": "Feature", "properties": {"name": "улица Шишкина", "part": "mainland", "theme": "person", "descr": "Отмечена без названия на плане 1902 г. Как ул. Шишкина упоминается в справочнике 1924 г."}, "geometry": {"type": "MultiLineString", "coordinates": [[[131.9535831, 43.2185076], [131.9537321, 43.2184992], [131.953885, 43.2184777], [131.9540832, 43.2184465], [131.954396, 43.2183879], [131.9545934, 43.2183522], [131.9548336, 43.2183094], [131.9548807, 43.2182974], [131.9549181, 43.2182843], [131.9549525, 43.2182656], [131.9550092, 43.2182117], [131.9550715, 43.2181544], [131.9552098, 43.2180093], [131.9552868, 43.2179324], [131.9555383, 43.2177134], [131.9558077, 43.2174803], [131.9558855, 43.2174125], [131.9566023, 43.2168103], [131.9566736, 43.2167532], [131.9567996, 43.2166569], [131.9569266, 43.2165602], [131.9574416, 43.2161678], [131.9575907, 43.2160575], [131.9576742, 43.2159748]], [[131.9577239, 43.2158285], [131.9577947, 43.2157515], [131.9580487, 43.215487], [131.9581673, 43.2153655], [131.9586352, 43.2148866], [131.9587129, 43.2148024], [131.9588478, 43.2146369], [131.9590829, 43.214348], [131.9591381, 43.2142696], [131.959391, 43.2138963], [131.9594488, 43.2137908], [131.9595431, 43.2135664], [131.959599, 43.2134095], [131.9596489, 43.2132591], [131.9596725, 43.2131894], [131.9598325, 43.2128729], [131.9599752, 43.2127342], [131.9601385, 43.2126301], [131.9603132, 43.2125383], [131.960451, 43.2124639], [131.9610009, 43.2122675], [131.9613731, 43.2121488], [131.9618635, 43.2119993], [131.9620026, 43.2119591], [131.9632501, 43.2115821], [131.964256, 43.2112779], [131.9645738, 43.2111761], [131.9647966, 43.2111048], [131.9650368, 43.2110195], [131.9651704, 43.2109675], [131.9653025, 43.2108846], [131.9655633, 43.2107104], [131.9660634, 43.210303]], [[131.9660634, 43.210303], [131.9666484, 43.2099035], [131.9668737, 43.2097188]], [[131.9668737, 43.2097188], [131.9670775, 43.2095518], [131.9673842, 43.2092617], [131.9676872, 43.2089336], [131.967703, 43.2089164], [131.9682763, 43.2082755], [131.9686117, 43.2078713], [131.9689813, 43.2074955], [131.9690478, 43.2074279]]]}}, {"type": "Feature", "properties": {"name": "улица Верещагина", "part": "mainland", "theme": "person", "descr": "Отмечена без названия на плане 1909 г. Как ул. Верещагина упомянута в справочнике 1924 г."}, "geometry": {"type": "MultiLineString", "coordinates": [[[131.965762, 43.2137996], [131.9658013, 43.2137723], [131.966056, 43.2136186], [131.96663, 43.2131982], [131.9666968, 43.2131514], [131.9667785, 43.2130951], [131.966898, 43.2130106], [131.9675488, 43.212509], [131.9679566, 43.2122228], [131.9683552, 43.2119373], [131.9684241, 43.2118798], [131.9690212, 43.2114448], [131.9690726, 43.2114063], [131.9694229, 43.2111669], [131.9695905, 43.2110502], [131.9698784, 43.2108027], [131.969968, 43.2107302], [131.9701016, 43.2106221], [131.9704943, 43.2103289], [131.9708444, 43.2100438], [131.9708605, 43.2100343], [131.9709949, 43.2099884], [131.9710404, 43.2099675], [131.9711271, 43.2099342], [131.9713233, 43.2099235], [131.9715875, 43.209905], [131.9721384, 43.2098481], [131.9724099, 43.2098019], [131.9730689, 43.2096502], [131.9734155, 43.2095579]], [[131.9652679, 43.2141001], [131.965762, 43.2137996]], [[131.9645341, 43.2161933], [131.9646243, 43.2160645], [131.964798, 43.2154921], [131.9648168, 43.215437], [131.964944, 43.2150263], [131.9650971, 43.2145369], [131.9651516, 43.2142797], [131.965164, 43.214212], [131.9651886, 43.2141659], [131.9652679, 43.2141001]], [[131.9642733, 43.213324], [131.9643039, 43.2133676], [131.9644006, 43.2135195], [131.9644184, 43.2135635], [131.964448, 43.2138657], [131.9644847, 43.2139005], [131.9645347, 43.2139232], [131.9647197, 43.2139965], [131.9649665, 43.2141304], [131.9650818, 43.2141841], [131.965164, 43.214212]]]}}, {"type": "Feature", "properties": {"name": "Шилкинское кольцо", "part": "mainland", "theme": "place"}, "geometry": {"type": "MultiLineString", "coordinates": [[[131.921622, 43.1189729], [131.9216292, 43.1189286], [131.9216564, 43.1188886], [131.9217004, 43.1188576], [131.9217562, 43.1188393], [131.9218172, 43.1188357]], [[131.9218172, 43.1188357], [131.9218333, 43.1188374], [131.9218493, 43.1188401], [131.9218648, 43.1188438]], [[131.9219584, 43.1190277], [131.9219499, 43.1190381], [131.9219401, 43.1190479]], [[131.9216995, 43.1190752], [131.9216594, 43.1190461], [131.9216331, 43.1190116], [131.921622, 43.1189729]], [[131.9218648, 43.1188438], [131.921903, 43.1188586], [131.9219353, 43.1188797], [131.9219597, 43.1189058], [131.9219748, 43.1189355], [131.9219797, 43.1189669], [131.9219742, 43.1189982], [131.9219584, 43.1190277]], [[131.9219401, 43.1190479], [131.9219007, 43.1190742], [131.9218524, 43.119091], [131.9217995, 43.1190965], [131.9217467, 43.1190904], [131.9216995, 43.1190752]]]}}, {"type": "Feature", "properties": {"name": "Аксаковская улица", "part": "mainland", "theme": "person", "descr": "Упомянута в справочнике 1924 г."}, "geometry": {"type": "MultiLineString", "coordinates": [[[131.8999442, 43.1184417], [131.9000105, 43.1182027], [131.9000243, 43.1181139], [131.900016, 43.1180095], [131.8999951, 43.1179408], [131.8999593, 43.1178617]], [[131.8999593, 43.1178617], [131.8998237, 43.1177464], [131.8996597, 43.1176086]], [[131.8993312, 43.1195107], [131.8993361, 43.1194856], [131.8993498, 43.119424], [131.8993783, 43.1193593], [131.8996438, 43.1189202]], [[131.8996438, 43.1189202], [131.8998833, 43.1185288]], [[131.8998833, 43.1185288], [131.8999442, 43.1184417]], [[131.898072, 43.1194164], [131.8979223, 43.1192702], [131.8977821, 43.1191272], [131.8977023, 43.1191155], [131.8975822, 43.119093], [131.8974064, 43.1190511], [131.8974094, 43.1190371], [131.8972248, 43.1189484], [131.8971395, 43.1189046], [131.8970379, 43.1188577], [131.8969149, 43.1188151], [131.8968639, 43.1188576], [131.896747, 43.1189146], [131.8965971, 43.1190263], [131.8965017, 43.1191122], [131.8963656, 43.1192194], [131.8962416, 43.1192878]], [[131.8993312, 43.1195107], [131.8992063, 43.1194956], [131.8990346, 43.1194694], [131.8986527, 43.1194077], [131.8985902, 43.1193984], [131.8984786, 43.1194107], [131.8983852, 43.1194183], [131.89833, 43.1194228], [131.8982667, 43.1194283], [131.898209, 43.1194254], [131.898072, 43.1194164]]]}}, {"type": "Feature", "properties": {"name": "Батумская улица", "part": "mainland", "theme": "place", "descr": "Упомянута в отчёте от 20.08.1923."}, "geometry": {"type": "LineString", "coordinates": [[131.9425671, 43.1113443], [131.9419984, 43.1112887], [131.9418801, 43.1112848], [131.9416541, 43.1112754], [131.941541, 43.1112638], [131.9413201, 43.1112231], [131.9411065, 43.1111844], [131.9409091, 43.1111646], [131.9406903, 43.1111306]]}}, {"type": "Feature", "properties": {"name": "улица Дежнёва", "part": "mainland", "theme": "person", "descr": "Образована в период между 1957 и 1963 гг."}, "geometry": {"type": "LineString", "coordinates": [[131.9406045, 43.1403634], [131.9402713, 43.1403607], [131.9400676, 43.1403876], [131.94003, 43.1403373], [131.9399726, 43.1403009], [131.9397913, 43.1402581], [131.9396824, 43.14019], [131.9393298, 43.1398678], [131.9391461, 43.1397378], [131.9389963, 43.1394762], [131.9389223, 43.1393548], [131.9386883, 43.1390887], [131.9384341, 43.1388734], [131.9383134, 43.1388019], [131.9382582, 43.1387589], [131.9381793, 43.1386679], [131.9381616, 43.1386395], [131.9381471, 43.1386052], [131.9381241, 43.1385199]]}}, {"type": "Feature", "properties": {"name": "Курильская улица", "part": "mainland", "theme": "place", "descr": " Упомянута в списках 1963 и 1964 гг. Обозначена на плане 1968 г."}, "geometry": {"type": "MultiLineString", "coordinates": [[[131.9422692, 43.1405259], [131.9417086, 43.1404663], [131.9413165, 43.1404245], [131.9406045, 43.1403634]], [[132.0933843, 43.2897374], [132.0933399, 43.2896839], [132.0934297, 43.2890532], [132.0934555, 43.2889609], [132.0935031, 43.2887854], [132.0935589, 43.2886667], [132.0936234, 43.288571], [132.093705, 43.2885121], [132.0938223, 43.288463], [132.0939333, 43.288434], [132.0940189, 43.2883976], [132.0941013, 43.2883582], [132.0941921, 43.2883195], [132.0942263, 43.2882953], [132.0944114, 43.2881664], [132.0945843, 43.2879862]], [[132.0912541, 43.2898007], [132.0912635, 43.2899091], [132.0912584, 43.2900077], [132.0912576, 43.290104], [132.0912404, 43.2906828], [132.0912259, 43.2913628]], [[132.0852067, 43.294182], [132.0852381, 43.2938736], [132.0852904, 43.2936455], [132.0853466, 43.2934205], [132.0854306, 43.2932346], [132.0854399, 43.2932051], [132.0854325, 43.2929233], [132.085456, 43.2928197], [132.0855131, 43.2927338], [132.0855678, 43.2925477]], [[132.0855678, 43.2925477], [132.0857781, 43.2924557], [132.0859712, 43.2923756], [132.086274, 43.2922578], [132.0862766, 43.2922568], [132.0866001, 43.2921724], [132.0869822, 43.2921176], [132.0877897, 43.2921221], [132.0881084, 43.2921251], [132.088277, 43.2920982], [132.0883818, 43.2920464], [132.0893188, 43.2915069], [132.0897133, 43.2913343], [132.0899288, 43.2912714], [132.0901787, 43.2912282], [132.0904671, 43.2912139], [132.0907644, 43.2912232], [132.0910233, 43.2912823], [132.0912259, 43.2913628], [132.091383, 43.2914514], [132.0918203, 43.2916685], [132.0920772, 43.2917606]], [[132.0852747, 43.2947285], [132.0853062, 43.2946106], [132.0853028, 43.294434], [132.0852701, 43.2943156], [132.0852288, 43.2942429], [132.0852067, 43.294182]]]}}, {"type": "Feature", "properties": {"name": "улица Талалихина", "part": "mainland", "theme": "person", "descr": "Образована 24.09.1954. Названа в честь военного летчика героя Советского Союза В. В. Талалихина (1918—1941)"}, "geometry": {"type": "MultiLineString", "coordinates": [[[131.9459844, 43.099867], [131.9465049, 43.0996192], [131.9468259, 43.0994714], [131.9470568, 43.0993651], [131.947254, 43.0992743], [131.9473315, 43.0992367]], [[131.9478222, 43.0990127], [131.9478843, 43.0989848], [131.9483495, 43.0987699], [131.9484164, 43.0987391]], [[131.9474173, 43.0987091], [131.9475066, 43.0986691]], [[131.9473315, 43.0992367], [131.9473839, 43.0992123], [131.9474242, 43.0991936], [131.9477592, 43.0990445], [131.9478222, 43.0990127]], [[131.9484164, 43.0987391], [131.9485488, 43.0986782], [131.9486782, 43.0986186], [131.948894, 43.0985192], [131.9490428, 43.0984508], [131.9495912, 43.0981982], [131.9496477, 43.0981723], [131.9497705, 43.0981157], [131.950231, 43.0979037]], [[131.9475066, 43.0986691], [131.9479983, 43.0984109], [131.9483281, 43.0982607], [131.9484638, 43.0981989], [131.9485471, 43.0981609], [131.9487112, 43.0980861], [131.9489732, 43.0979668], [131.9492353, 43.0978474], [131.9493025, 43.0978168], [131.9494997, 43.0977269], [131.9496683, 43.0976501], [131.9500269, 43.0975412], [131.9501905, 43.0974763], [131.9503026, 43.0974407], [131.9503829, 43.0974306]]]}}, {"type": "Feature", "properties": {"name": "Горийская улица", "part": "mainland", "theme": "place", "descr": "Упомянута в отчёте от 20.08.1923. 16.02.1962 переименована в ул. Бикинскую. Переименована обратно в период между 1964 и 1968 гг."}, "geometry": {"type": "MultiLineString", "coordinates": [[[131.9421886, 43.1097953], [131.9420296, 43.1104668], [131.9420097, 43.1105457], [131.9419867, 43.110594], [131.9419558, 43.1106293], [131.9419425, 43.1106415], [131.9418658, 43.1107506], [131.941809, 43.1109566], [131.941787, 43.1110508], [131.9417667, 43.1110855], [131.941739, 43.111124]], [[131.943035, 43.1098831], [131.942779, 43.1096242], [131.9425783, 43.1094214], [131.9425203, 43.109369], [131.9424575, 43.10931], [131.9420571, 43.1088945], [131.9419569, 43.1087932], [131.9419261, 43.1087465]]]}}, {"type": "Feature", "properties": {"name": "улица Муравьёва-Амурского", "part": "mainland", "theme": "person", "descr": "https://t.me/vvtopo/241"}, "geometry": {"type": "MultiLineString", "coordinates": [[[131.9246425, 43.1143765], [131.9246419, 43.1143496], [131.9246417, 43.11434], [131.9246412, 43.114317], [131.9246397, 43.1142457], [131.9246334, 43.1139423], [131.9246314, 43.1138434], [131.9246238, 43.1134792], [131.9246226, 43.1134228], [131.9246068, 43.1126622], [131.9246063, 43.1126399], [131.9246013, 43.1123985], [131.9245995, 43.1123112]], [[131.9245995, 43.1123112], [131.9245959, 43.1121599], [131.9245914, 43.1119956], [131.924587, 43.1118314], [131.9245729, 43.1113143], [131.9245636, 43.1112081], [131.9244982, 43.1108097], [131.9244116, 43.1104395], [131.9244008, 43.1103934], [131.9242993, 43.1099588], [131.9242023, 43.1095439], [131.9241877, 43.1095045]]]}}, {"type": "Feature", "properties": {"name": "улица Щорса", "part": "mainland", "theme": "person", "descr": "https://t.me/ochkuryvl/3626"}, "geometry": {"type": "LineString", "coordinates": [[131.9138694, 43.178854], [131.9137967, 43.1788469], [131.9137244, 43.1788106], [131.9136733, 43.178757], [131.9136272, 43.1786614], [131.9136192, 43.178596], [131.9135884, 43.1783508], [131.9135745, 43.1782223], [131.9135645, 43.1780993], [131.9135472, 43.1779521], [131.9135267, 43.1779027], [131.913469, 43.1778332], [131.913107, 43.1775046], [131.9130829, 43.1774753], [131.9130617, 43.1774347], [131.9130627, 43.177403]]}}, {"type": "Feature", "properties": {"name": "улица Амундсена", "part": "mainland", "theme": "person", "descr": "Образована 16.11.1937"}, "geometry": {"type": "LineString", "coordinates": [[131.9117372, 43.1810761], [131.9118056, 43.181305], [131.9118252, 43.1813401], [131.9118519, 43.1813805], [131.9120045, 43.1814667], [131.9121382, 43.1815337], [131.9122897, 43.1816233], [131.9124157, 43.1817425], [131.9124284, 43.1817516], [131.9125163, 43.1818252], [131.9125591, 43.1818388], [131.9125943, 43.1818439], [131.913053, 43.1818644], [131.9132097, 43.1818761]]}}, {"type": "Feature", "properties": {"name": "улица Академика Обручева", "part": "mainland", "theme": "person"}, "geometry": {"type": "LineString", "coordinates": [[131.9111801, 43.1833299], [131.9112203, 43.1833334], [131.9117827, 43.183349], [131.9121163, 43.1833549], [131.9123496, 43.1833698], [131.9126749, 43.1833842], [131.9131426, 43.1834025], [131.913207, 43.1834064]]}}, {"type": "Feature", "properties": {"name": "улица Байдукова", "part": "mainland", "theme": "person", "descr": "Образована 16.11.1937."}, "geometry": {"type": "MultiLineString", "coordinates": [[[131.911154, 43.1838182], [131.9112087, 43.1838343], [131.9113308, 43.1838658], [131.911458, 43.1839089], [131.9115712, 43.1839165], [131.9119608, 43.1839208], [131.9123495, 43.183924], [131.9127448, 43.1839236], [131.9129701, 43.1838863], [131.9130713, 43.1838779]], [[131.9152598, 43.1839186], [131.9153184, 43.1839212], [131.9155654, 43.1839262], [131.9156823, 43.1839286], [131.9165616, 43.1839371]], [[131.913566, 43.1839324], [131.9143088, 43.183961], [131.9144411, 43.1839444], [131.9145596, 43.1839151], [131.914663, 43.1839126], [131.9147803, 43.1839131], [131.9148501, 43.183916], [131.9149017, 43.1839179], [131.9149661, 43.1839165]], [[131.9149661, 43.1839165], [131.9152598, 43.1839186]]]}}, {"type": "Feature", "properties": {"name": "улица Володарского", "part": "mainland", "theme": "person", "descr": "Изначально — ул. 4-я Портовая. Отмечена на плане 1900 г. Переименована в ул. Невельскую (им. Невельского) 18.08.1908 г. Переименована ул. Володарского 26.04.1923 г."}, "geometry": {"type": "MultiLineString", "coordinates": [[[131.9061075, 43.1169492], [131.9061214, 43.1170865], [131.9061845, 43.1172099], [131.9063083, 43.1172544], [131.9065781, 43.1172337], [131.9068862, 43.1172095], [131.9070747, 43.1172053], [131.9075278, 43.1172074], [131.9078553, 43.1172062], [131.9082913, 43.1171969], [131.9087481, 43.1171375], [131.9090092, 43.1170702], [131.909264, 43.1170133], [131.9093266, 43.1169974], [131.9096285, 43.1169199], [131.9099643, 43.1168384], [131.9101691, 43.1167879], [131.9102834, 43.1167621], [131.910374, 43.1167423], [131.9104533, 43.1167353], [131.9105217, 43.1167334], [131.9106254, 43.1167404], [131.9109083, 43.1168015], [131.9111314, 43.116871], [131.9112268, 43.1169522], [131.9113114, 43.1170407], [131.9113777, 43.117102], [131.9115463, 43.1173169], [131.9115787, 43.117364], [131.9117085, 43.1178044]], [[131.9115787, 43.117364], [131.9119312, 43.1172969], [131.9124766, 43.1172046], [131.9125876, 43.1171907], [131.9126648, 43.1171935], [131.912693, 43.1172033], [131.9127272, 43.1172146], [131.9127625, 43.1172186], [131.9128049, 43.1172131], [131.9128562, 43.1172029], [131.912884, 43.1171925], [131.9129055, 43.1171794], [131.9129681, 43.1171414], [131.9130512, 43.1170942], [131.9131079, 43.117052], [131.9131415, 43.116989], [131.9131413, 43.1169281], [131.9131097, 43.1168743], [131.913044, 43.1168184], [131.9129906, 43.1167888], [131.9129107, 43.1167837], [131.9128787, 43.1167898], [131.9127991, 43.1168051]], [[131.9117085, 43.1178044], [131.9117494, 43.117964]]]}}, {"type": "Feature", "properties": {"name": "улица Завойко", "part": "mainland", "theme": "person"}, "geometry": {"type": "LineString", "coordinates": [[131.9152511, 43.1542628], [131.9154473, 43.1542392], [131.9156424, 43.1542158], [131.9157708, 43.1542063], [131.9166527, 43.1541013], [131.9167358, 43.1540914]]}}, {"type": "Feature", "properties": {"name": "улица Полины Осипенко", "part": "mainland", "theme": "person", "descr": "Образована 08.12.1938"}, "geometry": {"type": "MultiLineString", "coordinates": [[[131.9379378, 43.09652], [131.9379647, 43.0964782], [131.9380576, 43.0963363], [131.9381741, 43.0962092], [131.9383027, 43.0960832], [131.9383235, 43.0960521], [131.9384038, 43.0959179], [131.9384151, 43.0959068], [131.938635, 43.0957586], [131.9386607, 43.0957435], [131.9389034, 43.0956219], [131.9389768, 43.0955815], [131.9390516, 43.0955418], [131.939372, 43.095345], [131.939469, 43.0952832], [131.9396666, 43.0951612], [131.9397658, 43.0951113], [131.9398862, 43.0950536], [131.9401336, 43.0949755], [131.9402409, 43.0949432], [131.9402747, 43.0949325], [131.9402976, 43.0949291], [131.9403291, 43.0949286], [131.9403619, 43.0949365], [131.9404773, 43.0949776], [131.9405552, 43.0950157]], [[131.9424196, 43.0951077], [131.9427929, 43.095115], [131.9429164, 43.0951395], [131.9429426, 43.0951646], [131.942955, 43.0952514], [131.9429842, 43.0953058], [131.9433106, 43.0955769]], [[131.9433106, 43.0955769], [131.9442962, 43.0963607]], [[131.9375617, 43.0969305], [131.9377463, 43.0968114], [131.9377947, 43.0967421], [131.9379378, 43.09652]]]}}, {"type": "Feature", "properties": {"name": "переулок Адмирала Макарова", "part": "mainland", "theme": "person", "descr": "Упомянут в списке 1957 г."}, "geometry": {"type": "LineString", "coordinates": [[131.9068664, 43.0891019], [131.9068417, 43.0890432], [131.9068204, 43.0889815], [131.9068189, 43.0889585], [131.9068212, 43.0889289], [131.9068325, 43.0888904], [131.9068748, 43.0888332], [131.9069483, 43.0887479], [131.9071065, 43.0885878], [131.9074042, 43.0882539], [131.9077285, 43.0879137], [131.9077354, 43.0879071], [131.9078882, 43.0877626], [131.907923, 43.0877296], [131.9079425, 43.087714], [131.9079656, 43.0876965], [131.9080245, 43.0876502]]}}, {"type": "Feature", "properties": {"name": "улица Баляева", "part": "mainland", "theme": "person", "descr": "https://t.me/vvtopo/241"}, "geometry": {"type": "MultiLineString", "coordinates": [[[131.9356683, 43.1316115], [131.9355321, 43.131625], [131.9354, 43.1316447], [131.935066, 43.131708], [131.9346073, 43.1317916], [131.9341635, 43.1318713], [131.9341265, 43.1318838], [131.9340822, 43.1319049], [131.9339619, 43.1320249], [131.9338733, 43.1321396], [131.9336479, 43.1321382], [131.9329931, 43.1321342], [131.9324837, 43.1321311], [131.9320731, 43.1321286], [131.931494, 43.1321251], [131.9312987, 43.1321231], [131.9307087, 43.1321203], [131.9302881, 43.1321178], [131.9300898, 43.1321167], [131.9298779, 43.1321164], [131.9296116, 43.1321139], [131.9291966, 43.1321106], [131.9289326, 43.1321095], [131.9288399, 43.132109], [131.9283497, 43.1321082], [131.9276617, 43.132107], [131.9275853, 43.1321188], [131.9275395, 43.1321303], [131.9274208, 43.1321644]], [[131.9402568, 43.1285622], [131.9393425, 43.1289546], [131.9390585, 43.1290889], [131.9389656, 43.1291282], [131.9388431, 43.1291932], [131.9387801, 43.1292357], [131.938317, 43.1295757], [131.9381929, 43.1296656], [131.9379868, 43.1298149], [131.9373398, 43.1303209], [131.9368863, 43.1306755], [131.9365082, 43.1309711], [131.9360752, 43.1313098], [131.935982, 43.1313786], [131.9358701, 43.1314582], [131.9357976, 43.1315105], [131.9356683, 43.1316115], [131.9355861, 43.1316718], [131.9348931, 43.1321799], [131.9342287, 43.1325691], [131.9337167, 43.1328581], [131.9332829, 43.133125], [131.9331407, 43.1332246], [131.9329908, 43.1333865]]]}}, {"type": "Feature", "properties": {"name": "улица Басаргина", "part": "mainland", "theme": "person", "descr": "\"В списке 1924 года упомянута как \"\"Басаргинская (Гнилой Угол)\"\". Указана как упразднённая в списке 1938 г.\""}, "geometry": {"type": "MultiLineString", "coordinates": [[[131.9620501, 43.0744833], [131.9619304, 43.0744809], [131.9613718, 43.074472], [131.961319, 43.074477], [131.9612744, 43.0744861], [131.9610204, 43.0745893], [131.9598572, 43.075051], [131.9597845, 43.0750839], [131.9597041, 43.0751338], [131.9596168, 43.075188], [131.9595532, 43.0752381], [131.9594545, 43.0753657], [131.9592636, 43.0756535], [131.9591381, 43.0758468], [131.9591112, 43.0758829], [131.9590409, 43.0759684], [131.9589644, 43.0760594], [131.9589054, 43.0761094], [131.9588443, 43.0761432]], [[131.9629855, 43.0779993], [131.9629106, 43.077402]], [[131.9629374, 43.0855197], [131.9629503, 43.0853422], [131.9630871, 43.0843918], [131.9631489, 43.0840375], [131.9631591, 43.0839806], [131.9632007, 43.0836683], [131.9632166, 43.0834722], [131.9632136, 43.083429], [131.9631917, 43.0833297], [131.9631222, 43.0831355], [131.9626503, 43.0819228], [131.9626182, 43.0817972], [131.9626081, 43.0816691], [131.9626142, 43.0814975], [131.9626423, 43.0812173], [131.9628843, 43.0795345], [131.9629244, 43.0791949]], [[131.9621757, 43.0756671], [131.962102, 43.0754787], [131.962084, 43.07541], [131.9620669, 43.0753451], [131.9620456, 43.0752282], [131.9620425, 43.0751226], [131.9620479, 43.0748944], [131.9620501, 43.0744833]], [[131.9564687, 43.0807381], [131.9571268, 43.080312], [131.9574035, 43.0801223], [131.9574993, 43.0799699], [131.9575462, 43.0797771], [131.9577314, 43.0789903], [131.9578847, 43.078289], [131.9580401, 43.0775115], [131.9581054, 43.0772949]], [[131.9492426, 43.0751288], [131.9491618, 43.0751205], [131.949107, 43.0751066], [131.9489796, 43.0750593], [131.9488089, 43.074997], [131.9487622, 43.0749745], [131.9486969, 43.0749314], [131.9485834, 43.0748371], [131.9485442, 43.0748144], [131.9483183, 43.0747164], [131.9482847, 43.074711], [131.9482485, 43.074711], [131.948152, 43.0747193], [131.9480494, 43.0747247], [131.9479099, 43.0746934], [131.9478238, 43.0746684], [131.9476973, 43.0746194], [131.9474625, 43.0745158], [131.9469247, 43.074281], [131.9468983, 43.07427], [131.9467484, 43.0742076], [131.9462674, 43.0740148], [131.9460509, 43.0739149], [131.9460148, 43.0738916], [131.9459835, 43.073866], [131.9457002, 43.0735997], [131.9456831, 43.0735745], [131.9456656, 43.0735379], [131.945567, 43.0733362], [131.9454482, 43.0729713], [131.9454347, 43.0729281]], [[131.9623822, 43.0721487], [131.9627933, 43.071105], [131.9630554, 43.0705258], [131.9632789, 43.0699052], [131.9632976, 43.0698048], [131.9634109, 43.0685391], [131.9633905, 43.0683239], [131.9633719, 43.0682392], [131.9633216, 43.0681544], [131.9630774, 43.067882], [131.9629219, 43.06769], [131.9626799, 43.067475], [131.9624687, 43.0673353], [131.9617308, 43.0668769]], [[131.9588443, 43.0761432], [131.9587595, 43.0761739], [131.9586383, 43.0762003], [131.9585232, 43.0762138], [131.9584173, 43.0761942], [131.9579587, 43.0760763], [131.9577851, 43.076033], [131.9573216, 43.0759234], [131.9571814, 43.075895], [131.9567108, 43.0758278], [131.9565943, 43.0758282], [131.9560972, 43.0758368], [131.9559214, 43.07584], [131.9558446, 43.0758414], [131.9554343, 43.0758561], [131.9552537, 43.0758638], [131.9551953, 43.075866], [131.9551397, 43.0758684], [131.9550656, 43.0758727], [131.9546001, 43.075903], [131.9544093, 43.0759124], [131.9539235, 43.0759365], [131.9537279, 43.0759477], [131.953254, 43.0759798], [131.9531233, 43.0759849], [131.9530656, 43.0759863], [131.9530052, 43.0759865], [131.9527402, 43.0759834], [131.9522813, 43.0759744], [131.9519769, 43.075931], [131.9515272, 43.075855], [131.9514746, 43.0758443], [131.951329, 43.0758084], [131.9512837, 43.075794], [131.9508458, 43.0756261], [131.950758, 43.0755924], [131.9507252, 43.075581], [131.9506922, 43.0755695], [131.9502475, 43.0754253], [131.9500569, 43.075341], [131.949963, 43.0752665], [131.9495031, 43.0750857], [131.9494499, 43.0750783], [131.9493963, 43.0750793], [131.9493223, 43.0750958], [131.9492426, 43.0751288]], [[131.9629106, 43.077402], [131.9628932, 43.0772833], [131.9628502, 43.0771238], [131.962747, 43.0768808]], [[131.9629779, 43.0786142], [131.9629933, 43.0782588], [131.9629855, 43.0779993]], [[131.9476215, 43.073973], [131.9473082, 43.0738421]], [[131.9459704, 43.0727961], [131.9459134, 43.0727805], [131.9458352, 43.0727897], [131.9457239, 43.0728289], [131.9456735, 43.0728467], [131.9456426, 43.0728576], [131.9455213, 43.0728988], [131.9454347, 43.0729281]], [[131.9473082, 43.0738421], [131.9469669, 43.0737147], [131.9466516, 43.0735768], [131.9465191, 43.0734912], [131.9464189, 43.0734096], [131.9463968, 43.0733914], [131.9463235, 43.0733238], [131.9462392, 43.0732459], [131.946146, 43.0730396], [131.9460976, 43.0729125], [131.9460628, 43.0728635], [131.9460201, 43.0728259], [131.9459704, 43.0727961]], [[131.9477518, 43.0740267], [131.9476215, 43.073973]], [[131.9543501, 43.0816583], [131.9554942, 43.0811726], [131.9564687, 43.0807381]], [[131.9528914, 43.0754379], [131.9529532, 43.07544], [131.9530556, 43.0754389], [131.9531821, 43.0754284], [131.9534694, 43.075367], [131.9536708, 43.0753119], [131.9538742, 43.0752564], [131.9550126, 43.0749466], [131.9551663, 43.07492], [131.9552308, 43.0749163], [131.955279, 43.0749138], [131.9553887, 43.0749148], [131.9555575, 43.0749332], [131.9560928, 43.0750218], [131.9563112, 43.0750646], [131.9567805, 43.0751568], [131.9580273, 43.0753878], [131.9582242, 43.07543], [131.9584191, 43.0754856], [131.9584625, 43.0755054], [131.9585997, 43.0755682], [131.9588679, 43.0757058], [131.9589292, 43.0757368], [131.958953, 43.0757493], [131.9591381, 43.0758468]], [[131.962747, 43.0768808], [131.9625932, 43.0765917], [131.9623128, 43.0759985], [131.9621757, 43.0756671]], [[131.9629244, 43.0791949], [131.9629665, 43.0787374], [131.9629779, 43.0786142]], [[131.9620501, 43.0744833], [131.9620552, 43.0743235], [131.962085, 43.0735697], [131.9620915, 43.0734053], [131.9621216, 43.0728684], [131.9621448, 43.0727546], [131.9622143, 43.0725534], [131.9623822, 43.0721487]]]}}, {"type": "Feature", "properties": {"name": "Беломорская улица", "part": "mainland", "theme": "place"}, "geometry": {"type": "LineString", "coordinates": [[131.9268353, 43.1966839], [131.9268604, 43.1967391], [131.9269043, 43.1968017], [131.9269461, 43.1968846], [131.9270312, 43.1970108], [131.9273183, 43.1974069], [131.9275311, 43.1977066], [131.9277069, 43.1979414], [131.9277506, 43.1980155], [131.9277559, 43.1980477], [131.9277526, 43.1980669], [131.9277199, 43.1980848]]}}, {"type": "Feature", "properties": {"name": "улица Беляева", "part": "mainland", "theme": "person", "descr": "Образована 19.11.1970"}, "geometry": {"type": "LineString", "coordinates": [[131.9729091, 43.0914006], [131.9728756, 43.0913511], [131.9727955, 43.0912536], [131.972579, 43.0910652], [131.9725144, 43.0910106], [131.9724727, 43.0909618], [131.9724552, 43.0909231], [131.9724368, 43.0908857], [131.9724177, 43.0908517], [131.9724036, 43.0908257], [131.9723857, 43.0908024], [131.9721865, 43.0906694], [131.9720373, 43.0905574], [131.972017, 43.0905358], [131.9719606, 43.0904677], [131.9716479, 43.0900764], [131.9715788, 43.0899809], [131.9715507, 43.0899398], [131.9715366, 43.089887], [131.9715304, 43.0898364], [131.9715346, 43.0897954], [131.9715386, 43.0897429], [131.971548, 43.0896988], [131.9715546, 43.0896803], [131.971564, 43.0896601], [131.9715748, 43.0896352], [131.9715764, 43.0896213], [131.9715609, 43.0895971], [131.9715151, 43.0895222], [131.9714847, 43.0894828], [131.9714457, 43.089445], [131.9714196, 43.0894273], [131.971387, 43.0894095], [131.9713374, 43.0893914], [131.9712791, 43.0893767], [131.9712134, 43.0893708], [131.9711261, 43.0893858], [131.9711048, 43.0893811], [131.9710778, 43.0893655], [131.9709577, 43.089288], [131.970849, 43.0892364], [131.9707361, 43.0891912], [131.9706541, 43.0891726], [131.9705777, 43.0891569], [131.9704677, 43.089149], [131.9703222, 43.0891458], [131.9701334, 43.0891402], [131.9699751, 43.0891362], [131.9691709, 43.0891066], [131.9690247, 43.0890976], [131.9689349, 43.089085], [131.9687576, 43.0890594], [131.968727, 43.0890549], [131.9686009, 43.0890334], [131.9685546, 43.0890197], [131.9684608, 43.0889772], [131.9684366, 43.0889732], [131.9684036, 43.0889688], [131.968164, 43.0889517], [131.9674327, 43.0888992], [131.9673952, 43.0888894], [131.9673631, 43.0888824], [131.9673128, 43.0888637]]}}, {"type": "Feature", "properties": {"name": "улица Босфора", "part": "mainland", "theme": "place", "descr": "Упомянута в справочнике 1957 г."}, "geometry": {"type": "MultiLineString", "coordinates": [[[131.8929623, 43.084309], [131.8930739, 43.0843184], [131.8931557, 43.0843194], [131.8932876, 43.0843247], [131.8934736, 43.0843253], [131.8936505, 43.0843165], [131.8941708, 43.0843002], [131.89434, 43.0843057], [131.8944684, 43.08432], [131.8945717, 43.0843433], [131.8946848, 43.0843457], [131.8947537, 43.0843458], [131.894899, 43.0843451], [131.8950987, 43.084339], [131.895138, 43.0843416], [131.8952815, 43.0843303], [131.8954126, 43.0842948], [131.895614, 43.0842146], [131.8957508, 43.0841705], [131.8958967, 43.0841254], [131.8959855, 43.0840843], [131.8963233, 43.0838812], [131.8964127, 43.0838644], [131.8965052, 43.0838515], [131.8966943, 43.0838464], [131.8968222, 43.0838495], [131.8972715, 43.0838583], [131.8974846, 43.0838602], [131.8976605, 43.0838772]], [[131.8976605, 43.0838772], [131.8976299, 43.0837856], [131.8976397, 43.083756], [131.8976884, 43.0837172], [131.8977389, 43.0836942], [131.8978273, 43.0836481], [131.8979045, 43.0836103], [131.897971, 43.083591], [131.8980017, 43.0835591], [131.8980668, 43.0834959], [131.8981715, 43.0834232], [131.8982582, 43.0833547], [131.898382, 43.0832512], [131.8984591, 43.0831866], [131.8985389, 43.0831078], [131.8985953, 43.0830421], [131.8986669, 43.0829551], [131.8989331, 43.0826467], [131.8991699, 43.0823867], [131.8997083, 43.0818052], [131.8998627, 43.0816235]]]}}, {"type": "Feature", "properties": {"name": "улица Бурачка", "part": "mainland", "theme": "person", "descr": "Изначально Двугорбовая. Впервые упомянута в списке 1954 г. Переименована в ул. Бурачка 04.12.1987."}, "geometry": {"type": "LineString", "coordinates": [[131.9144504, 43.0953491], [131.9143809, 43.0951514], [131.9143374, 43.0950405], [131.9143137, 43.0949705], [131.9141825, 43.0945835], [131.9140575, 43.0941853], [131.9140369, 43.0941281], [131.9139172, 43.0937656], [131.9138243, 43.0934545], [131.9137905, 43.0933145], [131.9137425, 43.093145], [131.9137278, 43.093083], [131.9137223, 43.0929874]]}}, {"type": "Feature", "properties": {"name": "Воронежская улица", "part": "mainland", "theme": "place", "descr": "https://t.me/vvtopo/304"}, "geometry": {"type": "LineString", "coordinates": [[131.9079695, 43.0874612], [131.9080576, 43.0874283], [131.9082492, 43.0873662], [131.9087298, 43.0872001], [131.9088399, 43.0871561], [131.9092387, 43.0869827], [131.9093425, 43.0869351], [131.9097474, 43.0867181], [131.9099008, 43.0866387], [131.9099559, 43.0865955], [131.9099839, 43.0865604], [131.9100189, 43.0865083], [131.9101545, 43.0863216], [131.9103621, 43.0860893]]}}, {"type": "Feature", "properties": {"name": "Бакинская улица", "part": "mainland", "theme": "place", "descr": "Упоминается в справочнике 1924 г."}, "geometry": {"type": "MultiLineString", "coordinates": [[[131.8999201, 43.0961713], [131.8999499, 43.0961805], [131.9003485, 43.096177], [131.9007725, 43.0961557], [131.9008301, 43.0961448], [131.9008735, 43.0961262], [131.9009167, 43.0960956], [131.9009389, 43.0960642], [131.9009245, 43.0960077], [131.9009113, 43.0959556], [131.90091, 43.0959241], [131.9009175, 43.0958986], [131.900937, 43.0958808], [131.9009542, 43.0958702], [131.9009807, 43.0958587], [131.9010039, 43.0958526], [131.901037, 43.0958487], [131.9010716, 43.0958457], [131.9011073, 43.095845]], [[131.9011073, 43.095845], [131.9010742, 43.0953699], [131.9010588, 43.0952831], [131.9010714, 43.0951121], [131.9010411, 43.0950858], [131.9010239, 43.0950755], [131.9009531, 43.0950597], [131.9008577, 43.0950407], [131.9007933, 43.095032], [131.9006851, 43.0950254]]]}}, {"type": "Feature", "properties": {"name": "Буреинская улица", "part": "mainland", "theme": "place", "descr": "https://t.me/ochkuryvl/3626"}, "geometry": {"type": "LineString", "coordinates": [[131.9407617, 43.1396394], [131.9410464, 43.139648], [131.9418893, 43.1398054], [131.9421634, 43.139835]]}}, {"type": "Feature", "properties": {"name": "улица Нестерова", "part": "mainland", "theme": "person", "descr": "Образована 24.09.1954"}, "geometry": {"type": "MultiLineString", "coordinates": [[[131.9484817, 43.0998319], [131.9485774, 43.0998117], [131.9490236, 43.0996055], [131.9491035, 43.0995686], [131.9493096, 43.0994733], [131.9494575, 43.099405], [131.9495221, 43.0993752], [131.9496595, 43.0993117], [131.9499958, 43.0991563], [131.9501536, 43.0990834], [131.950227, 43.0990658], [131.9502749, 43.0990554], [131.9503246, 43.0990423], [131.9503825, 43.0990199], [131.9504455, 43.0989933]], [[131.9486241, 43.1003974], [131.94856, 43.1004134], [131.948268, 43.1004837], [131.9482383, 43.100488], [131.9482065, 43.100492], [131.9480623, 43.100493], [131.9480422, 43.1004931], [131.9478753, 43.1004943], [131.9477809, 43.1005015]], [[131.9504455, 43.0989933], [131.9509069, 43.0987812], [131.9509832, 43.0987422]], [[131.9470283, 43.1005566], [131.9474731, 43.100557], [131.9475818, 43.1005451], [131.9477809, 43.1005015]]]}}, {"type": "Feature", "properties": {"name": "улица Гаршина", "part": "mainland", "theme": "person", "descr": "Гаршинская ул. образована 3 (18) декабря 1907 г."}, "geometry": {"type": "MultiLineString", "coordinates": [[[131.9049893, 43.1233888], [131.905063, 43.1233629], [131.9052304, 43.1232861], [131.9053905, 43.1232132], [131.9054752, 43.1231751], [131.9059888, 43.1230048], [131.9060585, 43.1229885], [131.9061591, 43.1229787], [131.9062918, 43.1229533], [131.9063762, 43.1229323], [131.9064527, 43.1229093], [131.9066467, 43.1228321], [131.9067822, 43.122769], [131.9070363, 43.1226866]], [[131.9038925, 43.1237263], [131.904007, 43.1236907], [131.9041822, 43.1236375], [131.9042194, 43.1236293], [131.9045691, 43.123529], [131.9047744, 43.123462], [131.904835, 43.1234424], [131.9049496, 43.1234026], [131.9049893, 43.1233888]]]}}, {"type": "Feature", "properties": {"name": "улица Громова", "part": "mainland", "theme": "person", "descr": "Образована 17.11.1937"}, "geometry": {"type": "MultiLineString", "coordinates": [[[131.9445553, 43.1123027], [131.944561, 43.1122721], [131.9445686, 43.1122494], [131.9445817, 43.1122273], [131.9446233, 43.1121674], [131.9447287, 43.1120295], [131.9448647, 43.1118364], [131.9449362, 43.1117085], [131.9449779, 43.1116297], [131.9450275, 43.1115779], [131.945083, 43.111529], [131.9451645, 43.1114786], [131.9452376, 43.1114423], [131.9453522, 43.1113766], [131.9458593, 43.1110953], [131.9458743, 43.1110867], [131.9459617, 43.1110317], [131.9461955, 43.1108723]], [[131.9461955, 43.1108723], [131.94664, 43.1105786], [131.9473841, 43.1101116], [131.947421, 43.1100932], [131.9474772, 43.1100712], [131.9475442, 43.1100536], [131.9476548, 43.110036]]]}}, {"type": "Feature", "properties": {"name": "Днепропетровская улица", "part": "mainland", "theme": "place", "descr": "Упомянута в списке 1954 г."}, "geometry": {"type": "MultiLineString", "coordinates": [[[131.9290719, 43.1602075], [131.9291081, 43.1602002], [131.9291322, 43.1601992], [131.9291644, 43.1602012], [131.9294916, 43.1602501], [131.929529, 43.1602569], [131.9301494, 43.1604169], [131.9304975, 43.1605213], [131.9308662, 43.1606298], [131.9313353, 43.1607678], [131.931483, 43.1608016], [131.9316384, 43.1608147], [131.9317788, 43.1608185], [131.9319807, 43.1608087], [131.9323624, 43.1607501], [131.9326419, 43.1606962], [131.9329738, 43.160671], [131.9330268, 43.1606668], [131.9330798, 43.1606658], [131.9331046, 43.1606702], [131.9331133, 43.1606795], [131.933128, 43.1607079], [131.9331361, 43.1607255], [131.9331649, 43.1607828], [131.9331897, 43.1608219], [131.933196, 43.160833], [131.9332071, 43.1608463], [131.9332701, 43.1609241]], [[131.9281466, 43.1599549], [131.9286172, 43.1600917], [131.9290719, 43.1602075]], [[131.9267256, 43.1595961], [131.9269362, 43.1596472], [131.927315, 43.1597448], [131.9273953, 43.1597678], [131.9274346, 43.159779], [131.9278962, 43.1598924], [131.9280928, 43.1599415], [131.9281466, 43.1599549]]]}}, {"type": "Feature", "properties": {"name": "улица Достоевского", "part": "mainland", "theme": "person", "descr": "Отмечена на плане 1909 г."}, "geometry": {"type": "LineString", "coordinates": [[131.9055017, 43.1242079], [131.905583, 43.1241809], [131.9056725, 43.1241511], [131.9062865, 43.1239468], [131.9065353, 43.123864], [131.9065746, 43.1238515], [131.9071251, 43.1236683], [131.9072399, 43.1236294]]}}, {"type": "Feature", "properties": {"name": "Ёлочная улица", "part": "mainland", "theme": "tree", "descr": "https://t.me/vvtopo/176"}, "geometry": {"type": "MultiLineString", "coordinates": [[[131.8930932, 43.0948731], [131.8928597, 43.0950357], [131.8928411, 43.0950613], [131.8928227, 43.0951048], [131.8928135, 43.0951742], [131.8928145, 43.095211], [131.8928346, 43.0952535], [131.8929623, 43.0953972], [131.8931822, 43.0956575], [131.893223, 43.0957157], [131.8932467, 43.0957444], [131.8932707, 43.0957807], [131.8932851, 43.0958172], [131.8933196, 43.0959622], [131.8933887, 43.0962799], [131.8934013, 43.096339]], [[131.893277, 43.0938906], [131.8932513, 43.0939322], [131.8932253, 43.093999], [131.8931932, 43.094319], [131.8931699, 43.0944854], [131.8931574, 43.0945805], [131.8931568, 43.094602], [131.893147, 43.0947568], [131.8931432, 43.0947854], [131.8931381, 43.0948163], [131.8931349, 43.094829], [131.8931301, 43.0948413], [131.8931229, 43.0948554], [131.8930932, 43.0948731]]]}}, {"type": "Feature", "properties": {"name": "улица Слуцкого", "part": "mainland", "theme": "place", "descr": "https://t.me/vvtopo/176"}, "geometry": {"type": "MultiLineString", "coordinates": [[[131.9282663, 43.0974923], [131.9283218, 43.0974597], [131.9283541, 43.0974462], [131.9284311, 43.0974178], [131.9288141, 43.0973128], [131.9291145, 43.0972193], [131.9292061, 43.0971699], [131.929258, 43.0971038], [131.9293014, 43.0970142], [131.9294153, 43.0968183], [131.9295132, 43.096652], [131.9295983, 43.0965494], [131.9297005, 43.0964344], [131.9301051, 43.0960063], [131.930188, 43.0959801], [131.9302941, 43.095953], [131.9304082, 43.0959309], [131.9305041, 43.0959251], [131.9306284, 43.0959141], [131.9309748, 43.0957201], [131.9311755, 43.0956118], [131.9313779, 43.0955148], [131.9315998, 43.0954356], [131.931749, 43.0953919], [131.9319023, 43.0953573], [131.9320168, 43.0953287], [131.9321564, 43.0952917], [131.9322943, 43.095261], [131.9324173, 43.0952494], [131.9325329, 43.0952409], [131.9328111, 43.0952255], [131.933292, 43.0952028], [131.9335181, 43.0951763], [131.9336296, 43.0951576], [131.9338697, 43.0951181], [131.9341633, 43.0950757], [131.9343732, 43.095027], [131.9345332, 43.0949617], [131.9346327, 43.0949149], [131.934708, 43.0948768], [131.9348204, 43.0948269], [131.934895, 43.0947994], [131.9351646, 43.0947711], [131.9352631, 43.0947787]], [[131.9312888, 43.0948244], [131.9311102, 43.0949301], [131.9308539, 43.0951704], [131.9305103, 43.0955222], [131.9301051, 43.0960063]], [[131.9335556, 43.0926706], [131.9336147, 43.0929982], [131.9336593, 43.0931712], [131.9336747, 43.0932284], [131.9337135, 43.0932935], [131.9337414, 43.0933358], [131.9337855, 43.0934134], [131.9338226, 43.0935458], [131.9338297, 43.0937065], [131.9337648, 43.0937156], [131.9336528, 43.093736]], [[131.9312888, 43.0948244], [131.9313784, 43.0947918], [131.9318634, 43.0946044], [131.9323293, 43.0944153], [131.9324879, 43.094355], [131.9326793, 43.0942834], [131.9328728, 43.0942117], [131.9329546, 43.0941553], [131.9329672, 43.0941019], [131.9329731, 43.094026], [131.9329813, 43.0939796], [131.9330373, 43.0939375], [131.9330992, 43.0939145], [131.9331942, 43.0938831], [131.9334149, 43.0938131], [131.9335465, 43.093767], [131.9336528, 43.093736]]]}}, {"type": "Feature", "properties": {"name": "Буковая улица", "part": "mainland", "theme": "tree", "descr": "Упоминается в справочнике 1924 г."}, "geometry": {"type": "MultiLineString", "coordinates": [[[131.89995, 43.0992389], [131.8999519, 43.0992981], [131.8999642, 43.0995404], [131.8999735, 43.0997414], [131.9000047, 43.1000184], [131.8999928, 43.1001298], [131.8999762, 43.1002172], [131.8999515, 43.1002648], [131.8999282, 43.1003], [131.8998931, 43.1003434], [131.8998993, 43.1004677]], [[131.8994073, 43.0963216], [131.8993092, 43.0964425]], [[131.8999718, 43.098136], [131.8999712, 43.0982116], [131.8999591, 43.0983119], [131.8999038, 43.0984802], [131.8999063, 43.0985243], [131.8999105, 43.0985448], [131.8999261, 43.0986009], [131.8999699, 43.0986925], [131.8999758, 43.0987337], [131.8999737, 43.0987775], [131.8999553, 43.0991347], [131.89995, 43.0992389]]]}}, {"type": "Feature", "properties": {"name": "Приморская улица", "part": "mainland", "theme": "place", "descr": "Переименована из Поселковой 17.10.1968"}, "geometry": {"type": "MultiLineString", "coordinates": [[[131.9013761, 43.0883204], [131.901201, 43.0883087], [131.9006733, 43.0882425], [131.9006279, 43.0882338], [131.9005309, 43.0882153], [131.9001533, 43.0881481], [131.8993338, 43.0879845], [131.8991252, 43.0879447], [131.899059, 43.0879333], [131.8989789, 43.087917], [131.8985004, 43.0878021], [131.8982362, 43.0877473], [131.8980378, 43.0877156], [131.8975218, 43.0876463], [131.8968839, 43.0875776], [131.8964126, 43.0874866], [131.8953821, 43.0872725], [131.8951457, 43.0872511]], [[131.8951457, 43.0872511], [131.895061, 43.0872569], [131.8948804, 43.0872818], [131.8947212, 43.0872869], [131.89456, 43.0872854], [131.894494, 43.0872732], [131.8944422, 43.0872573], [131.8940194, 43.0870874], [131.893851, 43.087011], [131.8935335, 43.0868491], [131.8934082, 43.0867694], [131.8932772, 43.0866738], [131.8929136, 43.0864005], [131.8928187, 43.0863192], [131.8927597, 43.0862712], [131.892682, 43.0861764]]]}}, {"type": "Feature", "properties": {"name": "улица Олега Кошевого", "part": "mainland", "theme": "person", "descr": "Образована 06.05.1949"}, "geometry": {"type": "MultiLineString", "coordinates": [[[131.9083175, 43.0930374], [131.9091684, 43.0929684], [131.9099443, 43.092925], [131.9101247, 43.0929147], [131.9103791, 43.0929082], [131.911463, 43.0929184], [131.9123656, 43.0929131], [131.9133006, 43.0928998], [131.9134755, 43.0928953], [131.9137123, 43.0928873], [131.9141754, 43.0928753], [131.9151745, 43.0928452]], [[131.9139431, 43.0929792], [131.9137223, 43.0929874], [131.9133727, 43.092998], [131.9132993, 43.0929984], [131.9130797, 43.093005], [131.912437, 43.0930076], [131.9114573, 43.09301], [131.9105276, 43.0930101], [131.910072, 43.0930175], [131.9099504, 43.0930204], [131.9095304, 43.0930337], [131.9092591, 43.0930508], [131.9088761, 43.0930821], [131.9083658, 43.093134], [131.9081399, 43.0931616], [131.907925, 43.0931877]], [[131.9176474, 43.0928285], [131.9171598, 43.0928555], [131.9156214, 43.0929212], [131.9139431, 43.0929792]], [[131.9156266, 43.0928311], [131.9170487, 43.0927753], [131.9173304, 43.0927566], [131.9176644, 43.092716]], [[131.9151745, 43.0928452], [131.9156266, 43.0928311]]]}}, {"type": "Feature", "properties": {"name": "Камская улица", "part": "mainland", "theme": "place", "descr": "Упомянута в справочнике 1924 г."}, "geometry": {"type": "MultiLineString", "coordinates": [[[131.921819, 43.1417064], [131.921807, 43.1413214], [131.9217924, 43.1412581], [131.9217822, 43.1412106], [131.9217551, 43.1411515], [131.9217327, 43.1411168], [131.921679, 43.141081], [131.9216048, 43.1410496], [131.921508, 43.1410248], [131.9214049, 43.1410063], [131.9213386, 43.1409944], [131.9210451, 43.1409264], [131.9207557, 43.1408021], [131.9206915, 43.1407746], [131.9203516, 43.1406287], [131.9202993, 43.1405833], [131.9199808, 43.1403307], [131.9196771, 43.1400938]], [[131.9238602, 43.1401274], [131.9238555, 43.140173], [131.9238384, 43.1402827], [131.9238113, 43.140376], [131.9237921, 43.1404629], [131.9237711, 43.140537], [131.9237638, 43.1405781], [131.9237537, 43.140631]], [[131.922697, 43.1401259], [131.922525, 43.1399696], [131.9224378, 43.1399127], [131.9223498, 43.1398754], [131.9221315, 43.1397937], [131.921984, 43.1397239], [131.9215174, 43.1395349], [131.9213101, 43.1394472], [131.9211124, 43.1393803], [131.9200258, 43.1389385], [131.9198485, 43.1388745], [131.9183742, 43.1383357], [131.918347, 43.1383097], [131.9180211, 43.1379995], [131.9179957, 43.1379711], [131.9179729, 43.1378928]], [[131.922697, 43.1401259], [131.9227351, 43.1401465], [131.9228185, 43.1401681], [131.9227848, 43.1403109], [131.9227549, 43.1404642], [131.9227416, 43.1406655], [131.9227085, 43.1411183], [131.9227271, 43.14122], [131.9227194, 43.1412744], [131.922715, 43.1413119], [131.9226417, 43.1414114], [131.9226198, 43.1414754], [131.9226198, 43.141518], [131.9226258, 43.1415512]]]}}, {"type": "Feature", "properties": {"name": "улица Мыс Чумака", "part": "mainland", "theme": "place", "descr": "Изначально — ул. Мыс Филимонова. Упомянута в справочнике 1922 г. Переименована вместе с мысом 13.08.1938."}, "geometry": {"type": "MultiLineString", "coordinates": [[[131.8928889, 43.1386392], [131.8930442, 43.1390567], [131.8931105, 43.1394076], [131.893306, 43.1398414], [131.893409, 43.1400383], [131.8934684, 43.140111], [131.8935386, 43.1401634], [131.8936558, 43.1402075], [131.8942727, 43.1403347], [131.8946946, 43.1404036], [131.894985, 43.1404274], [131.8952562, 43.1404225], [131.8953655, 43.1404187], [131.8955804, 43.1404088], [131.8957433, 43.1403856], [131.8959878, 43.1403349], [131.8961617, 43.1403007], [131.8965364, 43.1402099], [131.8965622, 43.1402013], [131.8965768, 43.1401922], [131.896605, 43.1401436], [131.8965818, 43.1399812], [131.8965984, 43.1399351], [131.8966157, 43.1399034], [131.8966739, 43.1398622], [131.8968342, 43.139776], [131.8971131, 43.1396339]], [[131.8971131, 43.1396339], [131.8967274, 43.1395552], [131.8966668, 43.1395515], [131.8965604, 43.1395772], [131.896472, 43.1395999], [131.8963811, 43.1396162], [131.8962976, 43.13963], [131.8962096, 43.1396259], [131.8961492, 43.139618], [131.8957753, 43.1394525]], [[131.8957753, 43.1394525], [131.8956931, 43.1394909], [131.8955743, 43.1395457], [131.8954696, 43.1395955], [131.8953699, 43.1396202], [131.8952813, 43.1396168], [131.8951526, 43.1395782], [131.8950597, 43.1395085], [131.8950516, 43.1394908], [131.8950059, 43.1394411], [131.8949637, 43.1393643], [131.8949229, 43.1392861], [131.8948812, 43.1392351], [131.8947504, 43.1391641], [131.894647, 43.1390857], [131.8945902, 43.1390264], [131.8945102, 43.1389693], [131.8943695, 43.1389028], [131.8941694, 43.1388136], [131.8939, 43.1386737], [131.8938182, 43.1386248], [131.8937788, 43.1386006], [131.893683, 43.1385416]], [[131.8912904, 43.1374191], [131.8916162, 43.1375859], [131.8918927, 43.1377255], [131.8922719, 43.1379358], [131.8924173, 43.1380283], [131.8925389, 43.1381551], [131.8926042, 43.1382173], [131.8927071, 43.1383188], [131.8928889, 43.1386392]]]}}, {"type": "Feature", "properties": {"name": "улица Анисимова", "part": "mainland", "theme": "person", "descr": "Образована 23.07.2002"}, "geometry": {"type": "LineString", "coordinates": [[131.8889832, 43.1359049], [131.8891089, 43.1359971], [131.8893938, 43.1361942], [131.8896785, 43.136396], [131.8898543, 43.13652], [131.8902356, 43.136801], [131.8904329, 43.1369455], [131.8907521, 43.1371137], [131.8912904, 43.1374191]]}}, {"type": "Feature", "properties": {"name": "улица Барклая", "part": "mainland", "theme": "person", "descr": "Постановление главы администрации города Владивостока от 18.04.2006 №643"}, "geometry": {"type": "MultiLineString", "coordinates": [[[131.9326506, 43.1800849], [131.9326459, 43.1801212], [131.9326392, 43.1801603], [131.9326419, 43.1802846], [131.9326678, 43.180322], [131.9327013, 43.1803843], [131.932757, 43.1804841], [131.9328116, 43.1805713], [131.9328498, 43.1806253], [131.9329488, 43.1807248], [131.9330131, 43.1807984], [131.9330657, 43.1808429], [131.9331233, 43.1808772], [131.9331944, 43.1809085], [131.9332905, 43.1809368], [131.9333848, 43.180973], [131.9335082, 43.1810307], [131.933582, 43.1811001], [131.9336611, 43.1812184], [131.9337295, 43.1812977], [131.9337955, 43.1813363], [131.9339683, 43.1813947], [131.9340232, 43.1814257], [131.934059, 43.1814498], [131.9340896, 43.181481], [131.9341164, 43.1815242], [131.9341559, 43.1815959], [131.9341717, 43.1816813], [131.9341801, 43.1817573], [131.9342136, 43.181812], [131.9342667, 43.1818529], [131.9346659, 43.1820424], [131.9352574, 43.1823327], [131.9357712, 43.1825918], [131.9360536, 43.1827421], [131.9364764, 43.1830092], [131.9368073, 43.1832329], [131.9372816, 43.1836151], [131.9373884, 43.1837049], [131.9374758, 43.1837796], [131.9375356, 43.1838407], [131.9375349, 43.1838827], [131.9374333, 43.1840372]], [[131.938872, 43.1840818], [131.9387841, 43.1841551], [131.9386876, 43.1842118], [131.9385476, 43.1842511], [131.9383818, 43.1842666], [131.9381453, 43.184255], [131.93784, 43.1841883], [131.9374333, 43.1840372], [131.9369267, 43.1838202], [131.936553, 43.183672], [131.9363218, 43.1835616], [131.936177, 43.1834725], [131.9361017, 43.1833684], [131.9359451, 43.1832143], [131.935787, 43.1831171], [131.9351467, 43.1827635], [131.9348118, 43.1826198], [131.9346502, 43.1825606], [131.934404, 43.1824705], [131.934144, 43.1823283], [131.9340903, 43.182299], [131.9336936, 43.1820257], [131.9335106, 43.1819027], [131.9334391, 43.1818558], [131.9333538, 43.1818115], [131.9332739, 43.1817906], [131.9331909, 43.1817768], [131.9331052, 43.1817689], [131.9330133, 43.1817708]]]}}, {"type": "Feature", "properties": {"name": "улица Раевского", "part": "mainland", "theme": "person", "descr": "Улица Генерала Раевского образована 18.08.1999."}, "geometry": {"type": "MultiLineString", "coordinates": [[[131.9324868, 43.1796163], [131.9324401, 43.179772], [131.9324336, 43.1798181], [131.9324493, 43.1799004], [131.932554, 43.1800381], [131.9326506, 43.1800849], [131.9328682, 43.1801136], [131.9349338, 43.1806669], [131.9350526, 43.1807043], [131.9351872, 43.1807466], [131.9352801, 43.1807758], [131.9354748, 43.180837], [131.9360214, 43.1810649], [131.936632, 43.1813177], [131.9376244, 43.1816884], [131.9377421, 43.181726], [131.9377716, 43.1817392], [131.9377917, 43.1817504], [131.9377984, 43.1817798], [131.9377984, 43.1818003], [131.937787, 43.1818208], [131.9377689, 43.1818424], [131.9377488, 43.1818512], [131.93773, 43.1818521], [131.9377072, 43.1818512], [131.9376764, 43.1818365], [131.9376563, 43.1818072], [131.9376244, 43.1816884]], [[131.9326419, 43.1802846], [131.9323656, 43.1803079], [131.9319619, 43.1803178], [131.9317846, 43.1803284], [131.931679, 43.180351], [131.9315569, 43.1803862], [131.9313611, 43.1804537], [131.931132, 43.1805229], [131.9311055, 43.1805214], [131.9310865, 43.1805271]], [[131.9386087, 43.1812995], [131.9385404, 43.1814315], [131.938527, 43.1815724], [131.9386009, 43.1819417], [131.9386459, 43.1820902], [131.9386859, 43.1822371], [131.9387575, 43.1824476], [131.9388378, 43.1827], [131.9388428, 43.182878], [131.938872, 43.1840818]]]}}, {"type": "Feature", "properties": {"name": "Брестский переулок", "part": "mainland", "theme": "place", "descr": "Образован 21.11.1968"}, "geometry": {"type": "MultiLineString", "coordinates": [[[131.9618763, 43.101623], [131.9619189, 43.10156], [131.9619492, 43.1015181], [131.9620112, 43.1014635], [131.9621307, 43.1013964], [131.9622186, 43.1013589], [131.9623773, 43.1013085], [131.9624889, 43.1012643], [131.9626472, 43.1011841], [131.9627266, 43.1011451]], [[131.9627266, 43.1011451], [131.9627904, 43.1011183], [131.96292, 43.1010961], [131.9629656, 43.1010944], [131.9630093, 43.1010964], [131.9631154, 43.1011033], [131.9636121, 43.1011892], [131.9640453, 43.1012859], [131.9643517, 43.1013826], [131.9647434, 43.1015095], [131.9648249, 43.1015487], [131.964915, 43.101591], [131.9650062, 43.1016167], [131.965106, 43.1016532], [131.96518, 43.1016887], [131.965254, 43.1017445], [131.9652857, 43.1017779], [131.965334, 43.1018277], [131.9653706, 43.1018758], [131.9653787, 43.1018951], [131.9653815, 43.1019153], [131.9654513, 43.1019606], [131.9655352, 43.1019709]]]}}, {"type": "Feature", "properties": {"name": "Брестская улица", "part": "mainland", "theme": "place", "descr": "Упомянута в списках 1963, 1964 и 1968 гг."}, "geometry": {"type": "LineString", "coordinates": [[131.9618763, 43.101623], [131.9622452, 43.1016089], [131.9624648, 43.1016193], [131.9627594, 43.1016222], [131.9629652, 43.1016512], [131.9632454, 43.1017361], [131.9635129, 43.1017824], [131.9636609, 43.1018176], [131.9636863, 43.1018236], [131.9639287, 43.1018811], [131.9643183, 43.1020201], [131.964631, 43.1021464]]}}, {"type": "Feature", "properties": {"name": "Брянская улица", "part": "mainland", "theme": "place", "descr": "Изначально — ул. Казатинская(?). Переименована в ул. Брянскую не позже 1924 года."}, "geometry": {"type": "MultiLineString", "coordinates": [[[131.8999718, 43.098136], [131.900119, 43.0981425], [131.9004725, 43.0981596], [131.9008136, 43.0981771], [131.9013944, 43.0981985], [131.9015281, 43.0982034], [131.9018055, 43.0982172], [131.9020769, 43.0982274], [131.902131, 43.0982237], [131.9021395, 43.0982227], [131.9024538, 43.0981667], [131.9025499, 43.0981485], [131.902946, 43.0980774], [131.9034032, 43.0979889], [131.9034775, 43.0979712], [131.9035637, 43.0979441]], [[131.8980684, 43.0983995], [131.8984533, 43.0982474], [131.8986229, 43.0981888]], [[131.897597, 43.0986368], [131.8976562, 43.0985676], [131.8977213, 43.0985352], [131.8978094, 43.0985094], [131.8978562, 43.0984915], [131.8980684, 43.0983995]], [[131.8986229, 43.0981888], [131.8986295, 43.0981875], [131.8988864, 43.0981525], [131.8990543, 43.098139], [131.8992319, 43.0981261], [131.8993464, 43.0981273], [131.8996442, 43.0981306], [131.8999718, 43.098136]]]}}, {"type": "Feature", "properties": {"name": "улица Глинки", "part": "mainland", "theme": "person", "descr": "Отмечена без названия на плане 1912 г. Как ул. Глинки впервые упоминается в справочнике 1924 г."}, "geometry": {"type": "MultiLineString", "coordinates": [[[131.9552868, 43.2179324], [131.9552287, 43.2178982], [131.9544006, 43.2174312], [131.9541226, 43.2172729], [131.9536662, 43.2170128], [131.9532908, 43.216799], [131.9532431, 43.2167718], [131.953214, 43.216754], [131.9528297, 43.2165191], [131.9526836, 43.2164306], [131.9523545, 43.2162388], [131.9521463, 43.2161117], [131.9515644, 43.2157731], [131.9515306, 43.2157534], [131.9510534, 43.2154884], [131.9508389, 43.2153684], [131.9507572, 43.2153231], [131.9506351, 43.2152512], [131.9505235, 43.2151917], [131.9501912, 43.2149904], [131.9500396, 43.214906], [131.9499258, 43.2148449], [131.949523, 43.2146343], [131.949409, 43.2145585], [131.949342, 43.2145043], [131.949274, 43.2144267], [131.9491851, 43.2143273], [131.9490529, 43.2142194], [131.9488974, 43.2141324]], [[131.9441324, 43.2113717], [131.9441606, 43.2113776], [131.9442451, 43.2114171], [131.9442826, 43.2114474], [131.9443821, 43.2115603], [131.9444825, 43.2116585], [131.9446434, 43.2117837], [131.9447817, 43.2118616], [131.9455389, 43.2122439], [131.9458839, 43.212402], [131.9460258, 43.2124862], [131.9461143, 43.2125208], [131.9463595, 43.2125999], [131.9464701, 43.2126403], [131.9466535, 43.2127279]], [[131.9458812, 43.2114777], [131.9459889, 43.2115415], [131.9460921, 43.2116012], [131.9471302, 43.2122935], [131.9472792, 43.2123266], [131.947339, 43.2123417], [131.9474024, 43.2123408], [131.9474477, 43.2123212], [131.9474838, 43.2122826], [131.9475322, 43.2121443], [131.9476486, 43.2119481]], [[131.9466535, 43.2127279], [131.9466165, 43.2128175], [131.9466193, 43.2128694], [131.9466309, 43.2129145], [131.9466829, 43.212985], [131.9467704, 43.2130713], [131.9471986, 43.2133591]], [[131.9439201, 43.2100909], [131.9439315, 43.2101402], [131.9439475, 43.2101912], [131.9439844, 43.210238], [131.9440641, 43.2103771], [131.9441138, 43.21043], [131.9441177, 43.2104543], [131.9440976, 43.2106127], [131.9440999, 43.2107142], [131.9441244, 43.2112128], [131.9441244, 43.211291], [131.9441324, 43.2113717]]]}}, {"type": "Feature", "properties": {"name": "улица Полетаева", "part": "mainland", "theme": "person", "descr": "упоминается в справочнике 1924 г."}, "geometry": {"type": "MultiLineString", "coordinates": [[[131.9500396, 43.214906], [131.9503263, 43.2145908], [131.9504876, 43.2144136], [131.9509085, 43.213951], [131.9510475, 43.2137982], [131.9513019, 43.2135186]], [[131.9580377, 43.1996076], [131.9584093, 43.1999992], [131.9585842, 43.2000944], [131.9586601, 43.2001134], [131.958836, 43.2001335], [131.9590076, 43.2001532], [131.9592762, 43.2001911], [131.9594854, 43.2002381], [131.9597617, 43.200322], [131.9600205, 43.2004287], [131.9601774, 43.2005197], [131.9603347, 43.2007413], [131.9606239, 43.2010255], [131.9606829, 43.2011185], [131.960789, 43.2013179], [131.960835, 43.2014044], [131.9609864, 43.2017141], [131.9611402, 43.2020285], [131.9614394, 43.2029602], [131.9614557, 43.2031879], [131.9613886, 43.2036399], [131.9612789, 43.2040046], [131.9611657, 43.2041907], [131.9610582, 43.2043368], [131.9609177, 43.2044971], [131.9607058, 43.2047339], [131.9606335, 43.2048562], [131.9603801, 43.205451], [131.9602701, 43.2056305], [131.9602077, 43.2057509], [131.9601828, 43.2058109], [131.9600502, 43.2060587], [131.9599391, 43.2062417], [131.9598481, 43.2063918], [131.959783, 43.2065109], [131.9595172, 43.2069353], [131.9592366, 43.2073585], [131.9592018, 43.2074153], [131.9591868, 43.207435], [131.9591316, 43.2074941], [131.959046, 43.2075475], [131.9588624, 43.2076087], [131.9586868, 43.2076471], [131.9579988, 43.2077394], [131.9578185, 43.2077863], [131.9576159, 43.2078444], [131.9573101, 43.2079383], [131.9571264, 43.2079979], [131.9569664, 43.2080657], [131.956756, 43.2081936], [131.9565782, 43.2083343], [131.9564559, 43.2084642], [131.956358, 43.2086059], [131.9562627, 43.2087584], [131.9562239, 43.2088606], [131.9561386, 43.2090652], [131.9560614, 43.2091547], [131.9559546, 43.2092624], [131.9558578, 43.2093419], [131.9557625, 43.2094224], [131.9556584, 43.2095009], [131.9554747, 43.2096226], [131.9552204, 43.2097921], [131.9549175, 43.2100064], [131.9548183, 43.2100996], [131.9546135, 43.2102793], [131.9543329, 43.2105165], [131.954129, 43.2106342], [131.9539708, 43.2107065], [131.9538759, 43.2107635], [131.9537804, 43.2108424], [131.9536808, 43.2109393], [131.9534209, 43.2111972], [131.9533275, 43.2113007], [131.9532154, 43.2114252], [131.9530542, 43.2115994], [131.9528086, 43.2118822], [131.9526827, 43.2120065], [131.9526214, 43.2120588]], [[131.950664, 43.2007854], [131.9509191, 43.2008132], [131.9510873, 43.2008236], [131.9512336, 43.2008246], [131.9513681, 43.2008134], [131.9515504, 43.2007852], [131.9517175, 43.2007248], [131.9520788, 43.2004905], [131.952775, 43.200039], [131.952973, 43.199959], [131.9543681, 43.1995585], [131.9545727, 43.1995006], [131.9556743, 43.1991284], [131.9557196, 43.1991128], [131.9559259, 43.1990785], [131.9564146, 43.1990208], [131.9566769, 43.1990426], [131.9568756, 43.1990603], [131.9574442, 43.1991539], [131.9576213, 43.199193], [131.9576987, 43.1992259], [131.9579408, 43.1994902], [131.9580377, 43.1996076]], [[131.9558751, 43.2000947], [131.9559315, 43.2000533], [131.955981, 43.200011], [131.9565541, 43.1993179], [131.9566224, 43.1991931], [131.9566769, 43.1990426]], [[131.9513019, 43.2135186], [131.9513999, 43.2134108], [131.9514664, 43.2133377], [131.9514804, 43.2133224], [131.9521339, 43.2126041], [131.9522463, 43.2124806], [131.9524229, 43.2122865], [131.9524702, 43.2122345], [131.9525162, 43.2121839]]]}}, {"type": "Feature", "properties": {"name": "улица Аренского", "part": "mainland", "theme": "person", "descr": "Упомянута в справочнике 1924 г."}, "geometry": {"type": "MultiLineString", "coordinates": [[[131.9436978, 43.2091632], [131.9438392, 43.2092235], [131.9444068, 43.2094792], [131.9443417, 43.2095492], [131.9442357, 43.2096704], [131.9440895, 43.2098408], [131.9440124, 43.2099265], [131.9439548, 43.210012], [131.9439274, 43.2100571], [131.9439201, 43.2100909]], [[131.9395321, 43.2042741], [131.9396014, 43.2043277], [131.9399039, 43.2045277], [131.9402878, 43.2047332], [131.9405987, 43.2049217], [131.9408634, 43.2050946], [131.9413604, 43.2054437], [131.9415995, 43.2056524], [131.9418951, 43.2058885]], [[131.9390601, 43.2044613], [131.9397582, 43.2051676], [131.9399858, 43.2053977], [131.9402625, 43.2056026], [131.940596, 43.2057741], [131.9409606, 43.205965], [131.94107, 43.2060067]], [[131.9475256, 43.2110786], [131.9474251, 43.2110179], [131.9471617, 43.2108411], [131.9469845, 43.2107347], [131.9468355, 43.2106374], [131.9461574, 43.2102489], [131.9460511, 43.2101863]], [[131.9454947, 43.2082234], [131.9451664, 43.2086284], [131.9450632, 43.20875], [131.9444068, 43.2094792], [131.9448572, 43.2097202], [131.9451193, 43.2098278], [131.9453779, 43.2099229], [131.9456439, 43.2100184], [131.9459263, 43.2101422], [131.9460511, 43.2101863]], [[131.9431305, 43.2081983], [131.9431097, 43.2080972], [131.9430274, 43.2078219], [131.9429399, 43.2078321], [131.9427584, 43.2078571]], [[131.9428776, 43.2074258], [131.9428656, 43.2073724], [131.9427914, 43.2070762], [131.9426635, 43.2065335]], [[131.9476504, 43.21115], [131.9475256, 43.2110786]], [[131.9485614, 43.2116402], [131.9484912, 43.2115913], [131.9481339, 43.2113999], [131.9480029, 43.2113247]], [[131.9460511, 43.2101863], [131.9467676, 43.2093537], [131.9469135, 43.2091985], [131.9473523, 43.2086923]], [[131.9459406, 43.2080287], [131.9458189, 43.208081], [131.9456845, 43.2081236], [131.9455567, 43.2081758], [131.9454947, 43.2082234]], [[131.9478392, 43.2112377], [131.9476504, 43.21115]], [[131.9480029, 43.2113247], [131.9478392, 43.2112377]]]}}, {"type": "Feature", "properties": {"name": "улица Чайковского", "part": "mainland", "theme": "person"}, "geometry": {"type": "MultiLineString", "coordinates": [[[131.9473523, 43.2086923], [131.9474071, 43.2085962], [131.9474116, 43.2085135], [131.9473989, 43.2084627], [131.9473755, 43.2084391], [131.9473457, 43.2084143], [131.9472934, 43.2083869], [131.9468773, 43.2082095], [131.946423, 43.2080409], [131.9463429, 43.2080109], [131.9462745, 43.2079959], [131.9462062, 43.2079956], [131.9461049, 43.2080003], [131.9460583, 43.2080054], [131.9459406, 43.2080287]], [[131.9549266, 43.2139446], [131.9549209, 43.2140189], [131.9548235, 43.2154454], [131.9548191, 43.2155101], [131.954752, 43.2155677], [131.9544665, 43.2157832], [131.9541572, 43.2160295], [131.9540507, 43.216113], [131.9537867, 43.2163282], [131.9536412, 43.2164619], [131.9532431, 43.2167718], [131.9530153, 43.2169535], [131.9526901, 43.2172405], [131.9526203, 43.2172971], [131.9524873, 43.2173615], [131.9522106, 43.2177312], [131.9521877, 43.2177693], [131.9521406, 43.2178019]], [[131.9536808, 43.2109393], [131.9531351, 43.2107066], [131.9527938, 43.2105668], [131.9524529, 43.2104231], [131.9520151, 43.2102424], [131.9518787, 43.210163], [131.9517771, 43.2100634], [131.9517851, 43.2100008], [131.9520158, 43.2097682], [131.9522974, 43.2095121]], [[131.9543052, 43.2109235], [131.9542336, 43.2109176], [131.9541042, 43.2109157], [131.954007, 43.2109196], [131.953841, 43.2109314], [131.953724, 43.2109372], [131.9536808, 43.2109393]], [[131.9550057, 43.2137979], [131.9550125, 43.2136916], [131.9550119, 43.2136831], [131.9549736, 43.2134962], [131.9548715, 43.2131511], [131.9548247, 43.2129554], [131.9546482, 43.2123977], [131.9545157, 43.2119913], [131.9544425, 43.2117381], [131.9544242, 43.2116764]], [[131.9543329, 43.2105165], [131.9543224, 43.2107556], [131.9543052, 43.2109235]], [[131.9544242, 43.2116764], [131.9543373, 43.2113833], [131.9543141, 43.2112089], [131.9543024, 43.211092], [131.9543052, 43.2109235]]]}}, {"type": "Feature", "properties": {"name": "улица Брюллова", "part": "mainland", "theme": "person"}, "geometry": {"type": "MultiLineString", "coordinates": [[[131.9513019, 43.2135186], [131.9514102, 43.2135802], [131.9517942, 43.2138509], [131.9519607, 43.213978], [131.9525688, 43.2144083], [131.9528683, 43.2146056]], [[131.9528683, 43.2146056], [131.9528483, 43.2146474], [131.9528283, 43.2146788], [131.9528139, 43.2147386], [131.9528401, 43.2148426], [131.9528878, 43.2150356], [131.9529434, 43.215177], [131.9530011, 43.2152422]], [[131.9527722, 43.2153256], [131.9528738, 43.2153052], [131.9529113, 43.2152925], [131.9530011, 43.2152422]], [[131.9521463, 43.2161117], [131.9522354, 43.2161028], [131.9523052, 43.2160823], [131.9523695, 43.2160412], [131.9525084, 43.2158199]]]}}, {"type": "Feature", "properties": {"name": "улица Горького", "part": "mainland", "theme": "person", "descr": "Упомянута в справочнике 1924 г."}, "geometry": {"type": "MultiLineString", "coordinates": [[[131.94944, 43.2075565], [131.949403, 43.2075531], [131.9493453, 43.2075375], [131.9492769, 43.2074974], [131.9491216, 43.2074063], [131.9486901, 43.2071543], [131.9485876, 43.2071152], [131.9484037, 43.207062], [131.9483471, 43.2070407], [131.948314, 43.2070282], [131.9482038, 43.2069666], [131.9478563, 43.2066406], [131.9477904, 43.2065702], [131.9475979, 43.2064261], [131.9475252, 43.2063905], [131.9472403, 43.2063188]], [[131.9460475, 43.2033351], [131.9460797, 43.2033537], [131.9460891, 43.2034006], [131.9461085, 43.2034856], [131.9462395, 43.2040556], [131.9463681, 43.2047213]]]}}, {"type": "Feature", "properties": {"name": "улица Гамарника", "part": "mainland", "theme": "person", "descr": "Образована 30.09.1964"}, "geometry": {"type": "MultiLineString", "coordinates": [[[131.9195913, 43.1582114], [131.9195581, 43.1581829], [131.9191847, 43.1581323], [131.9191185, 43.1581254], [131.9190489, 43.1581201], [131.9187694, 43.1581071], [131.9182819, 43.1580845], [131.9182537, 43.1580832], [131.9181427, 43.1580883], [131.9180564, 43.1581094], [131.9179753, 43.1581444], [131.917922, 43.1581878], [131.9178907, 43.1582251], [131.9178608, 43.1582758], [131.9176521, 43.158868], [131.9175639, 43.1591299], [131.9174992, 43.1593167], [131.9174811, 43.1593678], [131.9174747, 43.1593859], [131.917444, 43.1594725], [131.9174039, 43.1595679], [131.917252, 43.159931], [131.9172097, 43.1600273], [131.9171079, 43.16024], [131.9170763, 43.1603059]], [[131.9170763, 43.1603059], [131.91706, 43.1603354], [131.9170314, 43.1603876], [131.9168269, 43.1607598], [131.9166971, 43.1609962], [131.9164919, 43.1613696], [131.9164489, 43.1614478], [131.9164147, 43.161507], [131.9164047, 43.161522], [131.9163594, 43.1616027], [131.9163239, 43.1616642], [131.9160175, 43.1621308], [131.9159582, 43.1622145], [131.9158759, 43.16234], [131.9157124, 43.1625932], [131.915627, 43.1627271], [131.915584, 43.1627946], [131.9154673, 43.1629777], [131.9154061, 43.1630736], [131.9152594, 43.1633037], [131.9152048, 43.1633893]], [[131.9175639, 43.1591299], [131.917684, 43.1591498], [131.9179542, 43.1591857], [131.9181572, 43.159218], [131.9192451, 43.1594114], [131.91969, 43.1594327], [131.9197351, 43.1594391], [131.9197659, 43.1594465], [131.9198654, 43.1594786], [131.9200325, 43.1595315], [131.9200979, 43.1595525], [131.9203808, 43.1596392], [131.9203975, 43.1596411], [131.9205464, 43.1596323]], [[131.9135798, 43.1637104], [131.9136703, 43.163667], [131.9136893, 43.1636562], [131.9138158, 43.1636043], [131.9138825, 43.1635869], [131.9139518, 43.1635689], [131.9140471, 43.16355], [131.9142173, 43.163516], [131.9142425, 43.163511], [131.9150236, 43.1633553], [131.9151281, 43.1633617], [131.9152048, 43.1633893]], [[131.9235027, 43.1587514], [131.9232909, 43.158716], [131.9230925, 43.158653], [131.9226199, 43.1585151], [131.9223795, 43.1584376], [131.9222182, 43.1583932], [131.9221544, 43.1583777], [131.9220507, 43.158359]], [[131.9205464, 43.1596323], [131.9206344, 43.1594964]], [[131.9206344, 43.1594964], [131.9212647, 43.1597256], [131.9213209, 43.1597462], [131.9217199, 43.1599038], [131.9218562, 43.1599747], [131.9221664, 43.1601284], [131.9223158, 43.1602024], [131.9224815, 43.1602705], [131.9226026, 43.1603103], [131.9226643, 43.1603322]]]}}, {"type": "Feature", "properties": {"name": "улица Субботича", "part": "mainland", "theme": "person", "descr": "Постановление администрации г. Владивостока от 15.08.2023 N 2056"}, "geometry": {"type": "LineString", "coordinates": [[131.851467, 43.0572462], [131.8514836, 43.0570846], [131.8521608, 43.056985], [131.852185, 43.0569605], [131.852191, 43.0569232], [131.8521769, 43.0568827], [131.8521072, 43.0568211], [131.851643, 43.0566195], [131.8513067, 43.0564726], [131.851228, 43.0564343], [131.8509977, 43.0563249], [131.8506595, 43.0561688], [131.8503857, 43.056027], [131.8501458, 43.0558973], [131.8501036, 43.0558772], [131.8496202, 43.0556529]]}}, {"type": "Feature", "properties": {"name": "улица Кочубея", "part": "mainland", "theme": "person"}, "geometry": {"type": "MultiLineString", "coordinates": [[[131.9620439, 43.1039166], [131.9620553, 43.103903], [131.9620766, 43.103891], [131.9621706, 43.1038811], [131.9622029, 43.1038778], [131.9622147, 43.1038766], [131.9622883, 43.1038773], [131.9623663, 43.1038786], [131.9624309, 43.1038876], [131.9624898, 43.1038994], [131.962557, 43.1039194], [131.9626416, 43.103958], [131.9630135, 43.1041701], [131.9630485, 43.1041883], [131.9632992, 43.1043187], [131.963332, 43.1043364], [131.9633474, 43.1043472], [131.9633565, 43.1043581], [131.9633619, 43.1043708], [131.9633669, 43.1043826], [131.9633004, 43.1045692], [131.963277, 43.1046349], [131.9632015, 43.1048366], [131.96322, 43.1049287]], [[131.961494, 43.1020997], [131.9614586, 43.1021022], [131.9613348, 43.1021296], [131.9612566, 43.1021458], [131.9611669, 43.1021636], [131.9611172, 43.1021755], [131.9608892, 43.1022302]], [[131.9617149, 43.1021], [131.9615079, 43.1020987], [131.961494, 43.1020997]]]}}, {"type": "Feature", "properties": {"name": "Братская улица", "part": "mainland", "theme": "place", "descr": "Изначально — улица Ермакская (Ермаковская). Впервые упомянута в списке 1883 года. Переименована в Буденновскую в период с 1929 по 1936 гг. Переименована в Братскую 19.11.1957."}, "geometry": {"type": "MultiLineString", "coordinates": [[[131.9213621, 43.1186697], [131.9214074, 43.1186203], [131.9214414, 43.1185734], [131.9214685, 43.1185097], [131.92149, 43.1184195], [131.9214911, 43.1183655], [131.9214919, 43.1183222], [131.9214943, 43.1182092], [131.9214846, 43.1180535], [131.9214428, 43.1177771]], [[131.9214428, 43.1177771], [131.9214257, 43.1177393], [131.921594, 43.1176092], [131.9217473, 43.1174512], [131.9217848, 43.1174106], [131.9218163, 43.1173744], [131.9218593, 43.1173156], [131.9218871, 43.1172689], [131.9219059, 43.1172292], [131.9219083, 43.1171812], [131.9219144, 43.117147], [131.9219442, 43.1170462], [131.921972, 43.1169765], [131.9220007, 43.1169184], [131.9220822, 43.1168202], [131.9222332, 43.116553], [131.9223625, 43.116367]], [[131.9223625, 43.116367], [131.9224563, 43.1161939], [131.9227088, 43.1156992], [131.9227291, 43.1156811], [131.9228497, 43.1156587], [131.9229628, 43.1156183], [131.9230085, 43.1156068], [131.923059, 43.1155894]], [[131.9209422, 43.1181704], [131.9208913, 43.1181694], [131.9208752, 43.1181646], [131.9208612, 43.1181523], [131.9208459, 43.1181311], [131.9208889, 43.1180899], [131.9209967, 43.1179991], [131.921058, 43.1179609], [131.921224, 43.1178671], [131.9214428, 43.1177771]]]}}, {"type": "Feature", "properties": {"name": "Могилёвская улица", "part": "mainland", "theme": "place", "descr": "https://t.me/vvtopo/177"}, "geometry": {"type": "LineString", "coordinates": [[131.9077583, 43.0962321], [131.90766, 43.0964536], [131.9076209, 43.0965126], [131.9075891, 43.0965315], [131.9075532, 43.0965518], [131.9075194, 43.0965675], [131.9074878, 43.0965761], [131.9074499, 43.0965805], [131.9070971, 43.0965405], [131.9068326, 43.0965156], [131.9065748, 43.0964842], [131.9064622, 43.0964676], [131.9063607, 43.0964557], [131.9062749, 43.0964397], [131.9061689, 43.0964218], [131.9061324, 43.096419], [131.9061003, 43.0964279], [131.9060739, 43.0964373], [131.9060589, 43.0964452]]}}, {"type": "Feature", "properties": {"name": "улица Пшеницына", "part": "mainland", "theme": "person"}, "geometry": {"type": "MultiLineString", "coordinates": [[[132.0888443, 43.3111463], [132.0890018, 43.3111076], [132.0890772, 43.3110906], [132.0892781, 43.3110449], [132.089355, 43.3110262], [132.0894143, 43.3110121], [132.0897425, 43.3109347], [132.0901225, 43.3108327], [132.0903136, 43.3107835], [132.0920149, 43.3103106], [132.092326, 43.3102638], [132.0924764, 43.3102441], [132.0926291, 43.3102433], [132.092824, 43.3102627], [132.0933345, 43.3103418], [132.0938281, 43.3103653], [132.0941741, 43.3103449], [132.0944919, 43.3103174], [132.0946933, 43.3102767], [132.0948795, 43.3102169], [132.0990852, 43.3087942], [132.1005765, 43.3083979], [132.1008662, 43.3083042], [132.1010486, 43.3081871], [132.1014214, 43.3078456], [132.1029368, 43.3063915], [132.1030763, 43.3062743]], [[132.0841764, 43.3121744], [132.0844364, 43.3121643], [132.0846689, 43.3121315], [132.0849215, 43.3121012], [132.085106, 43.3120749], [132.0853144, 43.3120403], [132.0861437, 43.3118643], [132.0862433, 43.3118448], [132.086718, 43.3117548], [132.0870738, 43.3116885], [132.0875266, 43.3115621], [132.0876471, 43.3115362], [132.0879735, 43.3114168], [132.0880792, 43.31138], [132.0882298, 43.3113504], [132.088385, 43.3113516], [132.0885041, 43.3113622], [132.0886221, 43.3113719]], [[132.0770169, 43.3138127], [132.0770416, 43.3137813], [132.0770548, 43.3137735], [132.0771448, 43.3137195], [132.0772753, 43.313679], [132.0774509, 43.3136428], [132.0775274, 43.3136273], [132.0777267, 43.3136229], [132.0778321, 43.3136054], [132.0779257, 43.3135833], [132.0780248, 43.3135403], [132.0780893, 43.3134943], [132.0781841, 43.313457], [132.0783616, 43.3133906], [132.0784673, 43.3133374], [132.0785705, 43.3132696], [132.078629, 43.3131907], [132.0788767, 43.3129834], [132.0789921, 43.3128773], [132.079071, 43.3127686], [132.0791388, 43.3126589], [132.0793135, 43.3123778], [132.0793565, 43.3123242]], [[132.0848145, 43.3133037], [132.0849004, 43.3133471], [132.0849679, 43.3133674], [132.0850591, 43.3133741], [132.0851693, 43.3133603], [132.0852886, 43.313319], [132.0854615, 43.313248], [132.0857561, 43.3131024], [132.0858062, 43.3130737]], [[132.0858062, 43.3130737], [132.0860862, 43.3128726], [132.0862017, 43.3128213], [132.086495, 43.3127812], [132.0866274, 43.312767], [132.0868768, 43.3127193], [132.0871306, 43.3126826], [132.0872921, 43.3126623], [132.0873786, 43.3126584], [132.0874218, 43.312654], [132.0874683, 43.3126467], [132.0875348, 43.3126306], [132.0875971, 43.3125895]]]}}, {"type": "Feature", "properties": {"name": "Порт-Артурская улица", "part": "mainland", "theme": "place", "descr": "Прежнее название Восточная. Переименована в рамках устранения дублей при присоединении Трудового"}, "geometry": {"type": "MultiLineString", "coordinates": [[[132.088787, 43.2976873], [132.0887388, 43.2976951], [132.0887091, 43.2976999], [132.088678, 43.2977064], [132.0885747, 43.2977313], [132.0885268, 43.2977454], [132.0885089, 43.2977507], [132.0884297, 43.297783], [132.0883366, 43.2978235], [132.0883143, 43.2978349], [132.0882075, 43.2978913], [132.0873417, 43.2984005], [132.0855333, 43.2994649], [132.0843765, 43.3001177], [132.0840313, 43.3003288], [132.0832323, 43.3008496], [132.0831675, 43.3008899], [132.0829711, 43.3010147], [132.0829287, 43.301045], [132.0827573, 43.3011544], [132.0825362, 43.3012843], [132.0825296, 43.3012882], [132.0823403, 43.3013989], [132.0816785, 43.3018071], [132.0812586, 43.3020726], [132.0807449, 43.3023981], [132.0802377, 43.3027157], [132.0798039, 43.3030047], [132.0794105, 43.3032743], [132.0791034, 43.3034992], [132.0789849, 43.3035876], [132.0788258, 43.3037197], [132.0780029, 43.3043466], [132.0776247, 43.3046288], [132.077287, 43.3048808], [132.0771371, 43.3049884], [132.0770026, 43.3050852], [132.0765873, 43.3053844], [132.0763631, 43.3055458], [132.075749, 43.305966], [132.0754481, 43.3061731], [132.0752748, 43.3062925], [132.0747639, 43.3066444], [132.0745577, 43.3067864], [132.0743771, 43.3069108], [132.0741538, 43.3070646], [132.0741188, 43.3070887], [132.0740556, 43.3071323]], [[132.0895926, 43.2995953], [132.0895881, 43.2993475], [132.089623, 43.2991127], [132.0896418, 43.2989897], [132.0897303, 43.2986657], [132.0897678, 43.2984783], [132.0897974, 43.298287], [132.0897745, 43.2981445], [132.0897128, 43.298045], [132.0896779, 43.2980025], [132.0896362, 43.2979604], [132.0895036, 43.2978693], [132.0893856, 43.2978088], [132.0892763, 43.2977721], [132.0890852, 43.2977399], [132.0889236, 43.2977243], [132.0888636, 43.2977115], [132.088787, 43.2976873]], [[132.0740556, 43.3071323], [132.0739694, 43.3072015], [132.0737312, 43.3073918], [132.0733057, 43.3076867], [132.0729969, 43.3078701], [132.0728343, 43.3079625], [132.072625, 43.3080962], [132.0725431, 43.3081216], [132.0724475, 43.3081374], [132.0722197, 43.3080738], [132.0719655, 43.3080002], [132.071628, 43.3079106], [132.071272, 43.3078074], [132.0710478, 43.3077614], [132.0708623, 43.3077112], [132.0706583, 43.3076556], [132.0704038, 43.3075835]]]}}, {"type": "Feature", "properties": {"name": "Барбарисовая улица", "part": "mainland", "theme": "tree", "descr": "Образована 23.08.1994"}, "geometry": {"type": "MultiLineString", "coordinates": [[[131.9721612, 43.2180626], [131.9710211, 43.2180727], [131.9707373, 43.2180736], [131.9705511, 43.2180809], [131.9703743, 43.2181212], [131.9698898, 43.2183555]], [[131.9675539, 43.2217577], [131.9672501, 43.2216423], [131.9670887, 43.221581], [131.9668356, 43.2214861], [131.966609, 43.2213832], [131.9665128, 43.2213256], [131.9664199, 43.2212379], [131.9663413, 43.2211313], [131.9663196, 43.2210133], [131.9663318, 43.2209128], [131.9663755, 43.2208237], [131.9664006, 43.2207193], [131.9664803, 43.2206286], [131.9666071, 43.2205307], [131.9669373, 43.2203306], [131.9672508, 43.2201577], [131.9675675, 43.2200153], [131.9679389, 43.2198556], [131.9686323, 43.2195923], [131.9688084, 43.2195187], [131.968971, 43.2194375], [131.9691812, 43.2193136], [131.9693114, 43.2192118], [131.9695202, 43.2189997], [131.9695294, 43.2189893], [131.9695872, 43.2189211], [131.9696866, 43.2188004], [131.9697974, 43.2186145], [131.9698593, 43.2184782], [131.9698898, 43.2183555], [131.9699194, 43.2181881], [131.9699251, 43.2180107], [131.9698882, 43.2177404], [131.9698579, 43.217586]], [[131.9730448, 43.2181972], [131.9727625, 43.2181548], [131.9721612, 43.2180626]]]}}, {"type": "Feature", "properties": {"name": "улица Шошина", "part": "mainland", "theme": "person", "descr": "Переименована в ул. Шошина из Штилевой в 1979 г."}, "geometry": {"type": "MultiLineString", "coordinates": [[[131.919349, 43.1551163], [131.9193615, 43.1550739], [131.9193953, 43.1549677], [131.9194333, 43.1548381], [131.9194722, 43.1547834], [131.9195185, 43.1547491], [131.9195584, 43.1547252], [131.9196392, 43.1547066], [131.919686, 43.1546888], [131.9197423, 43.1546471], [131.9197572, 43.1546225], [131.9197664, 43.1545825], [131.9197711, 43.1540283], [131.9197918, 43.1539654], [131.9198202, 43.1539172], [131.9198746, 43.1538593], [131.9201238, 43.1536756], [131.9202207, 43.1536064], [131.9205124, 43.1533995], [131.9205679, 43.1533638], [131.9206136, 43.1533459], [131.9206974, 43.1533403], [131.9207999, 43.1533359], [131.9209342, 43.1533397], [131.9210702, 43.1533418], [131.9211754, 43.1533501], [131.9212543, 43.15336], [131.9213357, 43.1533867], [131.9213706, 43.1534062], [131.9214852, 43.1535076], [131.9215249, 43.1535289], [131.9215979, 43.1535438], [131.9216744, 43.1535399], [131.9217307, 43.1535428], [131.9217923, 43.1535496], [131.9218567, 43.1535633], [131.9219286, 43.1535838], [131.9219951, 43.1536039], [131.922082, 43.1536123], [131.9221594, 43.1536199], [131.9221692, 43.1536915], [131.9221894, 43.1537665], [131.9221985, 43.1537839], [131.9222484, 43.153905], [131.9222738, 43.1539576], [131.9222979, 43.1539948], [131.9223258, 43.154018], [131.9223395, 43.153986], [131.9223489, 43.1539508], [131.9223566, 43.1538974], [131.9223649, 43.1537868], [131.922366, 43.1537644], [131.9223671, 43.1537428], [131.9223905, 43.1534009], [131.9224023, 43.1533314], [131.922432, 43.1532728], [131.9224698, 43.1532029], [131.9225259, 43.1531573], [131.9226047, 43.1530977], [131.9228726, 43.1529035], [131.9230639, 43.1528076], [131.9234239, 43.1526747], [131.9239732, 43.1524612], [131.9243183, 43.1522951], [131.924423, 43.1522457], [131.9245611, 43.1521731], [131.9246992, 43.1521041], [131.9247907, 43.152038], [131.9248554, 43.1519872], [131.9249213, 43.1519171], [131.9249546, 43.1518806], [131.9249891, 43.1518433], [131.9250336, 43.1517803], [131.9250955, 43.1517142], [131.9251598, 43.1516565], [131.9252223, 43.151606], [131.9253289, 43.1515316], [131.925379, 43.1514967], [131.9254965, 43.1514334], [131.9255419, 43.151416], [131.9258358, 43.1513121], [131.9260477, 43.1512739], [131.9262099, 43.1512469], [131.9263346, 43.1512103], [131.9264885, 43.1511759], [131.9267469, 43.1511591], [131.9270512, 43.1511593], [131.9271441, 43.1511426], [131.9272433, 43.1510995], [131.9272815, 43.1510939], [131.9276899, 43.1510446], [131.927759, 43.1510357], [131.9280066, 43.1510084], [131.9281551, 43.1509933], [131.9283667, 43.1509702], [131.9285572, 43.1509509], [131.9290744, 43.1508933], [131.9292413, 43.1508722], [131.9296243, 43.1508296], [131.9300477, 43.1507821], [131.9302731, 43.1507575]], [[131.925775, 43.1538941], [131.925705, 43.1537764], [131.9256222, 43.1535711], [131.9256203, 43.1535655], [131.9256011, 43.1534078], [131.9255977, 43.1532844], [131.9256026, 43.153212], [131.9256181, 43.1531615], [131.9256383, 43.1530954], [131.9257298, 43.1530644], [131.9257814, 43.1530456], [131.9258751, 43.153011], [131.9259297, 43.1529694], [131.9259504, 43.1529486], [131.9259693, 43.1529195], [131.9260013, 43.1528343], [131.9260308, 43.1528022], [131.926081, 43.1527718], [131.9262266, 43.1527237], [131.9267146, 43.15256], [131.9269428, 43.1524835], [131.9269842, 43.1524815], [131.9270254, 43.1524876], [131.9270603, 43.1525041], [131.927191, 43.1526429], [131.927236, 43.1527], [131.9272554, 43.1527355], [131.9272687, 43.1527831], [131.9272761, 43.1528188], [131.9272715, 43.1528451], [131.9272942, 43.1528546], [131.9273197, 43.1528736], [131.927366, 43.1529196], [131.927413, 43.1529851], [131.9275414, 43.153185], [131.9275537, 43.1532038], [131.927567, 43.1532164], [131.9276179, 43.1532361], [131.9276982, 43.153245], [131.928132, 43.1532479], [131.9287835, 43.1532584], [131.9289251, 43.1532284], [131.9290338, 43.153134], [131.9290464, 43.1531201], [131.9291292, 43.1529092], [131.9291309, 43.1528902], [131.9290807, 43.1527157], [131.929041, 43.1525992], [131.9289885, 43.1524482], [131.9289668, 43.1523642], [131.9289508, 43.1523064], [131.9290134, 43.1522672], [131.9290616, 43.1522355], [131.9291258, 43.1521944], [131.9292992, 43.1520663], [131.929488, 43.1518929], [131.929729, 43.1516996], [131.9297602, 43.151669], [131.9300442, 43.1514198], [131.9302258, 43.1512855], [131.9302283, 43.1512834], [131.9302763, 43.1512562], [131.9303674, 43.1512126], [131.9304899, 43.151174], [131.930605, 43.1511467], [131.9307571, 43.1511305], [131.930828, 43.1511408], [131.9308923, 43.1511586], [131.9309445, 43.151183], [131.930992, 43.1512288], [131.9310019, 43.1512545], [131.9310141, 43.1513015], [131.931007, 43.1513522], [131.9309515, 43.1514715], [131.9306195, 43.1519365], [131.9306128, 43.1519784], [131.9306184, 43.1520187], [131.9306427, 43.1520856], [131.9306893, 43.1521726]], [[131.9202871, 43.1532796], [131.9202246, 43.1533046], [131.9201691, 43.1533356], [131.9200505, 43.1534102], [131.9200284, 43.1534244], [131.9199442, 43.1534797], [131.9198893, 43.1535286], [131.9198283, 43.1535859], [131.9196454, 43.153737], [131.9196442, 43.1537556], [131.9196497, 43.1537785], [131.9196605, 43.1538012], [131.9196825, 43.1538228], [131.919742, 43.153864], [131.9197726, 43.1538862], [131.9198202, 43.1539172]], [[131.9306893, 43.1521726], [131.931266, 43.1513239], [131.9312998, 43.1512846], [131.9313477, 43.1512563], [131.9314497, 43.1512282], [131.9315643, 43.151218], [131.9317397, 43.1512033], [131.9319418, 43.1511895], [131.9322731, 43.1511663], [131.9325239, 43.1511482], [131.9325689, 43.1511348]], [[131.9248227, 43.1517415], [131.9248788, 43.1517073], [131.9249325, 43.1516878], [131.9250204, 43.1516599], [131.9250787, 43.1516404], [131.9251625, 43.1516149], [131.9251894, 43.1516085], [131.9252223, 43.151606]], [[131.9302731, 43.1507575], [131.9303083, 43.1507319], [131.9303282, 43.1506716], [131.9303928, 43.1506483], [131.9304961, 43.1506439], [131.9306506, 43.1506556], [131.9307608, 43.1506828], [131.9309809, 43.1507412], [131.9311392, 43.1507638], [131.9312419, 43.1507737], [131.9313229, 43.1507647], [131.9314182, 43.1507364], [131.9314934, 43.1507224], [131.9321476, 43.1506839], [131.9323971, 43.1506609], [131.9327186, 43.1505962], [131.9329351, 43.1505346]]]}}, {"type": "Feature", "properties": {"name": "улица Шевченко", "part": "mainland", "theme": "person", "descr": "Отмечена без названия на плане 1902 г. Как ул. Шевченко упоминается в справочнике 1924 г. На некоторых домах сохранилось другое название улицы — Военный городок."}, "geometry": {"type": "MultiLineString", "coordinates": [[[132.0006857, 43.2256536], [132.0009259, 43.2254683], [132.0010503, 43.2253641]], [[132.0126765, 43.2160263], [132.012587, 43.2160422], [132.0123014, 43.2160997], [132.0121418, 43.2161326], [132.0119548, 43.2161761], [132.0117391, 43.2162371], [132.0115457, 43.2163012], [132.0113577, 43.2163752], [132.0111903, 43.2164527], [132.0109981, 43.2165498], [132.0105226, 43.2168072], [132.0102281, 43.2169924], [132.0096671, 43.2173323], [132.0089671, 43.2177922], [132.0086127, 43.2180372], [132.0085637, 43.2180701], [132.0082973, 43.2182752], [132.0080043, 43.218511], [132.0063055, 43.2198811]], [[132.018836, 43.2141584], [132.0189228, 43.2142911], [132.0190264, 43.2143811], [132.0190954, 43.2145041], [132.0191347, 43.214677], [132.0191956, 43.214731], [132.0193246, 43.2147486], [132.0194619, 43.214746], [132.019915, 43.2147287], [132.0203608, 43.2147184], [132.0208035, 43.2147159], [132.021361, 43.2147259], [132.0219957, 43.2147422], [132.0223927, 43.2147611], [132.0224642, 43.2147628]], [[132.0070911, 43.2203208], [132.0072639, 43.2202967], [132.007551, 43.220242], [132.007905, 43.2201267], [132.008194, 43.220038], [132.0083575, 43.2199785], [132.0084051, 43.219954], [132.0087498, 43.2196715], [132.0088679, 43.2195564], [132.0090587, 43.2193797], [132.0093345, 43.2191415], [132.0093496, 43.2191195], [132.0093858, 43.2190144], [132.0094013, 43.218982], [132.0094207, 43.2189523], [132.0096345, 43.2187638], [132.0102669, 43.2182202], [132.0105629, 43.2179708], [132.010832, 43.2177188], [132.010984, 43.2175359], [132.0111646, 43.2172484]], [[132.0034764, 43.2226706], [132.0038577, 43.2228528], [132.0041107, 43.2229426], [132.0043773, 43.2230256], [132.0045497, 43.2230892], [132.0046456, 43.2231245], [132.0050816, 43.2232879], [132.0051902, 43.2233136], [132.0052801, 43.2233199]], [[132.0012597, 43.2251887], [132.0013492, 43.2251023]], [[132.0361266, 43.214106], [132.0337958, 43.2135806], [132.0330075, 43.2134146], [132.0321424, 43.2132309], [132.0318608, 43.2131911], [132.0315764, 43.2131646], [132.0312251, 43.2131841], [132.0291974, 43.2133574], [132.029012, 43.2133802], [132.0282331, 43.213458], [132.0276825, 43.2135165], [132.0273409, 43.2135528], [132.0270047, 43.2135808], [132.0263837, 43.2136329], [132.0259443, 43.2136647], [132.0248777, 43.2137234], [132.0224181, 43.213886], [132.0223519, 43.2138899], [132.0213827, 43.2139531], [132.0201765, 43.2140368], [132.0192182, 43.2141128], [132.0190019, 43.2141385], [132.018836, 43.2141584], [132.0180113, 43.2143054], [132.0178439, 43.2143386], [132.0172093, 43.2144594], [132.0157879, 43.2147401], [132.0155688, 43.2147887], [132.0153714, 43.2148358], [132.0151842, 43.2148826], [132.0150085, 43.2149377], [132.0147738, 43.2150392], [132.0146357, 43.2151283], [132.0144218, 43.2152676], [132.0142635, 43.2153834], [132.0140651, 43.2155214], [132.0138554, 43.2156485], [132.0136312, 43.2157556], [132.0134313, 43.2158291], [132.0132049, 43.2159037], [132.0129652, 43.2159648], [132.0126765, 43.2160263]], [[132.0013492, 43.2251023], [132.0015456, 43.2249388], [132.00164, 43.224847]], [[132.00164, 43.224847], [132.0020116, 43.2244546]], [[132.0022389, 43.2241448], [132.0021197, 43.224307], [132.0020116, 43.2244546]], [[132.0589698, 43.2155585], [132.0590579, 43.2156455], [132.0591309, 43.215662], [132.0591857, 43.2156643], [132.060087, 43.2155699], [132.0601881, 43.2155839], [132.0604269, 43.2158553]], [[132.0038631, 43.2206697], [132.0037836, 43.2207417], [132.0036466, 43.2208079], [132.003464, 43.2208911], [132.003339, 43.220961], [132.0031764, 43.2210503], [132.0031082, 43.2210651], [132.0030262, 43.2210703], [132.0028979, 43.2210488]], [[132.0063055, 43.2198811], [132.0062028, 43.2199655], [132.0061009, 43.2200525], [132.0053838, 43.2206651], [132.0049932, 43.221002], [132.0049006, 43.221078], [132.0046807, 43.2212762], [132.0045897, 43.2213752], [132.0045755, 43.2213907], [132.0043059, 43.221696], [132.0041378, 43.2218806], [132.0040393, 43.2219984], [132.0037276, 43.2223713], [132.0034764, 43.2226706], [132.0033228, 43.2228536], [132.0031665, 43.2230397], [132.0028612, 43.2234035], [132.0027188, 43.2235731], [132.0026416, 43.223665], [132.0025741, 43.2237454], [132.0023969, 43.2239565], [132.0022389, 43.2241448]], [[132.0000091, 43.2261633], [132.0006857, 43.2256536]], [[132.0010503, 43.2253641], [132.0012597, 43.2251887]], [[131.9987718, 43.2270923], [132.0000091, 43.2261633]], [[132.0000812, 43.2261974], [131.9990511, 43.2269397], [131.9987718, 43.2270923]], [[132.0020116, 43.2244546], [132.0016913, 43.2249121], [132.0016352, 43.2249856], [132.0014137, 43.2251799], [132.0013956, 43.2251939], [132.0010811, 43.2254378], [132.0006675, 43.2257505], [132.0000812, 43.2261974]]]}}, {"type": "Feature", "properties": {"name": "улица Мыс Доронина", "part": "mainland", "theme": "person", "descr": "Постановление администрации г. Владивостока от 07.06.2018 N 1744"}, "geometry": {"type": "MultiLineString", "coordinates": [[[131.8670233, 43.0462494], [131.867036, 43.0460985], [131.8670426, 43.0459835], [131.867053, 43.0459068], [131.8671068, 43.045788], [131.8671387, 43.0457381], [131.8671984, 43.0456819], [131.8673575, 43.0455556], [131.8675924, 43.045351], [131.8676216, 43.0453203], [131.8676281, 43.0452892], [131.8676125, 43.0452534], [131.8675132, 43.0451419], [131.8674361, 43.045043], [131.8673854, 43.0449395], [131.8673434, 43.044788], [131.8673228, 43.0446725], [131.8672876, 43.04448], [131.8672661, 43.0443677], [131.8672739, 43.0443055], [131.8673064, 43.044247], [131.8673623, 43.0441968], [131.8674271, 43.0441671], [131.8674977, 43.0441556], [131.8681367, 43.0441285], [131.8682273, 43.0441164], [131.8683118, 43.0440948], [131.8690468, 43.0437891], [131.869753, 43.0434249], [131.870454, 43.0431142], [131.8709177, 43.042969], [131.8711467, 43.0428923], [131.8712626, 43.0428684], [131.872059, 43.0427134], [131.8728894, 43.0426672], [131.8732036, 43.0425808], [131.8739341, 43.0424615], [131.8742206, 43.0424362], [131.8743514, 43.0424173], [131.8745064, 43.0423564], [131.8748407, 43.0421595], [131.8750548, 43.0419348], [131.8753048, 43.041843], [131.875544, 43.0417803], [131.8763621, 43.0417251], [131.8766341, 43.0416918], [131.8767844, 43.0416312], [131.8769817, 43.0415283], [131.8770745, 43.0414008], [131.8771368, 43.0412077], [131.8771511, 43.0410112], [131.8771128, 43.0408275], [131.8770463, 43.0404733], [131.8770593, 43.0402688], [131.8771483, 43.0399465], [131.8771784, 43.0397208], [131.8771841, 43.0395775], [131.8771837, 43.0394357], [131.8771921, 43.0392833], [131.8772077, 43.0391645], [131.8773744, 43.0388591], [131.877672, 43.0387038], [131.8783736, 43.0383583], [131.8787199, 43.0381726], [131.8788812, 43.0381306], [131.879079, 43.0381005], [131.8793214, 43.0381042], [131.8799326, 43.0381761], [131.8806769, 43.0382825], [131.8811099, 43.0383729], [131.8813246, 43.0384723], [131.8815296, 43.0385781], [131.8817565, 43.0387819], [131.8820164, 43.0391146], [131.8821774, 43.0393332], [131.8822513, 43.0394464], [131.8824103, 43.0395727], [131.8827189, 43.0396472], [131.8831603, 43.0397413], [131.8836915, 43.0398483]], [[131.8658016, 43.0496245], [131.8653667, 43.0494], [131.8652728, 43.0493667], [131.8651682, 43.0493568], [131.8650556, 43.0493627], [131.8648785, 43.0493843], [131.8647927, 43.0493843], [131.8645513, 43.0493451], [131.8644708, 43.049349], [131.8643957, 43.0493823], [131.8639988, 43.0496019], [131.8638942, 43.0496587], [131.8638217, 43.0496803], [131.8637493, 43.0496842], [131.8635294, 43.0496606], [131.8634248, 43.0496646], [131.8630815, 43.049741], [131.8628964, 43.0497587], [131.8627462, 43.0497508], [131.8626255, 43.0497195], [131.8621963, 43.0495783], [131.8620944, 43.0495195], [131.8620568, 43.0494274], [131.8620595, 43.0493627], [131.8621588, 43.0490746], [131.8621856, 43.0489178], [131.8621695, 43.0488335], [131.8621454, 43.0487865], [131.8620944, 43.0487473], [131.8619389, 43.0486905]]]}}, {"type": "Feature", "properties": {"name": "улица Ефрейтора Нуштаева", "part": "mainland", "theme": "person", "descr": "Постановление администрации г. Владивостока от 19.04.2024 N 951"}, "geometry": {"type": "MultiLineString", "coordinates": [[[131.8826984, 43.0418517], [131.8832054, 43.0421136], [131.8837886, 43.0424603], [131.8839058, 43.0425538], [131.8839881, 43.0426584], [131.8840413, 43.0427709], [131.8841071, 43.0429464], [131.8841478, 43.0431321], [131.8841476, 43.0433591], [131.8841096, 43.0435097], [131.8840461, 43.043655], [131.884002, 43.0437664], [131.8839761, 43.0438778], [131.8839325, 43.044114], [131.8838807, 43.044356], [131.8838366, 43.0444324], [131.8837799, 43.0445048], [131.8828613, 43.0452485], [131.8827691, 43.0453459], [131.8826858, 43.0454455], [131.8825915, 43.0455818], [131.8823315, 43.0461594], [131.8822959, 43.0463338], [131.8822889, 43.046466], [131.8823068, 43.0465815], [131.8823448, 43.0466875], [131.8824046, 43.0467867], [131.8825178, 43.0469164], [131.882815, 43.047197], [131.8829343, 43.0473137], [131.8830238, 43.0474227], [131.8831261, 43.0475574], [131.883223, 43.0477248], [131.8835768, 43.0484751], [131.8837381, 43.0487611], [131.88387, 43.048965], [131.8839744, 43.0491189], [131.8841973, 43.0494246], [131.8842361, 43.0494853], [131.8842661, 43.0495503], [131.8842849, 43.049617], [131.8842918, 43.0496837], [131.8842645, 43.0499374], [131.8842616, 43.0499716], [131.8842646, 43.0500488], [131.8842815, 43.0502132], [131.8842991, 43.050296], [131.8843398, 43.0504097], [131.8843956, 43.0504972], [131.8844681, 43.0505717], [131.884786, 43.0508187], [131.8849181, 43.0509372], [131.8849624, 43.0510036], [131.8849956, 43.0510732], [131.8850221, 43.0511828], [131.8850198, 43.0512852], [131.8850115, 43.0513338], [131.8849944, 43.0513793], [131.8849663, 43.0514183], [131.8849083, 43.0514718], [131.8848486, 43.0515103], [131.8838339, 43.052014], [131.8837189, 43.052087], [131.883625, 43.0521698], [131.8835884, 43.052211], [131.8835607, 43.0522538], [131.8835279, 43.052331], [131.883505, 43.0524097], [131.8834972, 43.0524864], [131.8835004, 43.0525485], [131.8835258, 43.0528897], [131.8835708, 43.0535014], [131.883681, 43.0544516], [131.883699, 43.0545547], [131.8837436, 43.0547559], [131.8837564, 43.0548087], [131.883835, 43.0550833], [131.8840777, 43.0557748]], [[131.8840777, 43.0557748], [131.8845471, 43.0569301], [131.884581, 43.0570618], [131.8845731, 43.0571834], [131.8845243, 43.0573048], [131.8845028, 43.0574066], [131.8845084, 43.0575256], [131.8845412, 43.0576287]]]}}, {"type": "Feature", "properties": {"name": "Рудневский мост", "part": "mainland", "theme": "person"}, "geometry": {"type": "LineString", "coordinates": [[131.9478726, 43.1343818], [131.9481316, 43.1367968], [131.9483574, 43.1390005]]}}, {"type": "Feature", "properties": {"name": "Нежинская улица", "part": "mainland", "theme": "place", "descr": "https://t.me/vvtopo/177"}, "geometry": {"type": "MultiLineString", "coordinates": [[[131.8925979, 43.0997556], [131.8925093, 43.0998002], [131.8924028, 43.0998379], [131.8921843, 43.0999323], [131.892132, 43.0999548], [131.8920498, 43.0999906], [131.8919485, 43.1000344], [131.8919249, 43.1000449], [131.8916593, 43.1001627]], [[131.890994, 43.1007978], [131.8909523, 43.1008051], [131.8908817, 43.1008068], [131.8908343, 43.1008234], [131.8906562, 43.1009414], [131.8906001, 43.1009853], [131.8905774, 43.1010076], [131.8905622, 43.1010327]], [[131.8912691, 43.1006153], [131.890994, 43.1007978]], [[131.8914611, 43.1004968], [131.8914154, 43.100525], [131.8913917, 43.1005396], [131.8913574, 43.1005608], [131.8912691, 43.1006153]]]}}, {"type": "Feature", "properties": {"name": "Артековская улица", "part": "mainland", "theme": "place", "descr": "Образована 19.07.1984"}, "geometry": {"type": "MultiLineString", "coordinates": [[[132.1470292, 43.2079159], [132.1472421, 43.2079061], [132.1475256, 43.207895], [132.1477713, 43.207887], [132.1482256, 43.207869], [132.1487106, 43.2078656], [132.1487223, 43.207866], [132.1493111, 43.2078838], [132.1497895, 43.2079041], [132.1502897, 43.2079478], [132.1515222, 43.2080761], [132.1518832, 43.20812], [132.1521167, 43.2081529], [132.1522719, 43.2081761], [132.1526292, 43.2082315], [132.1529075, 43.2082897], [132.1535861, 43.208456], [132.1565965, 43.2092624], [132.1567854, 43.2093097], [132.1576706, 43.2095587]], [[132.14551, 43.2080412], [132.1462423, 43.2079769], [132.1470292, 43.2079159]], [[132.1411507, 43.2090353], [132.1397495, 43.2078505], [132.1398052, 43.2078054], [132.1399713, 43.2076469], [132.1401611, 43.2074766], [132.1402176, 43.2073917]], [[132.1451549, 43.2099669], [132.1449626, 43.2099973], [132.1448677, 43.2099881], [132.1447234, 43.2099517], [132.1445327, 43.2099284], [132.1436088, 43.2099211], [132.1433744, 43.209918], [132.1432536, 43.2099042], [132.1431303, 43.2098671], [132.143054, 43.2098408], [132.1429621, 43.2098067], [132.1428381, 43.2097895], [132.1422623, 43.2097832], [132.1421359, 43.2097674], [132.1419919, 43.2097324], [132.1418915, 43.2096858], [132.1418147, 43.2096253], [132.1411507, 43.2090353]], [[132.1562411, 43.2069399], [132.1559948, 43.2068816], [132.155351, 43.2067293], [132.1552245, 43.206713], [132.1551316, 43.2067031], [132.1547743, 43.2066913], [132.1543851, 43.2067322], [132.1517348, 43.2071552], [132.1513924, 43.2072099], [132.151293, 43.2072298], [132.1512717, 43.2072458], [132.1512599, 43.2072696], [132.1512865, 43.2073474], [132.1513135, 43.2073594], [132.1513641, 43.2073621], [132.1515598, 43.2073311], [132.1516304, 43.2073311], [132.1516846, 43.2073302]], [[132.1516846, 43.2073302], [132.151726, 43.2073831], [132.1518651, 43.2078223], [132.1518653, 43.2078725], [132.1518221, 43.207915], [132.1516233, 43.2080191], [132.1515222, 43.2080761]], [[132.1397495, 43.2078505], [132.1384968, 43.2086196], [132.1381157, 43.2088687], [132.1375268, 43.2092285], [132.1374893, 43.2092685], [132.1374631, 43.2093126], [132.1374526, 43.2093626], [132.1374637, 43.2094218], [132.1375587, 43.2096564], [132.1376827, 43.2098675], [132.1378164, 43.2100962]], [[132.1477713, 43.207887], [132.1478149, 43.2081738], [132.1478156, 43.2082468], [132.1477466, 43.208579], [132.1477015, 43.208704], [132.1475459, 43.2090511], [132.1474829, 43.2091359], [132.1473053, 43.2092621], [132.1471311, 43.2093652], [132.1467933, 43.2095416], [132.1463874, 43.2097594], [132.1460199, 43.2099266], [132.1458794, 43.2099525], [132.1457002, 43.2099596], [132.1451549, 43.2099669]]]}}, {"type": "Feature", "properties": {"name": "улица Анны Щетининой", "part": "mainland", "theme": "person", "descr": "Постановление главы г. Владивостока от 22.03.2011 №347"}, "geometry": {"type": "MultiLineString", "coordinates": [[[131.9508651, 43.1588435], [131.9510287, 43.1587994], [131.9514226, 43.1587386], [131.9516872, 43.1587303], [131.9519605, 43.1587422], [131.9523557, 43.1588032], [131.9527518, 43.1589236], [131.9536108, 43.1592467], [131.9541642, 43.1594607], [131.954778, 43.1597003], [131.9551544, 43.1598473], [131.9553418, 43.1599326], [131.9554173, 43.159979], [131.9555142, 43.1600519], [131.955619, 43.1601777], [131.9557075, 43.1603117], [131.9557526, 43.1604769], [131.9557457, 43.1606597], [131.9556938, 43.1608012], [131.9556053, 43.1609223], [131.9553941, 43.1610865], [131.9551377, 43.1612116], [131.9547847, 43.1613569], [131.953997, 43.1616453], [131.9534725, 43.1618375], [131.9532701, 43.1619497], [131.9530524, 43.1621221], [131.9529891, 43.1622545], [131.9529462, 43.1623641], [131.9529338, 43.1624703], [131.9529465, 43.1626618], [131.9529695, 43.1627115], [131.9530649, 43.1628818], [131.9530873, 43.1629118], [131.9532941, 43.1631292], [131.9535093, 43.163278], [131.9535491, 43.1633058], [131.9545081, 43.1639753], [131.955961, 43.1649897], [131.956702, 43.1655071], [131.956958, 43.1656933], [131.957086, 43.1657869], [131.9572307, 43.1658964], [131.9578018, 43.1663523], [131.9578996, 43.1664492], [131.9579684, 43.1665437], [131.9579954, 43.1665979], [131.9580477, 43.1668051], [131.9580552, 43.1670141], [131.9580394, 43.1671061], [131.9579625, 43.1673816]], [[131.9453398, 43.1594227], [131.9453623, 43.1594338], [131.9456346, 43.1595679], [131.9459592, 43.1597041], [131.9462835, 43.159779]], [[131.9462835, 43.159779], [131.9466418, 43.1598122], [131.9473887, 43.1598153], [131.9477178, 43.159797], [131.9482104, 43.1597307]], [[131.9482104, 43.1597307], [131.9496335, 43.1592313], [131.9503795, 43.1589924], [131.9508206, 43.1588571], [131.9508651, 43.1588435]], [[131.9452866, 43.1593962], [131.9453398, 43.1594227]]]}}, {"type": "Feature", "properties": {"name": "улица Мехлиса", "part": "mainland", "theme": "person", "descr": "08.12.1938 постановлением Владивостокского городского Совета рабочих, крестьянских и краснофлотских депутатов одна из вновь образованных улиц города в районе Стрелковой Пади была наименована улицей Мехлиса. Умер в 1953 году."}, "geometry": {"type": "LineString", "coordinates": [[131.9433926, 43.1086856], [131.9434378, 43.1086711], [131.9435679, 43.1086244], [131.943773, 43.1085502], [131.9440158, 43.108445], [131.9443215, 43.1082785], [131.9445227, 43.1081503], [131.9447815, 43.1080279], [131.9450923, 43.1079019], [131.9453735, 43.107765], [131.9458252, 43.1075544], [131.9462811, 43.1073604], [131.9465672, 43.1072404], [131.946603, 43.1072249], [131.9471314, 43.1069954], [131.9472291, 43.1069509], [131.947402, 43.1068734], [131.9476547, 43.1067392], [131.9478296, 43.1066435], [131.9478929, 43.1065925], [131.9479378, 43.1065537], [131.94797, 43.1065161], [131.9479878, 43.1064752], [131.9479791, 43.1064388], [131.9479543, 43.1063914], [131.9479208, 43.1063552], [131.9478433, 43.1062796], [131.9476806, 43.1061389], [131.9476192, 43.1060363], [131.9475912, 43.1059865], [131.9475643, 43.1059262], [131.9475598, 43.1058823], [131.947565, 43.1058489], [131.9475855, 43.105801]]}}, {"type": "Feature", "properties": {"name": "улица Тимирязева", "part": "mainland", "theme": "person"}, "geometry": {"type": "MultiLineString", "coordinates": [[[132.0229959, 43.2475902], [132.0220581, 43.2471921], [132.021736, 43.2470621], [132.0216733, 43.2470146], [132.0216384, 43.2469462], [132.0216098, 43.246586], [132.0216105, 43.2464686]], [[132.0212134, 43.2439552], [132.0211087, 43.24386]], [[132.0216105, 43.2464686], [132.0216252, 43.246202]], [[132.0216252, 43.246202], [132.021633, 43.2460979], [132.0217532, 43.2452624], [132.0217713, 43.2451648], [132.0218187, 43.2448472], [132.0218432, 43.2447035], [132.021848, 43.2446152], [132.0218414, 43.2445726], [132.0218265, 43.2445305], [132.0213369, 43.244074], [132.0212633, 43.2440052], [132.0212134, 43.2439552]], [[132.0211087, 43.24386], [132.021003, 43.2437933], [132.0203404, 43.2434347], [132.0199529, 43.243222], [132.0190668, 43.2427579], [132.0189061, 43.2426808], [132.018787, 43.2426368], [132.0183848, 43.2425188], [132.01832, 43.2424783], [132.0182538, 43.2424286], [132.0181471, 43.24232], [132.0178044, 43.241956], [132.017774, 43.2419258], [132.0176532, 43.2418031], [132.0175324, 43.2416946], [132.0172322, 43.2414613], [132.0171745, 43.2413942], [132.0171424, 43.2413155]], [[132.021633, 43.2460979], [132.0220293, 43.2460714], [132.0224728, 43.246042], [132.0226282, 43.2460121], [132.0232996, 43.2457565], [132.0234921, 43.2456813]]]}}, {"type": "Feature", "properties": {"name": "улица Успенского", "part": "mainland", "theme": "person", "descr": "Участок южнее железнодорожного переезда изначально был северо-восточным концом ул. Маковского. Отмечен без названия на плане 1902 г. Выделен в ул. Успенскую не позже 1972 г., вместо старой ул. Успенской, упоминаемой в справочнике 1924 г."}, "geometry": {"type": "MultiLineString", "coordinates": [[[132.0162403, 43.2412191], [132.0161143, 43.2412058], [132.0159094, 43.2411844], [132.0155773, 43.2411418], [132.0135136, 43.2409584], [132.0133697, 43.240934], [132.0133073, 43.240902], [132.0132597, 43.2408534], [132.0132293, 43.240787], [132.0131585, 43.2406232], [132.0125445, 43.2392005], [132.0123665, 43.2388711], [132.0123336, 43.2388239], [132.0121681, 43.2385919], [132.0121346, 43.238539], [132.0116867, 43.2379261], [132.0116284, 43.237828], [132.0116498, 43.2377549], [132.0117, 43.2376852], [132.0117854, 43.2375935], [132.0120737, 43.2372888], [132.0121337, 43.2371896], [132.0121479, 43.2371027], [132.0121346, 43.2370298], [132.0121527, 43.2369267], [132.0121401, 43.2368766], [132.0121351, 43.2368219], [132.0121163, 43.2367592], [132.0120133, 43.236566], [132.0118589, 43.2363245]], [[132.0266451, 43.240288], [132.0267842, 43.2402397], [132.0275263, 43.2400364], [132.0276289, 43.2399869], [132.0277703, 43.2399201], [132.0278859, 43.2398565], [132.0279695, 43.2397886], [132.0280536, 43.2396836], [132.0281151, 43.2395668], [132.0281982, 43.2393289], [132.0282651, 43.2390966], [132.0282733, 43.2390266]], [[132.0263924, 43.2404149], [132.0266451, 43.240288]], [[132.0118589, 43.2363245], [132.0122488, 43.2363487], [132.012973, 43.236428], [132.013056, 43.2364366], [132.0133961, 43.2364704], [132.0135925, 43.2364896], [132.0142078, 43.2365526], [132.0146804, 43.2365874], [132.0148649, 43.2365979], [132.0154121, 43.2366077], [132.0155872, 43.236602], [132.0157573, 43.2365748], [132.0159783, 43.2365432], [132.0160502, 43.2365515]], [[132.0118383, 43.2359372], [132.011841, 43.2357531]], [[132.011841, 43.2357531], [132.0118434, 43.2356125], [132.011855, 43.2353402], [132.0119252, 43.234341], [132.0119654, 43.2336366], [132.0120082, 43.2328043], [132.0120114, 43.2327008], [132.0120243, 43.2322836], [132.0120718, 43.2313175], [132.0120924, 43.2312252], [132.012128, 43.2311574], [132.0121751, 43.2310866]], [[132.0168619, 43.2412892], [132.0165467, 43.2412501], [132.0162403, 43.2412191]], [[132.023605, 43.2415939], [132.0235282, 43.2416077], [132.0230575, 43.2417072], [132.0227797, 43.2417647], [132.0224872, 43.2417628], [132.022334, 43.2417531], [132.0217136, 43.2416927], [132.0211778, 43.2416565], [132.0207237, 43.2416216], [132.0202757, 43.241591], [132.0202246, 43.2415869], [132.0200023, 43.2415708]], [[132.0237924, 43.2415578], [132.023605, 43.2415939]], [[132.0263924, 43.2404149], [132.026314, 43.2404616], [132.0262523, 43.2405007], [132.0261832, 43.2405704], [132.0260176, 43.2407078], [132.0259294, 43.2407656], [132.0258504, 43.2408008], [132.0256992, 43.2408392], [132.0254901, 43.2408883], [132.0253922, 43.2409203], [132.0253226, 43.2409448], [132.0252769, 43.2409662], [132.0248273, 43.2412117], [132.0246416, 43.2412939], [132.0244337, 43.2413629]], [[132.0118589, 43.2363245], [132.0118397, 43.2360733], [132.0118383, 43.2359372]], [[132.0244337, 43.2413629], [132.0242675, 43.2414027], [132.0240348, 43.2415025], [132.0239055, 43.2415315], [132.0237924, 43.2415578]], [[132.019937, 43.2415672], [132.0199097, 43.241564], [132.0196208, 43.2415407], [132.0191073, 43.2414969], [132.0188311, 43.2414734], [132.0185293, 43.2414477], [132.0180508, 43.2414069], [132.0177175, 43.2413737], [132.0171424, 43.2413155]], [[132.0171424, 43.2413155], [132.0169165, 43.2412948], [132.0168619, 43.2412892]]]}}, {"type": "Feature", "properties": {"name": "улица Фета", "part": "mainland", "theme": "person"}, "geometry": {"type": "MultiLineString", "coordinates": [[[132.0180729, 43.2444095], [132.0183398, 43.2444163], [132.0184069, 43.2443818], [132.0184313, 43.244389], [132.0184551, 43.2444065], [132.0184766, 43.2444212], [132.018545, 43.2444329], [132.0186375, 43.244471], [132.0187314, 43.2445257], [132.0188049, 43.2445605], [132.0189849, 43.2446146], [132.0191743, 43.2446365], [132.0193939, 43.2446576], [132.0195921, 43.2446658], [132.0196154, 43.2446652], [132.0199746, 43.2446254], [132.020255, 43.2445685], [132.0204762, 43.244474], [132.0206644, 43.2443828], [132.0208791, 43.2442602], [132.0209463, 43.2442217], [132.0211544, 43.244081], [132.0212633, 43.2440052], [132.0213832, 43.2438632], [132.0214552, 43.243751], [132.0215418, 43.243614]], [[132.0194676, 43.245861], [132.0195128, 43.2456291], [132.0195387, 43.245485], [132.0195642, 43.2453121], [132.0195881, 43.2450664], [132.0195855, 43.2449239], [132.0195921, 43.2446658]], [[132.0199097, 43.241564], [132.019919, 43.2416137], [132.0199317, 43.2416819], [132.0199692, 43.2417737], [132.0200577, 43.2418812], [132.0201604, 43.2419936], [132.0203388, 43.242158], [132.0208419, 43.2426027], [132.0214035, 43.2430406], [132.0214728, 43.2431148], [132.0214934, 43.2431619], [132.021498, 43.2432145], [132.0214807, 43.2432906], [132.0214659, 43.2433349], [132.0214363, 43.24338], [132.0213887, 43.2434348], [132.0213197, 43.2435029], [132.0212193, 43.2435931], [132.021003, 43.2437933]], [[132.0216436, 43.2434139], [132.0216674, 43.2433151], [132.0216827, 43.243203], [132.0216642, 43.243111], [132.0216186, 43.2429968], [132.0215745, 43.2428972], [132.0215143, 43.2427699], [132.0214046, 43.2426213], [132.0213398, 43.2425406], [132.0212943, 43.2424669], [132.0212154, 43.2423144], [132.0211717, 43.2422137], [132.0211278, 43.242094], [132.0211188, 43.2420459], [132.0211239, 43.2419886], [132.0211283, 43.2419242], [132.0211778, 43.2416565]], [[132.0215418, 43.243614], [132.0216436, 43.2434139]]]}}, {"type": "Feature", "properties": {"name": "Лянчихинская улица", "part": "mainland", "theme": "place", "descr": "Упомянута в списке 1957 года."}, "geometry": {"type": "MultiLineString", "coordinates": [[[132.0133697, 43.240934], [132.0133587, 43.2411705], [132.0133568, 43.24121]], [[132.0133568, 43.24121], [132.0133496, 43.2415577]], [[132.0133496, 43.2415577], [132.0133479, 43.2415831], [132.0133359, 43.2416224], [132.013306, 43.241666], [132.0132641, 43.2417017], [132.0130325, 43.2418017], [132.0129358, 43.2418615], [132.0128808, 43.2419094], [132.0128429, 43.2419537], [132.0128222, 43.241985], [132.0128046, 43.242021], [132.0127944, 43.2421695], [132.0128157, 43.2422743], [132.0128574, 43.2425608], [132.0129552, 43.243287], [132.0130808, 43.2440142], [132.0131028, 43.244132], [132.0131365, 43.2442386], [132.0131715, 43.2443135], [132.0132637, 43.2444134], [132.0134473, 43.2445311], [132.0136217, 43.2446444], [132.0136928, 43.2446987], [132.0137572, 43.244769], [132.0142278, 43.2457787], [132.0142928, 43.2459298], [132.0144306, 43.24625], [132.014575, 43.2465033], [132.0147034, 43.246767], [132.0149392, 43.2472509], [132.0151804, 43.2476302], [132.0152356, 43.2477125], [132.0152968, 43.2478422], [132.0153336, 43.2479489], [132.015379, 43.2481824], [132.015411, 43.2482329], [132.01546, 43.2482745], [132.0155172, 43.2483034], [132.0155618, 43.2483165], [132.015652, 43.2483226], [132.0164247, 43.2483228], [132.0165869, 43.2483543], [132.0167284, 43.248405], [132.0168322, 43.248455], [132.0169197, 43.2485116], [132.0172971, 43.2487497], [132.01743, 43.2488437], [132.0175272, 43.2489349], [132.0176609, 43.2491117], [132.017686, 43.249145], [132.0178266, 43.2494484], [132.0178506, 43.2495002], [132.0178853, 43.2495751], [132.0179834, 43.2497713], [132.0180472, 43.249899], [132.0182263, 43.25013], [132.018373, 43.2502229], [132.0185108, 43.2502796], [132.0186727, 43.250331], [132.0188756, 43.2503975], [132.019058, 43.2504371], [132.019416, 43.2504698], [132.0197794, 43.2504864], [132.0199164, 43.2504966], [132.0200187, 43.2505336], [132.0200847, 43.2505855], [132.0201345, 43.250658], [132.0201522, 43.2507404], [132.020153, 43.2508121], [132.0201451, 43.2508737], [132.0200796, 43.2511125], [132.0200168, 43.251259], [132.0199902, 43.2513496], [132.0199734, 43.2514336], [132.019954, 43.2515492], [132.0199149, 43.2517059]]]}}, {"type": "Feature", "properties": {"name": "Ужгородская улица", "part": "mainland", "theme": "place", "descr": "Изначально Бендерская. Переименована 05.02.1954."}, "geometry": {"type": "MultiLineString", "coordinates": [[[131.8978561, 43.1016297], [131.8980937, 43.1017927], [131.8983112, 43.1019121], [131.8985083, 43.1019836], [131.8985788, 43.1019986], [131.8989132, 43.1020559], [131.9000822, 43.1021963]], [[131.8964973, 43.1006698], [131.8966938, 43.1005853]], [[131.8966938, 43.1005853], [131.8968098, 43.1006714], [131.8970019, 43.1008765]], [[131.8970019, 43.1008765], [131.8972734, 43.1011448], [131.8975963, 43.1014384], [131.8978561, 43.1016297]]]}}, {"type": "Feature", "properties": {"name": "улица Гродекова", "part": "mainland", "theme": "person", "descr": "Постановление администрации г. Владивостока от 07.06.2019 N 2240 (но 2001 https://t.me/ochkuryvl/3626)"}, "geometry": {"type": "MultiLineString", "coordinates": [[[131.8480203, 43.0585118], [131.8477072, 43.0587376], [131.8474462, 43.0589443], [131.8470501, 43.0592579], [131.8466946, 43.0595523], [131.8465237, 43.0597], [131.8458882, 43.0602266], [131.8457836, 43.060302], [131.8457037, 43.060354], [131.8456054, 43.0604108], [131.8452291, 43.0606043], [131.84486, 43.060763], [131.8447801, 43.0607853]], [[131.8826984, 43.0418517], [131.882083, 43.0429074], [131.8816909, 43.0434821], [131.8812407, 43.0440226], [131.8807536, 43.0445426], [131.8800116, 43.0453027], [131.8796361, 43.0456419], [131.8793084, 43.0458783], [131.8787205, 43.0462383], [131.8782856, 43.0464224], [131.8780117, 43.0465173], [131.8774198, 43.046684], [131.8768578, 43.0467705], [131.8761686, 43.0468187], [131.8752589, 43.0468121], [131.8741153, 43.046791], [131.8730707, 43.0467729], [131.8724807, 43.0467716], [131.8719208, 43.0468267], [131.8713691, 43.0469069], [131.870921, 43.0470257], [131.8701529, 43.0472999], [131.869806, 43.047463], [131.8674261, 43.0485821], [131.8666144, 43.049005], [131.8660884, 43.0493688], [131.8658016, 43.0496245], [131.8655652, 43.0498626], [131.8653279, 43.0501513], [131.8646076, 43.0511825], [131.8644281, 43.0514157], [131.8642006, 43.0516125], [131.8639798, 43.0517636], [131.8637226, 43.0518961], [131.8634248, 43.0520382], [131.8631744, 43.0521167], [131.8627105, 43.0522402], [131.8620417, 43.0523566], [131.86139, 43.0525017], [131.8608994, 43.0526521], [131.8603638, 43.0529053], [131.8599341, 43.053208], [131.8596909, 43.0534408], [131.8594693, 43.0537259], [131.8593473, 43.0539509], [131.8592247, 43.0543076], [131.8590823, 43.0548203], [131.8589809, 43.0551405], [131.8588314, 43.0554457], [131.8586776, 43.0556957], [131.8584612, 43.0559154], [131.8583719, 43.0560055], [131.8582338, 43.0561345], [131.8579473, 43.056353], [131.8576747, 43.0565308], [131.8574056, 43.056671], [131.857052, 43.0567988], [131.8566933, 43.0569163], [131.856423, 43.0569777], [131.8562484, 43.0570077], [131.8560691, 43.0570308]], [[131.8560691, 43.0570308], [131.8554836, 43.0570617], [131.855225, 43.0570749], [131.8551515, 43.0570756], [131.8550419, 43.0570795], [131.8548759, 43.0570837], [131.854755, 43.0570864], [131.8536348, 43.0571069], [131.8527606, 43.0571348], [131.8524103, 43.0571545], [131.8520267, 43.0571849], [131.851467, 43.0572462], [131.8512392, 43.0572791], [131.8511432, 43.0572949], [131.8510343, 43.0573169], [131.8503222, 43.0574769], [131.8497863, 43.0576453], [131.8494406, 43.0577827], [131.8492975, 43.0578412], [131.8491973, 43.0578822], [131.8488987, 43.0580169], [131.848777, 43.0580761], [131.8484648, 43.0582382], [131.8480203, 43.0585118]], [[131.8838634, 43.0408522], [131.8837929, 43.0408973], [131.8834024, 43.0411523], [131.8832194, 43.0412923], [131.8830525, 43.0414377]], [[131.8849045, 43.0401555], [131.8838634, 43.0408522]], [[131.8830525, 43.0414377], [131.8828031, 43.0417179], [131.8826984, 43.0418517]]]}}, {"type": "Feature", "properties": {"name": "улица Карпинского", "part": "mainland", "theme": "person", "descr": "Образована 16.11.1937"}, "geometry": {"type": "MultiLineString", "coordinates": [[[131.927836, 43.125502], [131.9278066, 43.1257311], [131.9277966, 43.1258451], [131.9277629, 43.1259879], [131.9277403, 43.1261713], [131.9277562, 43.1263163], [131.9277774, 43.1263919], [131.9278308, 43.1265466], [131.9278644, 43.1268051], [131.9278752, 43.1273049], [131.9278786, 43.127449]], [[131.9278786, 43.127449], [131.9278997, 43.1275694], [131.9279158, 43.127707]]]}}, {"type": "Feature", "properties": {"name": "Тихвинская улица", "part": "mainland", "theme": "place", "descr": "https://t.me/vvtopo/304"}, "geometry": {"type": "MultiLineString", "coordinates": [[[131.9475252, 43.0903515], [131.9474237, 43.0903151], [131.9472843, 43.0902642], [131.9469832, 43.0901835]], [[131.9457829, 43.0896856], [131.9459923, 43.089501], [131.9460525, 43.0894561], [131.9461875, 43.0893797], [131.9465031, 43.0892011], [131.9466762, 43.0891035]], [[131.9494923, 43.0899334], [131.9494571, 43.0899376], [131.9486011, 43.0900566], [131.9483634, 43.0900981], [131.9482798, 43.0901152], [131.9480867, 43.0901638], [131.9480523, 43.0901831], [131.948031, 43.090203], [131.9479822, 43.0902648], [131.9479746, 43.0902762], [131.9479207, 43.0903487], [131.9478821, 43.090373], [131.9478344, 43.0903838], [131.9476398, 43.0903824], [131.9476022, 43.090376], [131.9475657, 43.090366], [131.9475252, 43.0903515]], [[131.9546344, 43.0898548], [131.9546246, 43.0898801], [131.9546092, 43.0898967], [131.954587, 43.0899066], [131.9545562, 43.0899119], [131.9544299, 43.0899138], [131.9539909, 43.0899246], [131.9539366, 43.0899301], [131.9537854, 43.0899651], [131.9537317, 43.0899684], [131.9532054, 43.0899191], [131.9529739, 43.089903], [131.9526797, 43.0898945], [131.9524813, 43.0898878], [131.9520737, 43.0898722], [131.951762, 43.0898698], [131.9511074, 43.0898584], [131.9509307, 43.0898565], [131.9497193, 43.0898101]], [[131.9559482, 43.0903535], [131.9552531, 43.0900896], [131.9546586, 43.089864], [131.9546344, 43.0898548]], [[131.946274, 43.0900696], [131.9462353, 43.0899981], [131.9461807, 43.0899449], [131.9458894, 43.0897479], [131.9457829, 43.0896856]], [[131.9469832, 43.0901835], [131.946274, 43.0900696]], [[131.9497193, 43.0898101], [131.9496472, 43.0898285], [131.9495873, 43.0898642], [131.9494923, 43.0899334]]]}}, {"type": "Feature", "properties": {"name": "улица Адмирала Горшкова", "part": "mainland", "theme": "person", "descr": "Постановление главы г. Владивостока от 06.08.2009 №898"}, "geometry": {"type": "MultiLineString", "coordinates": [[[131.9579625, 43.1673816], [131.9576182, 43.1673416], [131.9573499, 43.1673009], [131.9566474, 43.1671944], [131.9560386, 43.1671021], [131.9558688, 43.1670763], [131.9548139, 43.166925], [131.9539918, 43.1668049], [131.9538337, 43.1667819], [131.953592, 43.1667521], [131.9532799, 43.1667119], [131.9521861, 43.1665425], [131.9515955, 43.1664511], [131.9494181, 43.166126], [131.9488668, 43.1660075], [131.9486366, 43.1659452]], [[131.9463348, 43.1652517], [131.9462345, 43.1652437], [131.9461718, 43.1652365], [131.9460278, 43.1652259], [131.9445567, 43.1652214], [131.943052, 43.165243], [131.9429219, 43.1652582], [131.942773, 43.1652892], [131.9425504, 43.1653926]], [[131.9486366, 43.1659452], [131.9480185, 43.1657575], [131.9478191, 43.1656987]], [[131.9478191, 43.1656987], [131.9473874, 43.1655715], [131.9472721, 43.1655375], [131.9465961, 43.1653391], [131.9463348, 43.1652517]], [[131.948201, 43.1624738], [131.948213, 43.1620051], [131.9482139, 43.1619753]], [[131.9482139, 43.1619753], [131.9482171, 43.1611603], [131.948216, 43.1603999], [131.9482104, 43.1597307]], [[131.9425504, 43.1653926], [131.9423986, 43.165489]], [[131.9423986, 43.165489], [131.9418019, 43.1658387]], [[131.9463348, 43.1652517], [131.9465351, 43.1649894], [131.9465676, 43.1649468], [131.9466237, 43.1648735], [131.9470454, 43.1643789], [131.9474145, 43.1639373], [131.9477439, 43.1635232], [131.9479489, 43.163226], [131.9479783, 43.1631739], [131.9480696, 43.1629752], [131.9481121, 43.1628681], [131.9481445, 43.1627684], [131.9481921, 43.1625415], [131.948201, 43.1624738]]]}}, {"type": "Feature", "properties": {"name": "улица Добровольского", "part": "mainland", "theme": "person", "descr": "https://t.me/ochkuryvl/3626"}, "geometry": {"type": "MultiLineString", "coordinates": [[[131.9734562, 43.0920064], [131.9736414, 43.0920435], [131.9742457, 43.0921833], [131.9746961, 43.0922813], [131.9748108, 43.0923034], [131.9748659, 43.0923143], [131.9749378, 43.0923313], [131.9754526, 43.0924354], [131.9755854, 43.0924466], [131.9757514, 43.0924433], [131.9759861, 43.0924086], [131.9761668, 43.0923519], [131.9762617, 43.0923103], [131.9763532, 43.0922702], [131.976429, 43.0922185], [131.976654, 43.0920492], [131.9767988, 43.0919191], [131.9769006, 43.0918095], [131.9772098, 43.0914421], [131.9773839, 43.0912408], [131.9775398, 43.0910699], [131.9775996, 43.0910109], [131.9776784, 43.0909537], [131.9777678, 43.090914], [131.9778654, 43.090893], [131.9779256, 43.0908883], [131.977998, 43.0908962], [131.9782541, 43.0909712], [131.9785556, 43.0910805], [131.9787577, 43.0911604], [131.9788475, 43.0912078], [131.9788845, 43.0912389], [131.9789171, 43.0912764], [131.9789508, 43.0913336], [131.9789732, 43.0913821], [131.9789865, 43.0914121], [131.9789943, 43.0914318]], [[131.9789943, 43.0914318], [131.979025, 43.0915122], [131.9790399, 43.0915505], [131.9790465, 43.0915676]], [[131.9790795, 43.0916651], [131.979322, 43.0924203], [131.9793617, 43.0925288], [131.9794505, 43.0927939], [131.9795739, 43.0931817], [131.9796191, 43.0933236], [131.9796527, 43.0934206], [131.9797507, 43.0937163], [131.9797749, 43.0937732], [131.9798191, 43.0938857], [131.9798733, 43.0940765], [131.9798961, 43.0941549], [131.9799035, 43.0941771], [131.9799085, 43.0943076], [131.9799095, 43.0943314], [131.9799047, 43.0943922], [131.9798965, 43.0944248], [131.9798883, 43.0944574], [131.979849, 43.0945612], [131.9792495, 43.0953539], [131.9791265, 43.0955389], [131.9790062, 43.0956869], [131.9789288, 43.0957809], [131.9788681, 43.0958395], [131.9788215, 43.0958712], [131.9787607, 43.0959104], [131.9787079, 43.0959336], [131.9786471, 43.0959564], [131.9785762, 43.0959704], [131.9784738, 43.0959754], [131.97841, 43.0959713], [131.9782238, 43.0959613], [131.9781662, 43.0959585], [131.9779611, 43.0959431], [131.9777145, 43.0959293], [131.977705, 43.0959289], [131.9774493, 43.0959143], [131.9771932, 43.0958994], [131.9771422, 43.0958977], [131.9766043, 43.0958895], [131.9763961, 43.0958873], [131.9763122, 43.0958878], [131.9760774, 43.095895], [131.9758777, 43.0959123], [131.9751274, 43.0959907], [131.9749099, 43.0960295], [131.9747178, 43.0960676], [131.9744247, 43.0961383], [131.9741672, 43.0961981], [131.9740393, 43.0962257], [131.9738039, 43.0962731], [131.9736915, 43.0962955], [131.9733501, 43.0963404], [131.973032, 43.0963776], [131.9725175, 43.0964098], [131.9722549, 43.0964061], [131.9720901, 43.0963746]], [[131.9790465, 43.0915676], [131.9790795, 43.0916651]], [[131.9714743, 43.0916158], [131.9718032, 43.0916949], [131.9721181, 43.0917671], [131.9725572, 43.0918484], [131.9728389, 43.0918938], [131.9734562, 43.0920064]], [[131.971369, 43.0915956], [131.9709934, 43.0915547], [131.9708458, 43.0915386]], [[131.971369, 43.0915956], [131.9714743, 43.0916158]]]}}, {"type": "Feature", "properties": {"name": "Каспийская улица", "part": "mainland", "theme": "place", "descr": "Образована 16.11.1937. В справочниках 1924-36 гг. упоминается ул. Каспийская в районе Бойни (ныне ж/д станция Чайка)."}, "geometry": {"type": "LineString", "coordinates": [[131.9111294, 43.1847086], [131.9111641, 43.1847496], [131.9111971, 43.1847728], [131.9112652, 43.1847839], [131.9113251, 43.1847853], [131.9113773, 43.184776], [131.9114175, 43.1847641], [131.9114331, 43.1847616], [131.9114916, 43.1847451], [131.9115281, 43.1847338], [131.9116217, 43.1847056], [131.9116696, 43.1846978], [131.9117492, 43.1846938], [131.9118672, 43.1847125], [131.9122842, 43.1848112], [131.9127973, 43.1849213], [131.9131988, 43.1849745], [131.9135115, 43.1849937], [131.9135564, 43.1849925], [131.9138356, 43.1849991], [131.914136, 43.1849951], [131.9144073, 43.1849748], [131.9146664, 43.1849598], [131.9149212, 43.1849457], [131.9149571, 43.1849446], [131.9157232, 43.1849349], [131.9159084, 43.1849363], [131.9160469, 43.1849354], [131.9161858, 43.1849331]]}}, {"type": "Feature", "properties": {"name": "Липовая улица", "part": "mainland", "theme": "tree", "descr": "https://t.me/vvtopo/177"}, "geometry": {"type": "LineString", "coordinates": [[131.8953434, 43.0950304], [131.8953897, 43.095058], [131.8954566, 43.0950908], [131.89553, 43.0951335], [131.8955552, 43.0951505], [131.8955912, 43.0951799], [131.8956818, 43.0952538], [131.8960012, 43.0955586], [131.896098, 43.095651], [131.8962739, 43.0958182], [131.8963445, 43.0958161], [131.8964149, 43.0958215], [131.8964651, 43.0958332], [131.8964993, 43.0958518], [131.8968124, 43.0961555], [131.8969175, 43.0962573], [131.8970666, 43.0963953]]}}, {"type": "Feature", "properties": {"name": "Ясеневая улица", "part": "mainland", "theme": "tree", "descr": "Упоминается в справочнике 1924 г."}, "geometry": {"type": "MultiLineString", "coordinates": [[[131.8912406, 43.0930397], [131.8914847, 43.0933484], [131.8919098, 43.0939224], [131.8919423, 43.0939632], [131.892053, 43.0940835]], [[131.8927761, 43.0934795], [131.8925629, 43.0936277], [131.8925184, 43.0936592], [131.8924316, 43.0937119], [131.8923599, 43.0937546], [131.8922025, 43.0938498], [131.8920984, 43.0939363], [131.8920614, 43.0939703], [131.8920554, 43.0940011], [131.892053, 43.0940835]], [[131.8910914, 43.0945945], [131.8910315, 43.0945716], [131.8909937, 43.0945646], [131.890954, 43.0945631], [131.8908765, 43.0945696], [131.8908249, 43.0945932], [131.8906853, 43.0946329], [131.8904866, 43.094793], [131.8904266, 43.0948332], [131.8903571, 43.0948665], [131.8902981, 43.0948714], [131.8901461, 43.0948465], [131.8900379, 43.0948076], [131.8900028, 43.0948111], [131.889976, 43.094817], [131.8899458, 43.0948283], [131.8898445, 43.0948949], [131.8898031, 43.09493], [131.8897111, 43.0950007], [131.88969, 43.0950118], [131.8894752, 43.0950807]], [[131.892053, 43.0940835], [131.8919838, 43.0941338], [131.8918596, 43.094194], [131.8914778, 43.0943475], [131.8912991, 43.0944375]], [[131.8912991, 43.0944375], [131.891222, 43.0944976], [131.8911513, 43.0945481], [131.8910914, 43.0945945]], [[131.8894752, 43.0950807], [131.8893715, 43.0950867], [131.8893052, 43.0950974], [131.8891231, 43.0951335], [131.8889864, 43.0951713], [131.8888624, 43.0952117], [131.8887531, 43.0952502], [131.8884979, 43.095359], [131.8884477, 43.0953845], [131.888357, 43.095447], [131.8882834, 43.0955121], [131.8881242, 43.0956775], [131.8880874, 43.0957841], [131.8880689, 43.0958532], [131.8880488, 43.0958975], [131.8880203, 43.0959627]]]}}, {"type": "Feature", "properties": {"name": "улица Чехова", "part": "mainland", "theme": "person", "descr": "ул. Чеховская образована 3 (18) декабря 1907 г."}, "geometry": {"type": "LineString", "coordinates": [[131.9059908, 43.1249844], [131.9060612, 43.1249612], [131.9061167, 43.1249429], [131.906247, 43.1248999], [131.9065582, 43.1247972], [131.9070507, 43.1246347], [131.9077269, 43.1244115], [131.908024, 43.1243135]]}}, {"type": "Feature", "properties": {"name": "улица Яблочкова", "part": "mainland", "theme": "person", "descr": "Образована 21.07.1950. Названа в честь русского электротехника, изобретателя и предпринимателя Яблочкова Павла Николаевича (1847-1894)."}, "geometry": {"type": "LineString", "coordinates": [[131.9570784, 43.1115519], [131.9570932, 43.1116092], [131.9571014, 43.1116533], [131.9570996, 43.1116979], [131.9570902, 43.1117444], [131.9570755, 43.111811], [131.9570487, 43.1119099], [131.9570047, 43.1120437], [131.9567384, 43.1128899], [131.9567342, 43.1129874]]}}, {"type": "Feature", "properties": {"name": "улица Пирогова", "part": "mainland", "theme": "person"}, "geometry": {"type": "MultiLineString", "coordinates": [[[131.9548191, 43.2155101], [131.9550324, 43.2156822], [131.9551629, 43.2157875], [131.9553668, 43.2159258], [131.9559458, 43.2163186], [131.956142, 43.2164479], [131.9563001, 43.2165862], [131.9565269, 43.2167617], [131.9565645, 43.2167866], [131.9566023, 43.2168103]], [[131.9558855, 43.2174125], [131.9558395, 43.2173803], [131.9557797, 43.2173385], [131.9555459, 43.2171728], [131.9551362, 43.2168768], [131.954678, 43.2165679], [131.954497, 43.2164366], [131.9540507, 43.216113]]]}}, {"type": "Feature", "properties": {"name": "улица Академика Комарова", "part": "mainland", "theme": "person", "descr": "https://t.me/vvtopo/241"}, "geometry": {"type": "MultiLineString", "coordinates": [[[132.032122, 43.2376022], [132.0319868, 43.2375728], [132.0319251, 43.237563], [132.0318963, 43.2375688], [132.0318741, 43.2375977], [132.031736, 43.2378898], [132.0315721, 43.2382468]], [[132.0374837, 43.2423459], [132.0369134, 43.2402043]], [[132.0332596, 43.2379752], [132.0330192, 43.2378828], [132.0329085, 43.237848], [132.032821, 43.237813], [132.0327229, 43.2377819], [132.0323771, 43.2376723], [132.032122, 43.2376022]]]}}, {"type": "Feature", "properties": {"name": "улица Белинского", "part": "mainland", "theme": "person", "descr": "Впервые упоминается в списке 1924 года."}, "geometry": {"type": "MultiLineString", "coordinates": [[[132.0079375, 43.2349252], [132.0079589, 43.2351037], [132.0080036, 43.2351826], [132.0080796, 43.2352424], [132.0081983, 43.2353005], [132.0083213, 43.2353568], [132.008901, 43.2355622], [132.0095655, 43.2357681], [132.0101379, 43.2359477], [132.0107924, 43.2361119], [132.0112933, 43.2362292], [132.0115182, 43.2362737], [132.0117741, 43.2363143], [132.0118589, 43.2363245]], [[132.0079242, 43.2345963], [132.0079313, 43.2348236], [132.0079375, 43.2349252]], [[131.9976892, 43.2320578], [131.9983293, 43.2321522], [131.9990859, 43.2323142], [131.999449, 43.2324187], [131.9997519, 43.232528], [131.9999369, 43.232595], [132.0000531, 43.2326091]], [[132.0064955, 43.2340779], [132.0064522, 43.2340338], [132.0063932, 43.2340162], [132.0062542, 43.2339904], [132.0061777, 43.2339791], [132.0060806, 43.2339593], [132.0059118, 43.2339019], [132.0058474, 43.2338921], [132.0058022, 43.2338851], [132.0057468, 43.2338823], [132.0056663, 43.2338833], [132.0055574, 43.2338745], [132.0053485, 43.2338472], [132.0051688, 43.2338257], [132.0050238, 43.2338009], [132.0046621, 43.2337205], [132.0043191, 43.2336397], [132.0040745, 43.2335755], [132.0039001, 43.2335179], [132.0035884, 43.233399], [132.0033523, 43.2333122], [132.0030928, 43.2331891], [132.0029358, 43.2331046], [132.0027414, 43.2329805], [132.0025121, 43.2328457], [132.0021988, 43.2326691], [132.0020812, 43.2326043], [132.0019318, 43.2325371], [132.0018522, 43.2325051], [132.0017812, 43.2324841], [132.0017269, 43.2324724], [132.0016847, 43.2324667], [132.0016229, 43.2324685], [132.0015398, 43.2324724], [132.0014047, 43.2324888], [132.001283, 43.2325194]]]}}, {"type": "Feature", "properties": {"name": "Черноморская улица", "part": "mainland", "theme": "place", "descr": "Упоминается в справочнике 1924 г."}, "geometry": {"type": "MultiLineString", "coordinates": [[[131.926021, 43.198605], [131.9261594, 43.1986766], [131.9262346, 43.198714], [131.9264626, 43.1988512], [131.9265184, 43.198885], [131.9266007, 43.198955], [131.9266254, 43.1989789], [131.9267852, 43.1991401], [131.9271044, 43.1995146], [131.9274361, 43.1999331], [131.9282677, 43.20098], [131.9282699, 43.2010133], [131.9282632, 43.2010622], [131.9282895, 43.2011349], [131.9283008, 43.2011801]], [[131.9253611, 43.1973463], [131.9253288, 43.197311], [131.925304, 43.1972885], [131.9251957, 43.1972011], [131.9251839, 43.1971792], [131.9251657, 43.1971454], [131.9249815, 43.1968158], [131.9248878, 43.1967001]], [[131.9310617, 43.2029001], [131.9311151, 43.2028762], [131.9311668, 43.202866], [131.9313364, 43.2028488], [131.9315208, 43.2028126], [131.9317165, 43.2027826], [131.9319192, 43.2027736], [131.932206, 43.2027882], [131.9325309, 43.2028267], [131.9326472, 43.2028454], [131.932725, 43.2028698], [131.9328055, 43.2028972], [131.9330211, 43.2030458]], [[131.9345812, 43.2041632], [131.934447, 43.2041415], [131.9343532, 43.2041241], [131.9342845, 43.2040985], [131.934147, 43.2040262], [131.9338914, 43.2037863], [131.933357, 43.203264], [131.9332976, 43.2032198], [131.9331999, 43.2031553], [131.9330211, 43.2030458]], [[131.9289778, 43.2018308], [131.9291351, 43.2020332], [131.9292029, 43.2020993], [131.9292913, 43.2021993]]]}}, {"type": "Feature", "properties": {"name": "улица Руднева", "part": "mainland", "theme": "person", "descr": "Изначально Городская. Впервые упоминается в списке 1924 года. Переименована 08.05.1965"}, "geometry": {"type": "MultiLineString", "coordinates": [[[131.9625307, 43.1325726], [131.9625088, 43.1324578], [131.9624632, 43.1323775], [131.9623774, 43.1322973], [131.9614699, 43.1317152], [131.9613004, 43.1316338], [131.9610509, 43.1316025], [131.9609007, 43.1316279], [131.9608122, 43.1316788], [131.9605708, 43.1318628], [131.9597413, 43.1325535], [131.9596737, 43.132591], [131.9595676, 43.1326126], [131.9593542, 43.132635], [131.9582167, 43.1327127], [131.9573817, 43.1327632], [131.9573281, 43.1327757], [131.9572873, 43.1327852], [131.9572081, 43.1328156], [131.9571305, 43.1328605], [131.9569447, 43.133], [131.9568693, 43.1330446], [131.9567107, 43.1330917], [131.9551013, 43.1334605], [131.9536396, 43.1337956], [131.953531, 43.1338339], [131.9534197, 43.1339035], [131.9533434, 43.1339613], [131.9530087, 43.1342697], [131.952919, 43.1343078], [131.9527882, 43.1343438], [131.9506654, 43.1346629], [131.9505788, 43.1346727], [131.9505219, 43.1346649], [131.9504761, 43.1346467], [131.9504169, 43.1346163], [131.9503163, 43.1345556], [131.9501406, 43.134444], [131.9499826, 43.1343473], [131.9498836, 43.1343154], [131.9497342, 43.1343033], [131.9495585, 43.134293]], [[131.9495585, 43.134293], [131.9495478, 43.1343317], [131.9495414, 43.1343473], [131.9495032, 43.1343731], [131.9494625, 43.1343896], [131.9493877, 43.1344107], [131.9484749, 43.1345976], [131.9483756, 43.1346198], [131.9483019, 43.1346417], [131.9482657, 43.1346574], [131.9482243, 43.1346859], [131.9481451, 43.1347172], [131.9479694, 43.1347592], [131.9478902, 43.1347769], [131.9478506, 43.1347816], [131.9472636, 43.1347506], [131.9469266, 43.1347323], [131.9468322, 43.1347197], [131.946443, 43.1346565], [131.9462636, 43.1346168], [131.9456124, 43.1344592], [131.945464, 43.1344154], [131.9449361, 43.134249], [131.9442286, 43.134021], [131.9439883, 43.1339439], [131.9434802, 43.1337956], [131.943371, 43.1337626], [131.9432867, 43.1337175], [131.9432594, 43.1336983], [131.9430951, 43.1335772], [131.943051, 43.1335206], [131.9430278, 43.133484], [131.942965, 43.1333951], [131.9429231, 43.1332812], [131.9429129, 43.1332493], [131.9429139, 43.1332118], [131.9429213, 43.1331825], [131.9429328, 43.1331247], [131.9429555, 43.1330398], [131.9429526, 43.1329746], [131.9429286, 43.1328977], [131.9429129, 43.1328649], [131.9428971, 43.1328076], [131.9428874, 43.1327359], [131.9428648, 43.1325723], [131.942832, 43.1324096], [131.9428194, 43.1322071], [131.9427811, 43.1318127], [131.9427619, 43.1315661], [131.9427578, 43.1314848], [131.9427645, 43.1314339], [131.9427778, 43.1313955], [131.9427987, 43.1313554], [131.9428128, 43.1313405], [131.9428347, 43.1313252], [131.9429006, 43.1312956]]]}}, {"type": "Feature", "properties": {"name": "улица Карамзина", "part": "mainland", "theme": "person", "descr": "Образована 3 (18) декабря 1907 г."}, "geometry": {"type": "LineString", "coordinates": [[131.9047171, 43.1185047], [131.9047573, 43.1185838], [131.9047642, 43.1186036], [131.9047759, 43.1186283], [131.904837, 43.1187577], [131.9048585, 43.1187944], [131.9048684, 43.1188059], [131.9049436, 43.1189139], [131.9049744, 43.1189581], [131.9050591, 43.1190799], [131.9053017, 43.1194285]]}}, {"type": "Feature", "properties": {"name": "Азовская улица", "part": "mainland", "theme": "place", "descr": "https://t.me/vvtopo/176"}, "geometry": {"type": "MultiLineString", "coordinates": [[[131.9272522, 43.1963067], [131.9269144, 43.1959998], [131.9268309, 43.1959473], [131.9267973, 43.1959091], [131.9267898, 43.1958823], [131.9266606, 43.1958842], [131.9263331, 43.1959207], [131.9259444, 43.1959872], [131.9256145, 43.1960801], [131.9253459, 43.1961713], [131.925126, 43.1962572], [131.9250418, 43.1963079], [131.924976, 43.196347], [131.9249417, 43.1963962], [131.9249147, 43.196462], [131.9249037, 43.1966071], [131.9248878, 43.1967001]], [[131.9248878, 43.1967001], [131.9248285, 43.1966257], [131.9247197, 43.1965357], [131.924622, 43.196499], [131.924446, 43.1964667], [131.9242828, 43.1964692], [131.9238362, 43.1964731], [131.9234566, 43.1964966], [131.9231275, 43.1965397], [131.9226493, 43.1965269], [131.9225741, 43.1965377], [131.9225124, 43.1965587], [131.9218579, 43.1968021]], [[131.9278254, 43.1955703], [131.9272855, 43.1957467], [131.926985, 43.1958513], [131.9267898, 43.1958823]]]}}, {"type": "Feature", "properties": {"name": "Балтийская улица", "part": "mainland", "theme": "place", "descr": "Упоминается в справочнике 1924 года. Часть южнее ул. Радио считается частью Балтийской ул. с 28.08.1954."}, "geometry": {"type": "MultiLineString", "coordinates": [[[131.9243338, 43.1990269], [131.9249602, 43.1997836], [131.925308, 43.2002053], [131.9261179, 43.2012825], [131.926229, 43.2014645], [131.9262808, 43.2015296], [131.9263934, 43.2016576], [131.9265479, 43.2018501], [131.9269373, 43.202341], [131.9271778, 43.2026391], [131.9275822, 43.2031621], [131.9278998, 43.2035927], [131.9280446, 43.2037721], [131.9281559, 43.203861]], [[131.9241823, 43.1979049], [131.9240218, 43.1977188], [131.9238269, 43.1974509], [131.9235679, 43.1971429], [131.9231871, 43.196652], [131.9231275, 43.1965397]], [[131.9339914, 43.2062579], [131.9337449, 43.2061418], [131.9335518, 43.2060433], [131.9334459, 43.2059764], [131.9333501, 43.2059177], [131.9332312, 43.205861], [131.9326595, 43.2055628], [131.9326129, 43.2055506], [131.9323985, 43.2054451], [131.9317537, 43.2051189], [131.9316561, 43.2050695], [131.9313651, 43.2048976], [131.93127, 43.2048639], [131.9311427, 43.2048307], [131.9309882, 43.2047986], [131.9309589, 43.2047746], [131.9308704, 43.2046367], [131.9308141, 43.2045994], [131.9307549, 43.2045668], [131.9306705, 43.2045565], [131.9303032, 43.2044978], [131.9300106, 43.2044329], [131.9299248, 43.2044133], [131.9298336, 43.2043908], [131.9297692, 43.2043693]], [[131.9236318, 43.1986457], [131.9236878, 43.1986469], [131.9237963, 43.198637], [131.9238875, 43.1986292], [131.9239532, 43.1986302], [131.9240175, 43.1986517], [131.9240522, 43.1986882], [131.9243338, 43.1990269]], [[131.9348194, 43.2044278], [131.9346, 43.204588], [131.9345359, 43.2046907], [131.9345192, 43.2048549], [131.9345085, 43.2049092], [131.934493, 43.204942], [131.9340968, 43.2053228], [131.9340626, 43.2053564], [131.9340229, 43.2053914], [131.9338831, 43.2054823], [131.9337898, 43.2055448], [131.9336277, 43.2056626], [131.9334372, 43.2058425], [131.9333501, 43.2059177]]]}}, {"type": "Feature", "properties": {"name": "переулок Беринга", "part": "mainland", "theme": "person"}, "geometry": {"type": "LineString", "coordinates": [[131.9275822, 43.2031621], [131.9286746, 43.202663], [131.9290702, 43.2024755], [131.9291765, 43.2024093], [131.9292033, 43.20238], [131.9292215, 43.2023556], [131.9292913, 43.2021993]]}}, {"type": "Feature", "properties": {"name": "переулок Пархоменко", "part": "mainland", "theme": "person"}, "geometry": {"type": "LineString", "coordinates": [[131.9082494, 43.177676], [131.9089189, 43.1776704]]}}, {"type": "Feature", "properties": {"name": "улица Каляева", "part": "mainland", "theme": "person"}, "geometry": {"type": "LineString", "coordinates": [[131.909323, 43.1770505], [131.9093245, 43.1769749], [131.9093066, 43.1768005], [131.9092982, 43.1765184], [131.9092882, 43.1764097], [131.9092597, 43.1762331]]}}, {"type": "Feature", "properties": {"name": "улица Пархоменко", "part": "mainland", "theme": "person", "descr": "https://t.me/ochkuryvl/3626"}, "geometry": {"type": "LineString", "coordinates": [[131.9082504, 43.1786635], [131.9082504, 43.1782152], [131.9082494, 43.177676], [131.9082411, 43.1771184]]}}, {"type": "Feature", "properties": {"name": "улица Профессора Куренцова", "part": "mainland", "theme": "person"}, "geometry": {"type": "LineString", "coordinates": [[131.9405181, 43.1968657], [131.9407758, 43.1969982], [131.9413016, 43.1972792], [131.9419478, 43.1975994], [131.9429245, 43.1981036], [131.9431977, 43.1982447], [131.943512, 43.1984267], [131.9437774, 43.1985796], [131.94384, 43.1986064]]}}, {"type": "Feature", "properties": {"name": "улица Серова", "part": "mainland", "theme": "person", "descr": "Упоминается в справочнике 1924 г."}, "geometry": {"type": "MultiLineString", "coordinates": [[[131.9385173, 43.2099785], [131.9385706, 43.2099236], [131.9385978, 43.2098911], [131.9386664, 43.2097982], [131.9387668, 43.2096966], [131.9389602, 43.2095718], [131.9390244, 43.2095312], [131.9391477, 43.2094909], [131.939255, 43.2094641], [131.9395044, 43.2093955], [131.9396183, 43.209347], [131.9397243, 43.2092881], [131.9398221, 43.2092247], [131.9399431, 43.2091532]], [[131.9431364, 43.2097957], [131.943226, 43.2096967], [131.943502, 43.2094088], [131.943579, 43.2093158], [131.9436978, 43.2091632], [131.9438302, 43.2089875], [131.9439406, 43.2088453], [131.9440493, 43.208689], [131.944055, 43.2086554]], [[131.9443134, 43.2126112], [131.9441565, 43.2125674], [131.94404, 43.2125449], [131.9439417, 43.2125377], [131.9437878, 43.2125], [131.9437278, 43.2124565], [131.9436632, 43.2124], [131.9435745, 43.2123193], [131.9433633, 43.2122133], [131.9431438, 43.2120455], [131.942908, 43.2118992], [131.9426898, 43.2117776], [131.9424275, 43.2116434], [131.9423262, 43.2115668], [131.9421213, 43.2113191]], [[131.9421213, 43.2113191], [131.9417563, 43.21096], [131.9413595, 43.2105722]], [[131.9413595, 43.2105722], [131.9412271, 43.2104262], [131.9408352, 43.2100018], [131.94076, 43.2099326], [131.940595, 43.2097684], [131.9401974, 43.2093144], [131.9401439, 43.2092805], [131.9399431, 43.2091532], [131.9390112, 43.2085261], [131.9385176, 43.2080936], [131.9383483, 43.2079441], [131.9382086, 43.2078706], [131.9381028, 43.2077133], [131.9379917, 43.2075788], [131.9378343, 43.2074797], [131.9376871, 43.207429], [131.9375896, 43.2073858], [131.93755, 43.2073308], [131.9373994, 43.2070867]], [[131.9474203, 43.2147853], [131.9473658, 43.2148097], [131.9473149, 43.2148195], [131.9472833, 43.2148246], [131.9471969, 43.2148126], [131.9471311, 43.2147872], [131.9470325, 43.2147547], [131.9465639, 43.2145458], [131.9463352, 43.2144486], [131.9462708, 43.2144351], [131.9461833, 43.2144274], [131.9458642, 43.214417], [131.9457067, 43.2144337], [131.9456343, 43.2144423], [131.9455426, 43.2144637], [131.9454173, 43.2145013], [131.9453629, 43.2145165]], [[131.949945, 43.2163403], [131.950085, 43.2164017], [131.9502998, 43.2164951], [131.9503995, 43.2165395], [131.9505599, 43.2166102], [131.9506114, 43.2166296], [131.951074, 43.2168123], [131.9514106, 43.2169071], [131.9516093, 43.2169753], [131.9517473, 43.2170303], [131.9520152, 43.2171413], [131.9522448, 43.2172365], [131.9524461, 43.2173307], [131.9524873, 43.2173615]], [[131.9348194, 43.2044278], [131.9348018, 43.2043977], [131.934707, 43.2043199], [131.9345812, 43.2041632]], [[131.9443134, 43.2126112], [131.9446576, 43.2126114], [131.9447961, 43.2126315], [131.9449035, 43.2127005], [131.944966, 43.21272], [131.9450507, 43.2127527], [131.9451136, 43.2128552], [131.9450849, 43.2129054], [131.9450637, 43.2129587], [131.9450716, 43.2130494], [131.9450887, 43.2132116], [131.9451384, 43.213364], [131.9452054, 43.2135332], [131.9452361, 43.2136212], [131.9452697, 43.2137453], [131.9452845, 43.2137952], [131.9453059, 43.2138323], [131.9453325, 43.213875], [131.9454185, 43.2140023], [131.945546, 43.214199], [131.9455728, 43.2142594], [131.9455835, 43.2142917], [131.9456343, 43.2144423]], [[131.9473583, 43.2154303], [131.947259, 43.2154401], [131.947195, 43.2154415], [131.9470882, 43.2154391], [131.9468832, 43.2153777], [131.9465867, 43.2152563], [131.9461977, 43.2150804], [131.9460807, 43.2150177], [131.9460059, 43.2149689], [131.945955, 43.2149328], [131.9459188, 43.214928], [131.9458933, 43.2149406], [131.9458583, 43.2149612], [131.9457673, 43.2149954]], [[131.9356848, 43.2051612], [131.9351923, 43.2046693], [131.9349972, 43.2044826], [131.9349349, 43.2044514], [131.9348786, 43.2044319], [131.9348194, 43.2044278]], [[131.9424112, 43.2100072], [131.942519, 43.209992], [131.9426881, 43.2100301], [131.9427887, 43.2100526], [131.942896, 43.2100565], [131.9429388, 43.2100487], [131.9429872, 43.2100193], [131.9430032, 43.209987], [131.9430032, 43.2099509]], [[131.9451235, 43.214539], [131.9450432, 43.2145062], [131.9448969, 43.214448], [131.9447748, 43.2143747], [131.9445164, 43.2142636]], [[131.9453629, 43.2145165], [131.9451235, 43.214539]]]}}, {"type": "Feature", "properties": {"name": "Волховская улица", "part": "mainland", "theme": "place", "descr": "Упомянута в справочнике 1924 г. Иначе Волковская."}, "geometry": {"type": "MultiLineString", "coordinates": [[[131.9143505, 43.1514715], [131.914565, 43.1514298], [131.9147634, 43.151387], [131.9151163, 43.151296], [131.9154522, 43.1512114], [131.9155517, 43.1511859], [131.9156318, 43.1511655], [131.9159354, 43.1510834], [131.9162708, 43.1509882], [131.9166405, 43.1508833], [131.9168408, 43.1508288], [131.9169836, 43.1507899], [131.9171054, 43.150761]], [[131.9177563, 43.1505816], [131.9179212, 43.1505393], [131.918355, 43.1504048], [131.9183769, 43.1503927], [131.9183965, 43.1503774], [131.9184091, 43.1503646], [131.9184164, 43.1503476], [131.9184073, 43.1501439], [131.9184082, 43.1499784], [131.9184487, 43.1498576], [131.9184784, 43.1497689], [131.9188346, 43.1492967], [131.9189567, 43.1491675], [131.9190391, 43.1490803]], [[131.9171054, 43.150761], [131.9172542, 43.150714], [131.9177563, 43.1505816]]]}}, {"type": "Feature", "properties": {"name": "Ильменская улица", "part": "mainland", "theme": "place", "descr": "Образована 23.08.1994"}, "geometry": {"type": "LineString", "coordinates": [[132.0190375, 43.1285541], [132.0190034, 43.1283404], [132.0190667, 43.12805], [132.0191157, 43.127746], [132.019147, 43.1275785], [132.019357, 43.1271407], [132.0193676, 43.1270999], [132.0193502, 43.1270635]]}}, {"type": "Feature", "properties": {"name": "улица Алябьева", "part": "mainland", "theme": "person", "descr": "Образована 27.08.1954"}, "geometry": {"type": "MultiLineString", "coordinates": [[[131.9534203, 43.2066634], [131.9534149, 43.2066812], [131.9534196, 43.2067081], [131.953436, 43.2067444], [131.9534613, 43.2067747], [131.9534754, 43.2067856], [131.9538152, 43.2069833], [131.9538705, 43.2070177], [131.9543252, 43.2072877], [131.9546005, 43.2074418], [131.9546508, 43.2074768], [131.9546601, 43.2074943], [131.95463, 43.2076392]], [[131.9500607, 43.2079156], [131.9501007, 43.2078001], [131.9501293, 43.2076788], [131.9501614, 43.2074642], [131.9501758, 43.2073167], [131.9501771, 43.2072067], [131.9501749, 43.2071216], [131.9500417, 43.2064247], [131.9499291, 43.205932], [131.9498607, 43.2056754], [131.9498741, 43.2056148], [131.9499425, 43.2056002], [131.9500042, 43.2056393], [131.950031, 43.2056974], [131.950098, 43.2058245], [131.9501919, 43.2060259], [131.9502536, 43.2061842], [131.9503582, 43.2064032], [131.9504595, 43.2066376], [131.9505781, 43.2068309], [131.9506264, 43.2068876], [131.9507069, 43.2069482], [131.950743, 43.2069686], [131.9509081, 43.2070068]], [[131.9509081, 43.2070068], [131.951407, 43.206954], [131.952321, 43.2068696]]]}}, {"type": "Feature", "properties": {"name": "улица Джамбула", "part": "mainland", "theme": "person"}, "geometry": {"type": "MultiLineString", "coordinates": [[[132.022324, 43.243899], [132.0246727, 43.24389], [132.0261303, 43.2438921], [132.0274018, 43.2439026], [132.0280895, 43.2439046]], [[132.0304467, 43.2441987], [132.0302444, 43.2442214], [132.0301098, 43.2442161], [132.030059, 43.2441981], [132.0299862, 43.2441531], [132.0299107, 43.244075]]]}}, {"type": "Feature", "properties": {"name": "улица Маяковского", "part": "mainland", "theme": "person"}, "geometry": {"type": "MultiLineString", "coordinates": [[[132.017851, 43.2450438], [132.0178459, 43.2451196], [132.0178393, 43.2451664], [132.017842, 43.2452154], [132.0178473, 43.2452696], [132.0178771, 43.2453385], [132.0178691, 43.2453707], [132.0178941, 43.2453849], [132.0179883, 43.2454197], [132.018065, 43.245449], [132.0183448, 43.2455393], [132.0184847, 43.2455676], [132.019224, 43.245749], [132.01935, 43.2457976], [132.0194676, 43.245861], [132.0198529, 43.2459628], [132.0200253, 43.2459986], [132.0201791, 43.2460498], [132.0202776, 43.2460741], [132.0203756, 43.2460878], [132.0205681, 43.2460827], [132.0207712, 43.2460741], [132.0209939, 43.2460839], [132.021633, 43.2460979]], [[132.0174852, 43.2425202], [132.0174314, 43.2425227], [132.0173485, 43.2425154], [132.0172151, 43.2424988], [132.0170375, 43.2424849], [132.0169453, 43.2424836], [132.0168852, 43.2424966], [132.0168506, 43.2425266], [132.0168338, 43.2425699], [132.0168553, 43.2426375], [132.0169096, 43.2427598], [132.0169258, 43.2428044], [132.0169336, 43.2428452], [132.0169348, 43.2428799], [132.0168689, 43.2429253], [132.0165889, 43.2430901], [132.016456, 43.2431787], [132.016438, 43.2432183], [132.0164575, 43.2432491], [132.0164985, 43.2432581], [132.0167428, 43.2432719], [132.0168025, 43.2432753]]]}}, {"type": "Feature", "properties": {"name": "улица Никитина", "part": "mainland", "theme": "person"}, "geometry": {"type": "LineString", "coordinates": [[132.0217713, 43.2451648], [132.0230891, 43.2451718], [132.0246027, 43.2451568], [132.0246689, 43.2451559], [132.0251201, 43.2451363], [132.0253854, 43.2451176], [132.0255154, 43.2451083], [132.025615, 43.2450997], [132.0256518, 43.2450968]]}}, {"type": "Feature", "properties": {"name": "улица Стальского", "part": "mainland", "theme": "person"}, "geometry": {"type": "LineString", "coordinates": [[132.0218265, 43.2445305], [132.0222813, 43.2445324], [132.0228566, 43.2445384], [132.0232576, 43.2445375], [132.024674, 43.2445177], [132.0247798, 43.2445189], [132.0262026, 43.2445677], [132.0273124, 43.2446057], [132.0273972, 43.2446156], [132.0281139, 43.2446257], [132.0282921, 43.2446322], [132.028478, 43.2446411], [132.0286432, 43.2446473], [132.0287535, 43.2446527], [132.0288302, 43.2446717], [132.0288743, 43.2447021], [132.0289399, 43.2447778], [132.0291192, 43.2450371], [132.0291357, 43.2450514], [132.0291652, 43.245063], [132.0292207, 43.2450756]]}}, {"type": "Feature", "properties": {"name": "улица Воровского", "part": "mainland", "theme": "person"}, "geometry": {"type": "MultiLineString", "coordinates": [[[132.0288934, 43.2476217], [132.0287622, 43.2476048], [132.0286649, 43.2475824], [132.0283323, 43.2474789], [132.0281443, 43.247439], [132.0279783, 43.2474505], [132.0277959, 43.2474729], [132.0275974, 43.2474545], [132.0274365, 43.2474046], [132.0273721, 43.2473616], [132.0273026, 43.2473132], [132.0272221, 43.2472757], [132.0270916, 43.2472145], [132.0270219, 43.2471773]], [[132.0399882, 43.2647288], [132.0392726, 43.2650232], [132.0391507, 43.2650805], [132.0391209, 43.2651052], [132.0390713, 43.2651898]], [[132.0316205, 43.2477987], [132.0322878, 43.24807], [132.032382, 43.2480891], [132.0324798, 43.2480691], [132.0329885, 43.2478325], [132.0331132, 43.2477748], [132.0332106, 43.2477821], [132.0332667, 43.2478235], [132.0333856, 43.248028], [132.0337334, 43.2486768], [132.0337726, 43.2488216]], [[132.0337726, 43.2488216], [132.0337686, 43.2489028], [132.0338304, 43.2492011]], [[132.039069, 43.2654263], [132.0390713, 43.2651898]], [[132.0392969, 43.2612608], [132.0393756, 43.2611755], [132.0394651, 43.2610933], [132.0395129, 43.261047], [132.0395504, 43.2610013], [132.0395882, 43.260961], [132.0396279, 43.2608949], [132.0396662, 43.2607665], [132.0396904, 43.2606623], [132.0396996, 43.2605762], [132.039721, 43.2605098], [132.0397493, 43.2604365], [132.0397693, 43.2604043], [132.0398053, 43.2603646], [132.0398501, 43.2603246], [132.0399087, 43.2602926], [132.0400071, 43.2602364], [132.0401654, 43.2601563], [132.0402843, 43.2601035], [132.0403238, 43.2600879], [132.0403406, 43.2600791], [132.040358, 43.2600625], [132.0403889, 43.2599548], [132.040425, 43.2598175], [132.0404768, 43.2596186], [132.0405004, 43.2594943], [132.0405034, 43.2594459], [132.0405082, 43.2594071], [132.0405159, 43.2593886], [132.0405484, 43.2593651], [132.0406368, 43.2593197], [132.0406678, 43.2593075], [132.0407014, 43.2592823], [132.0407301, 43.2592607], [132.0407646, 43.2592348], [132.0408793, 43.2591821]], [[132.0365397, 43.2545418], [132.0367705, 43.2552335], [132.0367803, 43.2553705], [132.0367602, 43.2555276], [132.0367367, 43.2556518], [132.0367168, 43.2557135], [132.0366216, 43.2559962]], [[132.0391018, 43.2659335], [132.0391044, 43.2662219], [132.0390961, 43.266305], [132.0390877, 43.2663557], [132.0390307, 43.266497], [132.0388709, 43.2667524], [132.0387283, 43.2669803], [132.0386439, 43.2671151]], [[132.0338795, 43.2494479], [132.0339044, 43.2495271], [132.0340258, 43.2498426], [132.0342278, 43.2500909], [132.0344074, 43.2502757], [132.0345374, 43.250395], [132.0347518, 43.2505701], [132.0349681, 43.2507542], [132.0351582, 43.2508951], [132.0355949, 43.2512305], [132.0363141, 43.251711], [132.0364037, 43.251789], [132.0364285, 43.2518915], [132.0364067, 43.2519804], [132.0363071, 43.2520526], [132.0362699, 43.2520638], [132.0361789, 43.2520798], [132.0360303, 43.2521031], [132.0359257, 43.2521285]], [[132.0338304, 43.2492011], [132.0338621, 43.2493643], [132.0338795, 43.2494479]]]}}, {"type": "Feature", "properties": {"name": "улица Гассе", "part": "mainland", "theme": "person"}, "geometry": {"type": "LineString", "coordinates": [[132.0183448, 43.2455393], [132.0183676, 43.2457272], [132.0184318, 43.2459199], [132.018443, 43.2459803], [132.018447, 43.2460566], [132.0184515, 43.2461508], [132.0183703, 43.2466325], [132.0183586, 43.246671], [132.0183442, 43.2467003], [132.0183203, 43.2467218], [132.0183011, 43.2467327], [132.0181936, 43.2467667], [132.0173934, 43.247052]]}}, {"type": "Feature", "properties": {"name": "улица Грекова", "part": "mainland", "theme": "person", "descr": "Образована 04.04.1968"}, "geometry": {"type": "MultiLineString", "coordinates": [[[131.9601252, 43.2147659], [131.9603839, 43.2146592], [131.9605927, 43.2145527], [131.9608755, 43.2143813], [131.9610136, 43.2142622], [131.961133, 43.2141078], [131.9612085, 43.2140069], [131.9613157, 43.2138828], [131.9619531, 43.2135], [131.9624709, 43.2131824], [131.9627618, 43.2130055], [131.9628844, 43.2129203], [131.9629419, 43.2128813]], [[131.9581673, 43.2153655], [131.9582788, 43.2154331], [131.9585099, 43.2155769], [131.9586688, 43.215677], [131.9588269, 43.2157806], [131.958983, 43.2158718], [131.9591315, 43.2159211], [131.9592595, 43.2159423], [131.9593481, 43.2159364], [131.9593943, 43.215924], [131.9595185, 43.215858], [131.9596149, 43.2157984], [131.9597644, 43.2156792], [131.9599973, 43.2155418], [131.9602116, 43.2154322], [131.9603752, 43.2153457]], [[131.9603752, 43.2153457], [131.9604662, 43.2153391], [131.9605823, 43.2153519], [131.96066, 43.2153509], [131.9607505, 43.2153344], [131.9608206, 43.2152924], [131.9610896, 43.2151403], [131.9619357, 43.2146216], [131.9625594, 43.2142737]]]}}, {"type": "Feature", "properties": {"name": "улица Поленова", "part": "mainland", "theme": "person", "descr": "Отмечена без названия на плане 1909 г. Как ул. Поленова упоминается в справочнике 1924 г. Нумерация изначально шла от ул. Верещагина."}, "geometry": {"type": "MultiLineString", "coordinates": [[[131.9629419, 43.2128813], [131.9629926, 43.2128441], [131.9630286, 43.2128031]], [[131.9618635, 43.2119993], [131.9616019, 43.2116704], [131.9610938, 43.2110613], [131.9608271, 43.2107393], [131.9605515, 43.2106677], [131.9603546, 43.2105935], [131.9600111, 43.210468], [131.9596409, 43.2103252], [131.9593895, 43.2102484], [131.9591528, 43.2101826], [131.9590113, 43.2101642], [131.9589275, 43.2101533], [131.9584391, 43.2100916]], [[131.9630286, 43.2128031], [131.9632779, 43.2128284], [131.9636965, 43.2128901], [131.9638559, 43.2129426], [131.9640158, 43.2130095], [131.9640379, 43.2130497]], [[131.9630286, 43.2128031], [131.9629481, 43.2127875], [131.9628314, 43.2127239], [131.962633, 43.2125529], [131.9622816, 43.2122438], [131.9620915, 43.2120633], [131.9620026, 43.2119591]]]}}, {"type": "Feature", "properties": {"name": "улица Репина", "part": "mainland", "theme": "person", "descr": "Отмечена без названия на плане 1912 г. Как ул. Репина упоминается в справочнике 1924 г."}, "geometry": {"type": "LineString", "coordinates": [[131.9584391, 43.2100916], [131.9584459, 43.2103071], [131.95853, 43.2105353], [131.9589636, 43.2114962], [131.9590065, 43.2115949], [131.9593981, 43.2124086], [131.9595468, 43.2126453], [131.9596102, 43.2127219], [131.9597065, 43.212785], [131.9598325, 43.2128729]]}}, {"type": "Feature", "properties": {"name": "улица Лаптева", "part": "mainland", "theme": "person", "descr": "Упомянута в списках 1963 и 1964 гг. Обозначена на плане 1968 г."}, "geometry": {"type": "LineString", "coordinates": [[131.9402443, 43.1395686], [131.9400135, 43.1394052], [131.9396639, 43.1390544], [131.9393336, 43.1386964], [131.9383013, 43.138526], [131.9382356, 43.1385201], [131.9381241, 43.1385199]]}}, {"type": "Feature", "properties": {"name": "Абрикосовая улица", "part": "mainland", "theme": "tree", "descr": "Образована 25.05.1990"}, "geometry": {"type": "LineString", "coordinates": [[132.0331223, 43.216568], [132.0331713, 43.2165422], [132.0331979, 43.2164927], [132.0332086, 43.2164321], [132.0332091, 43.2163067], [132.0331828, 43.2161591], [132.0331326, 43.2159341], [132.0331222, 43.2158753], [132.0330951, 43.2158439], [132.0330563, 43.215836], [132.0322974, 43.2158312], [132.0316302, 43.2158263], [132.0311252, 43.2158172], [132.0306958, 43.215814], [132.0305224, 43.2158076], [132.0304707, 43.2157918], [132.0304231, 43.2157558], [132.030387, 43.2157177], [132.0302758, 43.2155223], [132.0302247, 43.2154175], [132.0301978, 43.2153746], [132.0301515, 43.2153462], [132.0300964, 43.2153344], [132.0300503, 43.2153238], [132.0299859, 43.215316], [132.0298693, 43.215313], [132.0295903, 43.215317], [132.0294746, 43.2153117], [132.029361, 43.2153004], [132.0293114, 43.2153037], [132.0292876, 43.215323], [132.0292228, 43.2154587], [132.0291974, 43.2154941], [132.0291571, 43.2155256], [132.0289707, 43.2156532]]}}, {"type": "Feature", "properties": {"name": "Яблоневая улица", "part": "mainland", "theme": "tree", "descr": "Образована 25.05.1990"}, "geometry": {"type": "MultiLineString", "coordinates": [[[132.0082193, 43.2221083], [132.0087768, 43.2215906], [132.0091186, 43.2212095], [132.009615, 43.2206402], [132.0097275, 43.2205322], [132.0098758, 43.2204329], [132.01048, 43.2200353], [132.0132861, 43.2182518], [132.0135978, 43.2180847], [132.0141689, 43.2177271], [132.0142757, 43.2176614], [132.0148234, 43.2173244], [132.014953, 43.217248], [132.0150715, 43.2171974], [132.0152079, 43.2171485], [132.0156452, 43.2170637], [132.016487, 43.216929], [132.016692, 43.21691], [132.016981, 43.21691], [132.01724, 43.216918], [132.0174902, 43.2169441], [132.0180131, 43.2169551], [132.0181272, 43.2169501], [132.0181953, 43.2169406], [132.0182682, 43.2169226], [132.0183684, 43.216888], [132.0195833, 43.2163364], [132.0198379, 43.2163056], [132.020264, 43.2162905], [132.0205524, 43.2163134]], [[132.0208739, 43.2163712], [132.0216405, 43.2164248], [132.0218195, 43.2164284], [132.0221797, 43.2163989], [132.0229653, 43.2165895], [132.0232963, 43.2165641], [132.0238854, 43.2163955], [132.0240702, 43.2163877], [132.0255939, 43.2164107], [132.0260162, 43.2164112], [132.0274479, 43.2164288], [132.0284424, 43.2164629], [132.0292086, 43.216483], [132.0311826, 43.2165334], [132.0318133, 43.216563], [132.0321134, 43.2165914], [132.0324139, 43.2166024], [132.0329122, 43.2165973], [132.033002, 43.2165938], [132.0330752, 43.216581], [132.0331223, 43.216568]]]}}, {"type": "Feature", "properties": {"name": "улица Майкова", "part": "mainland", "theme": "person", "descr": "Отмечена без названия на плане 1909 г. Как ул. Майкова упоминается в справочнике 1924 г."}, "geometry": {"type": "MultiLineString", "coordinates": [[[132.0062662, 43.224714], [132.0061601, 43.2249221], [132.0060736, 43.2251075], [132.0059989, 43.2252546], [132.0059264, 43.2255988], [132.0059134, 43.2257671], [132.0059574, 43.2263421], [132.005968, 43.22648], [132.00607, 43.226668], [132.0065658, 43.2270761], [132.0068894, 43.2272666], [132.0072447, 43.2274695], [132.0073772, 43.2275187], [132.0078155, 43.2275821], [132.0082246, 43.227662], [132.0085028, 43.2277364], [132.008806, 43.227803], [132.0090684, 43.2278331], [132.0093078, 43.2278662], [132.0094731, 43.2278919], [132.0095988, 43.2279346], [132.0096388, 43.22795], [132.0097229, 43.2279907], [132.0097831, 43.2280171], [132.0099331, 43.2280895], [132.0100679, 43.228152], [132.0102006, 43.2282365], [132.0102899, 43.2282923]], [[132.0082193, 43.2221083], [132.0075633, 43.2227266], [132.0074004, 43.2228746], [132.0071979, 43.2230466], [132.0069912, 43.2232065], [132.0068891, 43.2233105], [132.0068217, 43.2233967], [132.0068011, 43.2234283], [132.006714, 43.223562], [132.00659, 43.223911], [132.006424, 43.224362], [132.0062662, 43.224714]]]}}, {"type": "Feature", "properties": {"name": "Иманская улица", "part": "mainland", "theme": "place", "descr": "wikimapia"}, "geometry": {"type": "MultiLineString", "coordinates": [[[131.8880829, 43.1283748], [131.8881507, 43.1285433], [131.8881953, 43.1287204], [131.8882238, 43.1288573], [131.8882932, 43.1291953], [131.8883122, 43.129297], [131.8883228, 43.1293552], [131.888386, 43.1297054], [131.8883965, 43.1297638], [131.8884042, 43.1298065], [131.888468, 43.1301602], [131.8884767, 43.1302366], [131.8884757, 43.1303021]], [[131.8884757, 43.1303021], [131.8883097, 43.1305307], [131.8882386, 43.1306408], [131.88823, 43.1306531], [131.8882138, 43.1306834], [131.8881939, 43.1307228], [131.8881272, 43.1307539], [131.8880515, 43.1307774], [131.8879549, 43.1307979], [131.887793, 43.1308215], [131.8877217, 43.1308333], [131.8876588, 43.1308469], [131.8875914, 43.1308724], [131.8875538, 43.130893], [131.8874926, 43.1309548]]]}}, {"type": "Feature", "properties": {"name": "улица Айвазовского", "part": "mainland", "theme": "person", "descr": " Отмечена без названия на плане 1909 г. Как ул. Айвазовского упоминается в справочнике 1924 г. Раньше начиналась в районе нынешнего Седанкинского водохранилища."}, "geometry": {"type": "MultiLineString", "coordinates": [[[132.0046807, 43.2212762], [132.0046357, 43.2212495], [132.0045004, 43.2211608], [132.004404, 43.221094], [132.0041983, 43.2209429], [132.0038631, 43.2206697], [132.0033034, 43.2201584], [132.0030791, 43.2199104]], [[132.0052801, 43.2233199], [132.0054102, 43.2233011], [132.0055602, 43.2232654], [132.0057314, 43.2232066], [132.0058097, 43.2231762], [132.005911, 43.2231289], [132.0060365, 43.2230436], [132.0061141, 43.222963], [132.0063272, 43.2227028], [132.0063597, 43.2226752], [132.0065189, 43.2225892]], [[132.0071263, 43.222096], [132.0068613, 43.2220207], [132.0050904, 43.2215175], [132.004711, 43.2214096], [132.0045897, 43.2213752]], [[132.0030791, 43.2199104], [132.0030182, 43.2198438], [132.0027954, 43.2196296], [132.0024944, 43.2193962], [132.0022933, 43.2192386], [132.0019879, 43.2190135], [132.0018039, 43.2188425], [132.0015746, 43.2186202], [132.0014061, 43.2184601], [132.0011307, 43.2182565], [132.0010073, 43.2181909], [132.0008974, 43.2181288], [132.0008407, 43.2180884], [132.0006099, 43.217854], [132.0004986, 43.2177256], [132.0002865, 43.217565], [132.0001402, 43.2173949], [132.0001061, 43.2173498], [131.9999796, 43.2171739], [131.9997918, 43.2169539], [131.9995187, 43.2166384], [131.9990875, 43.2161162], [131.9989073, 43.2157867], [131.9988756, 43.2157177], [131.9987234, 43.2153746], [131.9985827, 43.2150275], [131.9985389, 43.2149437], [131.9984931, 43.2148494], [131.9984378, 43.2147178], [131.9984027, 43.2146409], [131.9983151, 43.2145508]], [[131.9983151, 43.2145508], [131.9982639, 43.2144459], [131.9982451, 43.2144122], [131.9982074, 43.2143446]], [[131.9976378, 43.213078], [131.9980006, 43.2135098], [131.9980569, 43.2136241], [131.9981188, 43.2138084], [131.998113, 43.2140401], [131.9982074, 43.2143446]], [[132.0072076, 43.2221199], [132.0071263, 43.222096]]]}}, {"type": "Feature", "properties": {"name": "улица Менделеева", "part": "mainland", "theme": "person", "descr": "Отмечена без названия на плане 1923 г. В справочнике 1924 г. упоминается одновременно как ул. Глазунова и как ул. Менделеева."}, "geometry": {"type": "MultiLineString", "coordinates": [[[131.9543329, 43.2105165], [131.9543434, 43.2101379], [131.9543584, 43.2099654], [131.9544541, 43.2088645], [131.954494, 43.2083892], [131.9545006, 43.2083317]], [[131.9558125, 43.2044873], [131.9555933, 43.2042123], [131.9554971, 43.2040614], [131.9554402, 43.2039654], [131.9554017, 43.2038855], [131.9553798, 43.2037946], [131.9553636, 43.2035858], [131.9553347, 43.2032481], [131.9552855, 43.2029495], [131.9552904, 43.202814], [131.9553173, 43.202687], [131.9553682, 43.2026087], [131.9554647, 43.2025319], [131.9556391, 43.2023937], [131.9557827, 43.2022715], [131.9558537, 43.2022021], [131.9559074, 43.2021239], [131.9560276, 43.2019531], [131.95609, 43.2018609], [131.9564642, 43.201289], [131.9567807, 43.2009641], [131.956953, 43.200822], [131.9572883, 43.2004755], [131.957349, 43.2004179], [131.9573946, 43.2003534], [131.9574758, 43.2002586], [131.9575796, 43.2001203], [131.9580377, 43.1996076]], [[131.9545006, 43.2083317], [131.9545311, 43.2080891]], [[131.9545311, 43.2080891], [131.9546193, 43.2076872], [131.95463, 43.2076392]], [[131.954457, 43.2042362], [131.9544599, 43.2041226], [131.9544587, 43.2035231]]]}}, {"type": "Feature", "properties": {"name": "улица Рубинштейна", "part": "mainland", "theme": "person", "descr": "Упомянута в справочнике 1924 г."}, "geometry": {"type": "LineString", "coordinates": [[131.9541918, 43.2076405], [131.9535869, 43.2078747], [131.9533825, 43.2079434], [131.9531622, 43.2079914], [131.9527734, 43.2082293], [131.9521714, 43.20847], [131.9516094, 43.2086918], [131.9508808, 43.2089586], [131.9503715, 43.2091451], [131.9501265, 43.2092353], [131.9500167, 43.2092701], [131.9499499, 43.2092783], [131.949809, 43.2092972]]}}, {"type": "Feature", "properties": {"name": "улица Роберта Баха", "part": "mainland", "theme": "person", "descr": "https://t.me/ochkuryvl/3626"}, "geometry": {"type": "LineString", "coordinates": [[132.0191114, 43.2132341], [132.0191688, 43.2132332], [132.0192074, 43.213232], [132.0204765, 43.2132171]]}}, {"type": "Feature", "properties": {"name": "Артёмовская улица", "part": "mainland", "theme": "place"}, "geometry": {"type": "LineString", "coordinates": [[132.0444442, 43.2384947], [132.0453826, 43.2383993], [132.0458841, 43.2383397], [132.0461174, 43.2383182], [132.046273, 43.2383123], [132.04642, 43.2383186], [132.0466659, 43.2383368], [132.0484706, 43.2386562], [132.0489781, 43.2387884], [132.0492301, 43.2388507], [132.0494229, 43.2388716], [132.0501068, 43.2389436], [132.0511173, 43.2389993], [132.0515606, 43.2390439], [132.0516143, 43.2390484], [132.0523541, 43.2390829], [132.0527861, 43.2390931], [132.053245, 43.2390948], [132.0539224, 43.2390863], [132.0540063, 43.2390822], [132.0543135, 43.2390832], [132.054559, 43.2390948], [132.0548299, 43.2391202], [132.0550189, 43.2391372]]}}, {"type": "Feature", "properties": {"name": "Запорожская улица", "part": "mainland", "theme": "place", "descr": "https://t.me/vvtopo/176"}, "geometry": {"type": "MultiLineString", "coordinates": [[[131.9142102, 43.0991444], [131.914056, 43.0991058], [131.9138842, 43.0990127], [131.913669, 43.0989108], [131.9135308, 43.0988227]], [[131.9199544, 43.0994654], [131.9198836, 43.0995033], [131.9198305, 43.0995204], [131.919648, 43.0995256], [131.9191135, 43.0995329], [131.9185795, 43.0995424], [131.917626, 43.0995814], [131.9166981, 43.0996342], [131.9165522, 43.0996345], [131.9162414, 43.0996294], [131.9155468, 43.0995809], [131.9153745, 43.0995593], [131.9152403, 43.0995351], [131.9151852, 43.0995173], [131.9150387, 43.0994579], [131.9146395, 43.0993114], [131.9145151, 43.0992658], [131.9142618, 43.0991658], [131.9142102, 43.0991444]], [[131.9048495, 43.101046], [131.9047048, 43.1010815], [131.9044921, 43.1011228], [131.904382, 43.1011349], [131.9043024, 43.101123], [131.9042473, 43.1010869], [131.9042156, 43.1010552], [131.904017, 43.10081], [131.9039785, 43.1007768], [131.9039491, 43.1007554], [131.9039327, 43.1007445], [131.9039037, 43.1007323], [131.9037876, 43.1007406], [131.9036474, 43.100771], [131.9026636, 43.1010211], [131.902589, 43.1010415], [131.9024709, 43.1010738], [131.9017435, 43.1012516], [131.9017157, 43.1012174], [131.901671, 43.1011814]], [[131.9007709, 43.1021653], [131.9007529, 43.102098], [131.9007036, 43.1019593], [131.90068, 43.1018756], [131.900663, 43.1017985], [131.9006598, 43.1014877], [131.9006558, 43.1013821], [131.900651, 43.1013291], [131.9006486, 43.1011894], [131.9006451, 43.101137]]]}}, {"type": "Feature", "properties": {"name": "Полярная улица", "part": "mainland", "theme": "place", "descr": "Отмечена на плане 1939 г."}, "geometry": {"type": "MultiLineString", "coordinates": [[[131.9366322, 43.0998496], [131.9365243, 43.0998443], [131.9362779, 43.0998319], [131.9361632, 43.0998261], [131.9359022, 43.0998129], [131.935617, 43.099797], [131.9353272, 43.0997753], [131.9351348, 43.0997608], [131.9350612, 43.0997553], [131.934947, 43.0997468], [131.9346636, 43.099709], [131.9346376, 43.0997055], [131.9344599, 43.0996631], [131.9342224, 43.0995886], [131.9340624, 43.099524], [131.9337735, 43.0994074], [131.9336393, 43.0993531]], [[131.9334078, 43.099679], [131.9331957, 43.0995961], [131.9330031, 43.0995219], [131.9328433, 43.099462], [131.932662, 43.0993927], [131.9325147, 43.0993378], [131.9324632, 43.0993175], [131.9324113, 43.0992983], [131.9321636, 43.0992022], [131.9321946, 43.0991723], [131.9322067, 43.0991522], [131.9321975, 43.0991245], [131.932149, 43.0990876], [131.9320387, 43.0990165], [131.9317907, 43.0988539], [131.9316882, 43.0987859], [131.9315836, 43.0987223], [131.9315056, 43.0986717], [131.931227, 43.098567], [131.9310026, 43.0984881], [131.9308101, 43.0984209], [131.9304533, 43.0982732], [131.9298926, 43.0980459], [131.9295345, 43.0979262], [131.9294339, 43.0979022], [131.929388, 43.0978913], [131.9293279, 43.0978958], [131.9292528, 43.0979213], [131.929171, 43.0979522], [131.9287622, 43.0981326], [131.9285334, 43.0982208]]]}}, {"type": "Feature", "properties": {"name": "улица Баневура", "part": "mainland", "theme": "person", "descr": "https://t.me/vvtopo/241"}, "geometry": {"type": "MultiLineString", "coordinates": [[[131.9081795, 43.115884], [131.9080749, 43.1156915], [131.9078214, 43.115225], [131.9077657, 43.1151196]], [[131.9081795, 43.115884], [131.908196, 43.1159142], [131.9083133, 43.1161301], [131.9083258, 43.1161531], [131.9083556, 43.1162078], [131.9084329, 43.1163502], [131.9084965, 43.1164672], [131.9085283, 43.1165699]]]}}, {"type": "Feature", "properties": {"name": "Бархатная улица", "part": "mainland", "theme": "tree", "descr": "Образована 16.07.1964"}, "geometry": {"type": "MultiLineString", "coordinates": [[[131.923816, 43.068024], [131.9240128, 43.0681295], [131.9244833, 43.0684827], [131.9250751, 43.0689115], [131.9251828, 43.0689895], [131.9254451, 43.0691796], [131.9257614, 43.0694346], [131.925863, 43.0694874], [131.9259559, 43.0695221], [131.9260783, 43.0695451], [131.9262158, 43.0695468], [131.9263944, 43.0695387], [131.9266374, 43.0695419], [131.9267641, 43.0695464], [131.9269052, 43.0695787], [131.927141, 43.0697031]], [[131.9176571, 43.0709256], [131.919007, 43.071452], [131.9190931, 43.0714816], [131.9191837, 43.0715035], [131.9192757, 43.0715255], [131.9193707, 43.0715409], [131.9194618, 43.07155], [131.9195414, 43.0715513], [131.9196056, 43.0715484], [131.9196639, 43.0715433], [131.9197779, 43.0715295], [131.9198794, 43.0715112], [131.9199952, 43.0714859], [131.9201386, 43.0714534], [131.9203105, 43.0714117], [131.9205917, 43.0713207], [131.9210238, 43.0711552], [131.9213087, 43.0710445], [131.921613, 43.0709496], [131.9217313, 43.0709247], [131.9219814, 43.0708801], [131.922343, 43.0708407], [131.9225952, 43.07082], [131.9234205, 43.0707551]], [[131.9241486, 43.0701983], [131.9241706, 43.0701368], [131.9242002, 43.0700927], [131.924227, 43.0700604], [131.9242636, 43.0700298], [131.9242996, 43.0700045], [131.9243503, 43.0699827], [131.9244703, 43.06996], [131.9245952, 43.0699482], [131.9252274, 43.0698901], [131.9259953, 43.0698028], [131.9262425, 43.0697718]], [[131.9234205, 43.0707551], [131.923724, 43.0706853], [131.9238104, 43.070656], [131.9238893, 43.0706123], [131.9239597, 43.0705684], [131.924014, 43.0705192], [131.9240422, 43.0704808], [131.9240763, 43.0704276], [131.9241009, 43.0703788], [131.9241411, 43.0702627]], [[131.927141, 43.0697031], [131.9277084, 43.0696757], [131.92806, 43.0696517], [131.9282331, 43.0696418], [131.9288854, 43.0696032], [131.9292957, 43.0695724], [131.9295982, 43.0695481], [131.929921, 43.0695124], [131.9303023, 43.0694397], [131.9306194, 43.069367], [131.9309552, 43.0692785], [131.9312537, 43.0691965], [131.9314879, 43.0691343], [131.931732, 43.0690794], [131.9319023, 43.0690585], [131.9321324, 43.0690638], [131.9324964, 43.0690886], [131.9326729, 43.0691141], [131.9328494, 43.0691512], [131.9329521, 43.0691896], [131.932998, 43.0692229], [131.933029, 43.0692514], [131.9330494, 43.0692936], [131.9330556, 43.0693386], [131.9330501, 43.069412], [131.9330346, 43.0694786], [131.932999, 43.0695854], [131.9329728, 43.0696579]], [[131.9262425, 43.0697718], [131.9266612, 43.0697437], [131.9269168, 43.0697215], [131.927141, 43.0697031]]]}}, {"type": "Feature", "properties": {"name": "Кизиловая улица", "part": "mainland", "theme": "tree", "descr": "https://t.me/vvtopo/177"}, "geometry": {"type": "LineString", "coordinates": [[131.9040081, 43.0961853], [131.9040337, 43.0965279], [131.9040386, 43.0965874], [131.904051, 43.0966569], [131.9040683, 43.0966878], [131.9041036, 43.096699], [131.9041264, 43.0967242], [131.9041279, 43.0968791], [131.9041299, 43.0970237], [131.9041533, 43.0970747], [131.9041933, 43.09712], [131.9042284, 43.0971385], [131.9042727, 43.0971662], [131.904333, 43.0972161], [131.9043253, 43.0974363], [131.9043225, 43.0975202], [131.9042971, 43.0978239], [131.9043295, 43.0979478], [131.9043377, 43.097979], [131.9043981, 43.0980896], [131.9044866, 43.0982023], [131.904508, 43.0982346], [131.9045793, 43.0983564]]}}, {"type": "Feature", "properties": {"name": "кольцо Суханова", "part": "mainland", "theme": "person"}, "geometry": {"type": "MultiLineString", "coordinates": [[[131.8907599, 43.117845], [131.8907857, 43.1178305]], [[131.8909373, 43.1178442], [131.8909577, 43.1178632], [131.8909706, 43.1178854], [131.8909752, 43.1179094], [131.8909623, 43.1179506]], [[131.8908431, 43.1180019], [131.8908248, 43.1180003], [131.8907912, 43.1179917], [131.890759, 43.1179743], [131.8907393, 43.1179552], [131.8907271, 43.117933], [131.8907231, 43.1179094], [131.8907245, 43.1178966], [131.8907273, 43.1178866]], [[131.8909623, 43.1179506], [131.890942, 43.1179723], [131.8909254, 43.1179833], [131.8909109, 43.1179902], [131.8908913, 43.1179968], [131.8908431, 43.1180019]], [[131.8908983, 43.1178253], [131.8909109, 43.11783], [131.8909373, 43.1178442]], [[131.8907857, 43.1178305], [131.8908158, 43.1178213], [131.8908481, 43.117818], [131.8908806, 43.1178209], [131.8908983, 43.1178253]], [[131.8907273, 43.1178866], [131.8907388, 43.1178656], [131.8907599, 43.117845]]]}}, {"type": "Feature", "properties": {"name": "Рюриковская улица", "part": "mainland", "theme": "person"}, "geometry": {"type": "LineString", "coordinates": [[131.8898409, 43.1301951], [131.8898464, 43.1301314], [131.8898852, 43.1300502], [131.8899493, 43.1299284], [131.8900424, 43.1297914], [131.8901201, 43.1296699], [131.8903011, 43.1294519], [131.8903379, 43.1294164], [131.8903647, 43.129365], [131.8903776, 43.1293166], [131.8903911, 43.1292635], [131.8904113, 43.129179]]}}, {"type": "Feature", "properties": {"name": "улица Марченко", "part": "mainland", "theme": "person", "descr": "Как ул. Тормозная упомянута в отчёте от 20.08.1923. Возможно, ещё ранее называлась ул. Верхнеудинской. Оба названия упоминаются в справочнике 1924 г. Переименована в честь В. И. Марченко 20.08.1999."}, "geometry": {"type": "LineString", "coordinates": [[131.9266359, 43.1329341], [131.9267362, 43.1329513], [131.9269461, 43.1329881], [131.9271155, 43.1329809], [131.9272652, 43.1329732], [131.9274685, 43.1329719], [131.9278926, 43.1329634], [131.9280674, 43.1329624], [131.9284223, 43.1329619], [131.9296632, 43.13296]]}}, {"type": "Feature", "properties": {"name": "Мельниковская улица", "part": "mainland", "theme": "person", "descr": "В списке 1924 — ул. Мельникова"}, "geometry": {"type": "LineString", "coordinates": [[131.9076319, 43.1342465], [131.9076019, 43.1342115], [131.9074506, 43.1341984], [131.9070079, 43.1341752], [131.9068091, 43.1341659], [131.9065332, 43.1341566], [131.9064701, 43.1341514]]}}, {"type": "Feature", "properties": {"name": "Мурманская улица", "part": "mainland", "theme": "place", "descr": "https://t.me/vvtopo/304"}, "geometry": {"type": "MultiLineString", "coordinates": [[[131.9451165, 43.0911551], [131.9451586, 43.0910681], [131.9452828, 43.0908234], [131.9453024, 43.0908011], [131.9453506, 43.090772], [131.9455361, 43.0907506], [131.9456162, 43.0907421]], [[131.9456162, 43.0907421], [131.9459577, 43.0907111], [131.9459819, 43.090707], [131.9460003, 43.090772], [131.9460186, 43.0908033], [131.9460422, 43.0908306], [131.9460691, 43.0908502], [131.9461164, 43.0908698], [131.946149, 43.0908769], [131.9461849, 43.0908816], [131.946496, 43.0909294], [131.9465753, 43.0909499], [131.94694, 43.0910891], [131.9471624, 43.091193], [131.9474296, 43.091347], [131.947459, 43.0914183], [131.9474857, 43.0914735], [131.9475051, 43.0914986], [131.9475309, 43.0915201], [131.9476923, 43.0916143], [131.9478141, 43.0916693], [131.9478976, 43.0917052], [131.9479911, 43.0917425]]]}}, {"type": "Feature", "properties": {"name": "Смоленская улица", "part": "mainland", "theme": "place", "descr": "https://t.me/vvtopo/241"}, "geometry": {"type": "MultiLineString", "coordinates": [[[131.9451165, 43.0911551], [131.9455388, 43.0913618], [131.9458086, 43.0914861], [131.9461594, 43.091624], [131.9462987, 43.0916765], [131.946618, 43.0917867]], [[131.9482596, 43.092184], [131.9486232, 43.09223]], [[131.9472383, 43.0920047], [131.9474216, 43.0920599], [131.9476832, 43.0921116], [131.9478824, 43.0921332], [131.9479314, 43.0921388], [131.9482596, 43.092184]], [[131.946618, 43.0917867], [131.9470008, 43.091924], [131.9472383, 43.0920047]]]}}, {"type": "Feature", "properties": {"name": "улица Панфилова", "part": "mainland", "theme": "person", "descr": "Образована 21.07.1950"}, "geometry": {"type": "LineString", "coordinates": [[131.9568664, 43.116211], [131.9568247, 43.1161283], [131.9568153, 43.1161009], [131.9568116, 43.1160619], [131.9568166, 43.11599], [131.9568367, 43.1159326], [131.9568569, 43.1158885], [131.9568688, 43.1158611], [131.9569011, 43.1157798], [131.9569172, 43.1157348], [131.9570124, 43.1154019], [131.9570986, 43.115126], [131.9572248, 43.1147266], [131.9572471, 43.1145992], [131.9572525, 43.1144856], [131.9572646, 43.1142438], [131.9572834, 43.1141522]]}}, {"type": "Feature", "properties": {"name": "улица Патрокл", "part": "mainland", "theme": "ship", "descr": "https://t.me/vvtopo/176"}, "geometry": {"type": "MultiLineString", "coordinates": [[[131.9354274, 43.0943159], [131.9356304, 43.0942587], [131.9357683, 43.0942084], [131.9358958, 43.0941411], [131.9359712, 43.0940795], [131.9360322, 43.0940095], [131.9360783, 43.0939423], [131.9361164, 43.0938456], [131.9361398, 43.0937522], [131.936167, 43.0936249], [131.9363103, 43.0929543], [131.9363558, 43.092587], [131.9363622, 43.092535], [131.9363748, 43.0923715], [131.9363997, 43.0918913], [131.9363929, 43.0917904], [131.9363943, 43.091735], [131.9364218, 43.0915304]], [[131.9352133, 43.0916335], [131.9351941, 43.0916455], [131.9350424, 43.0917471], [131.9346301, 43.0920136], [131.9344277, 43.0921386], [131.934338, 43.0921814], [131.9342417, 43.0922159], [131.9341369, 43.0922464], [131.9331431, 43.0924553], [131.9330164, 43.0924898], [131.9329346, 43.0925231], [131.9328364, 43.0925951]], [[131.9360721, 43.0913232], [131.9358572, 43.0913912], [131.9352924, 43.0915922], [131.9352574, 43.091608], [131.9352133, 43.0916335]], [[131.9364218, 43.0915304], [131.9364161, 43.0914651], [131.9363946, 43.0914107], [131.9363581, 43.0913671], [131.9363028, 43.0913351], [131.9361955, 43.0913128], [131.9360721, 43.0913232]]]}}, {"type": "Feature", "properties": {"name": "улица Луцкого", "part": "mainland", "theme": "person", "descr": "сперва Успенская, с 1923 Жертв Революции, с 1990 в честь революционера Луцкого"}, "geometry": {"type": "MultiLineString", "coordinates": [[[131.8987652, 43.1162217], [131.8984913, 43.1162038], [131.8979887, 43.1161424], [131.8975191, 43.1160635], [131.8973872, 43.1160427], [131.8972509, 43.1160354], [131.8971334, 43.1160373], [131.8970435, 43.116058], [131.8969037, 43.1161159], [131.8968185, 43.1162046]], [[131.8967244, 43.116424], [131.8967262, 43.1164704], [131.8966765, 43.1166819], [131.8966434, 43.1168198]], [[131.8968185, 43.1162046], [131.8967244, 43.116424]]]}}, {"type": "Feature", "properties": {"name": "Вересковая улица", "part": "mainland", "theme": "tree", "descr": "Образована 23.08.1994"}, "geometry": {"type": "MultiLineString", "coordinates": [[[131.9679389, 43.2198556], [131.9678864, 43.2197924], [131.9678551, 43.2197535], [131.9678064, 43.2197107], [131.9676606, 43.2196225], [131.9672548, 43.2194342], [131.9671778, 43.2194025], [131.9668337, 43.2192661], [131.9666341, 43.2191431], [131.9665194, 43.2190431], [131.9664863, 43.2190209]], [[131.9701881, 43.2220163], [131.9703128, 43.2219134], [131.9704688, 43.2217972], [131.9705587, 43.2217298], [131.9707077, 43.221618], [131.9707899, 43.2215434], [131.9708729, 43.221442], [131.97098, 43.2212057], [131.9711047, 43.2208984], [131.9711484, 43.2207921], [131.971177, 43.2207182], [131.9712298, 43.2205798], [131.9712602, 43.2204805], [131.9712613, 43.2204412], [131.9712523, 43.2204175], [131.9712385, 43.2203934], [131.9711772, 43.2203473], [131.9708104, 43.2200623], [131.970701, 43.2199925], [131.9705379, 43.2199156], [131.9703726, 43.2198742], [131.9702553, 43.2198156], [131.9702164, 43.2197926], [131.9702001, 43.2197776], [131.9700649, 43.2193774], [131.9700523, 43.2193453], [131.9700327, 43.2193255], [131.9698832, 43.2192257], [131.9697774, 43.2191581], [131.9696802, 43.219096], [131.9695202, 43.2189997]], [[131.9664863, 43.2190209], [131.9659581, 43.2188124], [131.9658784, 43.2187829], [131.965424, 43.2185733], [131.9654132, 43.2185323]]]}}, {"type": "Feature", "properties": {"name": "Новгородский переулок", "part": "mainland", "theme": "place"}, "geometry": {"type": "MultiLineString", "coordinates": [[[131.9137681, 43.1170951], [131.9137604, 43.1170662], [131.9137148, 43.1169791], [131.9136639, 43.1168773], [131.9136357, 43.1168117], [131.9136304, 43.116784], [131.9136307, 43.1167542], [131.9136344, 43.116728], [131.9136472, 43.1167015]], [[131.9129566, 43.1178518], [131.9129437, 43.1177955], [131.9128842, 43.1174736], [131.9128941, 43.1174294], [131.9129193, 43.1174042], [131.912945, 43.1173844], [131.9129989, 43.1173665], [131.9133356, 43.1173541]]]}}, {"type": "Feature", "properties": {"name": "улица Академика Крушанова", "part": "mainland", "theme": "person", "descr": "https://t.me/ochkuryvl/3626"}, "geometry": {"type": "LineString", "coordinates": [[131.9380793, 43.2009624], [131.9382731, 43.2011365], [131.9384779, 43.2013017], [131.9388322, 43.2014741], [131.939054, 43.2015942], [131.939182, 43.2016781], [131.9392173, 43.2017191], [131.9392323, 43.2017617], [131.9392307, 43.2017797], [131.9392216, 43.2017949], [131.9391596, 43.2018315], [131.9390336, 43.2018996], [131.938985, 43.2019582], [131.9389628, 43.2020252], [131.938965, 43.2020585], [131.9390147, 43.2021141], [131.9390885, 43.2021825], [131.9391462, 43.2022373], [131.939224, 43.2022735], [131.9393957, 43.2023409], [131.9397644, 43.20251], [131.9398664, 43.2025611], [131.9399482, 43.2026097], [131.9400609, 43.2026772], [131.9401641, 43.2027632], [131.9402258, 43.2028189], [131.9402392, 43.2028365], [131.9402578, 43.2028621]]}}, {"type": "Feature", "properties": {"name": "улица Академика Воронова", "part": "mainland", "theme": "person", "descr": "https://t.me/ochkuryvl/3626"}, "geometry": {"type": "MultiLineString", "coordinates": [[[131.9391795, 43.2004177], [131.9393017, 43.2006022], [131.9393796, 43.2007503], [131.9394384, 43.2008446], [131.939841, 43.201383], [131.9399341, 43.2015006]], [[131.9396245, 43.1999229], [131.9395525, 43.2000317], [131.9392548, 43.2003329], [131.9391795, 43.2004177], [131.9388877, 43.2005869], [131.9387037, 43.2006897], [131.9385336, 43.2007609], [131.9380793, 43.2009624], [131.9377846, 43.2010904], [131.9377521, 43.2011101], [131.9377286, 43.2011331], [131.9377122, 43.2011745], [131.9376295, 43.2014444], [131.9375852, 43.201548], [131.9375198, 43.201651], [131.9374272, 43.2018245], [131.9374004, 43.2018553], [131.9373748, 43.201876], [131.9372079, 43.2018754], [131.9370836, 43.2018745], [131.9370159, 43.2018795], [131.9369764, 43.2018953], [131.9365152, 43.2021236], [131.9361157, 43.2023156], [131.9359708, 43.2023769], [131.9359453, 43.2023954], [131.9358849, 43.2024492], [131.9358592, 43.202467], [131.9355668, 43.2026224], [131.9355628, 43.2026488], [131.93557, 43.2026763], [131.9355936, 43.2028003], [131.9355866, 43.2029087], [131.9355735, 43.2029871], [131.9355292, 43.2030615]]]}}, {"type": "Feature", "properties": {"name": "переулок Полетаева", "part": "mainland", "theme": "person"}, "geometry": {"type": "LineString", "coordinates": [[131.9579988, 43.2077394], [131.9580307, 43.2075913], [131.9580727, 43.2074292], [131.9582077, 43.2070826], [131.9582791, 43.2069423]]}}, {"type": "Feature", "properties": {"name": "Розовый переулок", "part": "mainland", "theme": "flower", "descr": "https://t.me/ochkuryvl/3626"}, "geometry": {"type": "LineString", "coordinates": [[131.9584093, 43.1999992], [131.9581928, 43.2002837], [131.9577669, 43.2008513], [131.9576826, 43.2009586]]}}, {"type": "Feature", "properties": {"name": "улица Академика Касьянова", "part": "russky", "theme": "person", "descr": "Постановление администрации города Владивостока от 14.06.2012 №2253"}, "geometry": {"type": "MultiLineString", "coordinates": [[[131.9293099, 43.022505], [131.9294581, 43.0224451], [131.9296366, 43.0224091], [131.9299006, 43.0223667], [131.9302017, 43.0223412], [131.9308127, 43.0222949], [131.9311157, 43.0222628], [131.931355, 43.022204], [131.9315314, 43.0221598], [131.9317159, 43.0220933], [131.9324687, 43.0217787], [131.9327248, 43.0216514], [131.9329684, 43.0215057], [131.9332275, 43.0213319], [131.9333914, 43.0211711], [131.9335364, 43.0209622], [131.9336621, 43.0207185], [131.9338594, 43.0203035], [131.9343379, 43.0192581], [131.9347701, 43.0183071], [131.9348169, 43.0181497], [131.9348464, 43.0179026], [131.9347809, 43.0176673], [131.9347193, 43.0175228], [131.9346279, 43.0173733], [131.9342923, 43.0169043], [131.9341418, 43.0166544], [131.9341015, 43.0165608], [131.9340492, 43.0163743], [131.934034, 43.0162921], [131.933988, 43.0160846], [131.9339691, 43.0158679], [131.9339399, 43.0156455], [131.9339013, 43.0154442], [131.9338084, 43.0152205], [131.9337777, 43.0151414], [131.9335843, 43.0147462], [131.9334702, 43.0145685], [131.933355, 43.014402], [131.9332622, 43.0142889], [131.9330858, 43.0140963], [131.932984, 43.014018], [131.9328161, 43.0139053], [131.9326689, 43.0138146], [131.9322225, 43.0135584], [131.9321766, 43.0135331], [131.9317264, 43.0132779], [131.9316478, 43.0132266], [131.9316005, 43.0131676], [131.9315904, 43.013108], [131.9315955, 43.0130175], [131.9316114, 43.012907], [131.9316259, 43.0128609], [131.9317311, 43.0126132], [131.9319129, 43.0122633], [131.9319347, 43.0121514], [131.9319183, 43.0120695], [131.9318662, 43.011928], [131.9316963, 43.01168], [131.9314564, 43.011392], [131.9310487, 43.0110005], [131.9306502, 43.0107084], [131.9303638, 43.010538], [131.9299505, 43.0103867], [131.9296963, 43.0103555], [131.9294694, 43.0103767], [131.9292477, 43.0104318], [131.9289919, 43.0105439], [131.9283714, 43.0108178], [131.9282932, 43.0108502], [131.9280794, 43.010953], [131.9279454, 43.0110041]], [[131.9271855, 43.0203371], [131.9271621, 43.0207136], [131.9271935, 43.0208407], [131.9275698, 43.0216254], [131.9281267, 43.0220217], [131.928559, 43.0225688], [131.9288291, 43.0226382], [131.928919, 43.0226451], [131.9289968, 43.0226316], [131.9293099, 43.022505]]]}}, {"type": "Feature", "properties": {"name": "улица Сурикова", "part": "mainland", "theme": "person"}, "geometry": {"type": "LineString", "coordinates": [[131.9608271, 43.2107393], [131.9609008, 43.2106995], [131.9612873, 43.2106474], [131.962066, 43.2106396], [131.9626762, 43.2106581], [131.9631325, 43.210675], [131.9632613, 43.2107004], [131.9635058, 43.2107685], [131.9636884, 43.2108551], [131.9638091, 43.2109206], [131.96392, 43.2109879], [131.964076, 43.2111033], [131.964129, 43.2111511], [131.964256, 43.2112779], [131.9643643, 43.2113653], [131.965011, 43.2118304]]}}, {"type": "Feature", "properties": {"name": "Лиственничная улица", "part": "mainland", "theme": "tree"}, "geometry": {"type": "MultiLineString", "coordinates": [[[131.8956818, 43.0952538], [131.8955194, 43.0953512], [131.8954925, 43.0953708], [131.8954745, 43.0953963], [131.8954671, 43.0954153], [131.8954736, 43.0954369], [131.895607, 43.0955636], [131.895846, 43.095801], [131.8960112, 43.095965], [131.8960243, 43.0959826], [131.8960793, 43.096048]], [[131.8966755, 43.0966998], [131.8968132, 43.0967445], [131.8969538, 43.0968991], [131.8969416, 43.0969302], [131.8969478, 43.096962]], [[131.8960793, 43.096048], [131.8961296, 43.0961396], [131.8963501, 43.096388], [131.8965147, 43.0965734], [131.8965365, 43.0965979], [131.8966269, 43.0966704], [131.8966755, 43.0966998]]]}}, {"type": "Feature", "properties": {"name": "улица Майора Филипова", "part": "mainland", "theme": "person", "descr": "Постановление администрации г. Владивостока от 07.06.2019 N 2240"}, "geometry": {"type": "MultiLineString", "coordinates": [[[131.9514796, 43.1711224], [131.9516303, 43.171197], [131.951862, 43.171286], [131.952031, 43.1713542], [131.952382, 43.1715194], [131.9527449, 43.1716831], [131.953056, 43.1718377], [131.953099, 43.1718703], [131.9531657, 43.1719207], [131.9532252, 43.1720413], [131.9533158, 43.1723443], [131.9533176, 43.1727079], [131.9532507, 43.1729876], [131.953263, 43.1735441], [131.9532956, 43.1740513], [131.9534436, 43.1742862], [131.9539229, 43.175116], [131.9539748, 43.1752389], [131.9540652, 43.1754132], [131.9542225, 43.1755297], [131.955367, 43.1761546], [131.9562165, 43.1766651], [131.9571112, 43.1771349], [131.9572325, 43.1774184], [131.957604, 43.1777352], [131.9578251, 43.1779824], [131.9580317, 43.1782778], [131.9582535, 43.178745], [131.9584456, 43.1793862], [131.9585029, 43.1795667], [131.9585633, 43.1798782], [131.9586287, 43.1800137], [131.9589199, 43.1800825], [131.9594332, 43.1801766], [131.9603813, 43.1802955], [131.9606858, 43.1802839], [131.9608811, 43.1803409], [131.9611071, 43.1804318], [131.9611675, 43.1805154], [131.961237, 43.1805671], [131.9616795, 43.1808362], [131.9615479, 43.1810697], [131.9615077, 43.1812205], [131.9615029, 43.1813726], [131.9614799, 43.1817317], [131.9613954, 43.1820246], [131.9613283, 43.1822363], [131.9612456, 43.1824106]], [[131.9445727, 43.1684432], [131.9448671, 43.1685852], [131.9451185, 43.1686865], [131.9455772, 43.1689548], [131.9459309, 43.169159], [131.9463203, 43.1692391], [131.9468625, 43.1691884], [131.9470693, 43.1691721], [131.9477482, 43.1691308], [131.9487222, 43.1690327], [131.9488875, 43.169016], [131.9492127, 43.1690271]], [[131.9492127, 43.1690271], [131.949393, 43.1690845], [131.9494972, 43.1691177], [131.9496734, 43.1692039], [131.9498524, 43.169305], [131.9499966, 43.1694409], [131.9502507, 43.1698172], [131.9503413, 43.1699664], [131.9503711, 43.1700154], [131.9505087, 43.1702668], [131.9505374, 43.1703248], [131.9506264, 43.1705048], [131.9506618, 43.1705829], [131.9507356, 43.1707278], [131.9508387, 43.170808], [131.9513401, 43.171054]], [[131.9513401, 43.171054], [131.9514796, 43.1711224]]]}}, {"type": "Feature", "properties": {"name": "Каштановая улица", "part": "mainland", "theme": "tree", "descr": "Упомянута в списках 1963"}, "geometry": {"type": "MultiLineString", "coordinates": [[[131.9107861, 43.0872294], [131.9108598, 43.0871596], [131.9109664, 43.0871166], [131.9114609, 43.0869724], [131.9115505, 43.0869556], [131.9116448, 43.0869396], [131.911726, 43.0869365], [131.9118259, 43.0869413], [131.9118948, 43.0869482], [131.9119379, 43.08696], [131.9119616, 43.086968], [131.9120937, 43.0870268], [131.9121967, 43.0870845], [131.9122807, 43.0871554], [131.9123171, 43.0871883], [131.9123386, 43.087205], [131.9123684, 43.0872263], [131.9124419, 43.0872586], [131.9125012, 43.0872695], [131.9125938, 43.0872761], [131.9127614, 43.0872881], [131.9128432, 43.0873015], [131.9129223, 43.0873214], [131.9130322, 43.0873625], [131.9131489, 43.0874193], [131.9132334, 43.0874498], [131.9133059, 43.0874722], [131.9133779, 43.0874866], [131.9135938, 43.0875146]], [[131.9159731, 43.0892483], [131.915809, 43.089164], [131.9156876, 43.0890941], [131.9155884, 43.0890256], [131.9155039, 43.0889698], [131.9153564, 43.0888659], [131.9153094, 43.0888317], [131.9151981, 43.0887631], [131.9151093, 43.0887143], [131.9149211, 43.0886248], [131.9148327, 43.0885912], [131.9147328, 43.0885599], [131.9145657, 43.0885264], [131.9144229, 43.0884859], [131.9143935, 43.0884218], [131.914381, 43.0883697], [131.9142645, 43.0883014], [131.914124, 43.0882076], [131.9140393, 43.0881653], [131.9136463, 43.0879971], [131.9129981, 43.087656], [131.9127397, 43.087523], [131.9125379, 43.0874343], [131.9124783, 43.0874066], [131.9124603, 43.0873876], [131.9124489, 43.0873571], [131.9124419, 43.0872586]], [[131.9135938, 43.0875146], [131.9137806, 43.087554], [131.9139845, 43.0876011], [131.9143735, 43.087722], [131.9145036, 43.0877513], [131.9146933, 43.0877737], [131.9149285, 43.0877748], [131.915129, 43.0877459], [131.9152349, 43.0877182]], [[131.9152349, 43.0877182], [131.9153162, 43.0876891], [131.9153951, 43.0876518], [131.9154198, 43.0876365], [131.9154904, 43.0875954], [131.9155477, 43.0875634], [131.9156783, 43.0874822], [131.9157158, 43.0874649], [131.9157595, 43.0874465], [131.9160148, 43.0873646], [131.9161383, 43.0873381], [131.9161946, 43.0873274], [131.9162321, 43.0873216]], [[131.9175835, 43.0901388], [131.9172834, 43.0899765], [131.9166228, 43.0896295], [131.9162314, 43.089397], [131.9161004, 43.0893238], [131.9159731, 43.0892483]]]}}, {"type": "Feature", "properties": {"name": "улица Толбухина", "part": "mainland", "theme": "person", "descr": "Упомянута в списке 1954 г."}, "geometry": {"type": "LineString", "coordinates": [[131.9221594, 43.1536199], [131.9221524, 43.1535507], [131.922154, 43.1534826], [131.9221609, 43.1534354], [131.9221933, 43.1533461], [131.9222465, 43.1532443], [131.9222845, 43.1531857], [131.9223475, 43.1531104], [131.9224575, 43.1530057], [131.9226091, 43.1528873], [131.9227406, 43.1527856], [131.9228491, 43.1527034], [131.9229561, 43.1526167], [131.922987, 43.1525768], [131.9231684, 43.1523516], [131.9232408, 43.1522762], [131.923299, 43.152238], [131.923565, 43.1521374], [131.9236407, 43.1521077], [131.9244823, 43.1517817], [131.9246548, 43.1517444], [131.9247186, 43.1517406], [131.9247917, 43.1517401], [131.9248227, 43.1517415], [131.9248695, 43.1517533], [131.9248929, 43.151765], [131.9249238, 43.1517846], [131.9249479, 43.1518066], [131.9249891, 43.1518433]]}}, {"type": "Feature", "properties": {"name": "Тополевая улица", "part": "mainland", "theme": "tree", "descr": "https://t.me/vvtopo/177"}, "geometry": {"type": "MultiLineString", "coordinates": [[[131.8873527, 43.0976649], [131.887338, 43.0976765], [131.8873278, 43.0977013], [131.8872933, 43.0977785], [131.8872872, 43.0977922], [131.8872119, 43.0979609], [131.8870999, 43.0982119], [131.8870106, 43.0984145], [131.8869691, 43.0985057], [131.8869533, 43.0985312], [131.886925, 43.0985632], [131.8868766, 43.0985989], [131.8867923, 43.0986241], [131.8867106, 43.098641], [131.8866604, 43.0986512]], [[131.8866604, 43.0986512], [131.886515, 43.0986775], [131.8864012, 43.0986973], [131.8862986, 43.0987116], [131.8859656, 43.0987548], [131.8853314, 43.098862]]]}}, {"type": "Feature", "properties": {"name": "Уральская улица", "part": "mainland", "theme": "place", "descr": "Упомянута в справочнике 1924 г."}, "geometry": {"type": "LineString", "coordinates": [[131.9185318, 43.156655], [131.918404, 43.1570287], [131.9183494, 43.1572729], [131.9183377, 43.1573838], [131.9183256, 43.157464], [131.9183202, 43.1575178], [131.9183109, 43.1575506], [131.9182931, 43.1576189], [131.9182451, 43.1577562], [131.9181981, 43.1578988], [131.9181685, 43.1579862], [131.918153, 43.1580354], [131.9181492, 43.1580505], [131.9181427, 43.1580883]]}}, {"type": "Feature", "properties": {"name": "Уссурийская улица", "part": "mainland", "theme": "place", "descr": "Упомянута в списке 1954 г. Была официально упразднена 18.12.1968 года, но название сохранилось."}, "geometry": {"type": "MultiLineString", "coordinates": [[[131.9203191, 43.1511984], [131.9201717, 43.1511697], [131.9199952, 43.1511213], [131.9199322, 43.1510988], [131.9198503, 43.1510523], [131.9196521, 43.1509277], [131.9195384, 43.150873], [131.9194776, 43.1508601], [131.9194186, 43.1508503], [131.9191709, 43.1508287], [131.9191423, 43.1508199], [131.9191296, 43.1508087], [131.9191043, 43.1507653]], [[131.9191043, 43.1507653], [131.9190158, 43.1507774], [131.9187414, 43.1508064], [131.9185287, 43.1508282], [131.9183462, 43.1508393], [131.9182412, 43.1508367], [131.9181496, 43.1508229], [131.9180386, 43.1507935], [131.9179707, 43.1507562], [131.9179037, 43.1507031], [131.9177563, 43.1505816]], [[131.9203191, 43.1511984], [131.9204672, 43.1511837], [131.9205737, 43.1511733], [131.9206712, 43.1511594], [131.9210052, 43.1510729], [131.9219186, 43.1508008], [131.9220832, 43.1507788], [131.9222808, 43.1507556], [131.9223361, 43.1507497], [131.9224692, 43.1507342]]]}}, {"type": "Feature", "properties": {"name": "Хуторская улица", "part": "mainland", "theme": "person", "descr": "Упомянута в справочнике 1924 г."}, "geometry": {"type": "LineString", "coordinates": [[131.9479801, 43.1409018], [131.947826, 43.1404108], [131.9478172, 43.1403695], [131.9477986, 43.1402982], [131.9477557, 43.1398044], [131.9477675, 43.1395635], [131.947727, 43.1392786], [131.9477038, 43.1391319], [131.9476758, 43.1390349], [131.9476328, 43.1389388], [131.947618, 43.1389148], [131.9475875, 43.1388947], [131.9474828, 43.1388774], [131.9473431, 43.138881], [131.9472258, 43.1388549], [131.9470253, 43.1388017], [131.9467813, 43.138732], [131.946582, 43.138658], [131.9464481, 43.1386128], [131.9463023, 43.1385823], [131.9461631, 43.1385524], [131.9460654, 43.1385371], [131.9460264, 43.138531], [131.9459203, 43.1385183], [131.9457914, 43.138519], [131.9456775, 43.1385286], [131.9456217, 43.1385355], [131.9455527, 43.1385461], [131.9455011, 43.1385459], [131.9454159, 43.1385205], [131.9453699, 43.1384819], [131.945332, 43.1384181], [131.9453152, 43.1383563], [131.9453122, 43.1383182], [131.9453169, 43.1382629]]}}, {"type": "Feature", "properties": {"name": "Охотский переулок", "part": "mainland", "theme": "place"}, "geometry": {"type": "LineString", "coordinates": [[131.9255964, 43.2019223], [131.9256292, 43.2019157], [131.9256732, 43.2019043], [131.9257265, 43.2018809], [131.9258044, 43.20182], [131.9259038, 43.2017537], [131.9259903, 43.2016745], [131.9260812, 43.201596], [131.9261115, 43.2015663], [131.9261226, 43.2015554], [131.926229, 43.2014645], [131.9263308, 43.201343], [131.9264056, 43.2012465], [131.9264614, 43.201189]]}}, {"type": "Feature", "properties": {"name": "Тунгусская улица", "part": "mainland", "theme": "ship", "descr": "в списке 1891"}, "geometry": {"type": "MultiLineString", "coordinates": [[[131.9286015, 43.1164149], [131.9288834, 43.1163583], [131.9289859, 43.1163567], [131.9290968, 43.1163944], [131.9291826, 43.1164331], [131.9294941, 43.1165867], [131.9297953, 43.1167292], [131.9298385, 43.1167489], [131.9302443, 43.1169341]], [[131.9240699, 43.1147218], [131.9239473, 43.1146972], [131.92386, 43.1147011], [131.9238146, 43.1147067], [131.9237916, 43.1147098], [131.9237624, 43.1147176], [131.9237324, 43.114746], [131.9237103, 43.1147951], [131.9236993, 43.1148978], [131.9237272, 43.1149847], [131.9237525, 43.1150367], [131.9237766, 43.1150755], [131.9238583, 43.1151643], [131.9243072, 43.1154332], [131.9244403, 43.1155007], [131.9245987, 43.1155829], [131.9247919, 43.1156844], [131.9249192, 43.1157512], [131.9250462, 43.115818], [131.9252934, 43.1159595], [131.9255013, 43.1160412], [131.9256953, 43.1160848], [131.9257862, 43.1160973], [131.92603, 43.116122], [131.9262275, 43.1161396], [131.9265204, 43.116169], [131.9269958, 43.1161627], [131.9274808, 43.1161562], [131.9275615, 43.1161603], [131.9276412, 43.1161852], [131.9277145, 43.1162441]], [[131.9277145, 43.1162441], [131.9277772, 43.1163172], [131.9278518, 43.1163642], [131.9279634, 43.1163898], [131.9281795, 43.1163958], [131.9286015, 43.1164149]], [[131.923059, 43.1155894], [131.9231594, 43.1155865], [131.9232614, 43.1155873], [131.923423, 43.1155861], [131.9236325, 43.1155883], [131.9238048, 43.1156139], [131.9238672, 43.1156285], [131.9240923, 43.1156697], [131.9242065, 43.1156815], [131.9242874, 43.1156924], [131.9244701, 43.1157198], [131.924606, 43.1157414], [131.9247026, 43.1157485], [131.9249192, 43.1157512]], [[131.9233672, 43.1123292], [131.9233674, 43.1123589], [131.9233684, 43.1124963], [131.9233691, 43.1125883], [131.9233702, 43.1127403], [131.9233708, 43.1128282], [131.923371, 43.1128434], [131.9233738, 43.1129809], [131.9233654, 43.1130044], [131.9233416, 43.113046], [131.923344, 43.1133622]], [[131.9321527, 43.1161413], [131.9321142, 43.1161061], [131.9320786, 43.1160965], [131.9320517, 43.116097], [131.9320192, 43.116103], [131.9318901, 43.1161325], [131.9317226, 43.1161718], [131.931599, 43.1161819], [131.9314661, 43.1161708], [131.9313085, 43.1161383], [131.9311977, 43.1160889], [131.9310786, 43.1160096], [131.9310524, 43.1159837], [131.9309306, 43.1158633], [131.9307679, 43.1157047], [131.9305376, 43.1155281], [131.9303993, 43.1154659], [131.9299087, 43.1152404], [131.9296983, 43.1151749], [131.9293661, 43.1150655], [131.9292553, 43.1150163], [131.9291196, 43.1149803], [131.9289753, 43.1149678], [131.928873, 43.1149799], [131.928775, 43.1150276], [131.9286672, 43.1150922], [131.9284228, 43.1152404], [131.9283519, 43.1153009], [131.928283, 43.1153678], [131.9282044, 43.1154436], [131.9281357, 43.1155656], [131.9279086, 43.1159569], [131.9278183, 43.1160574], [131.9277978, 43.1160854], [131.9277501, 43.1161568], [131.9277145, 43.1162441]]]}}, {"type": "Feature", "properties": {"name": "улица Адмирала Смирнова", "part": "mainland", "theme": "person", "descr": "Постановление главы г. Владивостока от 22.03.2011 №347"}, "geometry": {"type": "MultiLineString", "coordinates": [[[131.9658631, 43.1642262], [131.9659834, 43.1641344], [131.966184, 43.1639441], [131.9663341, 43.163683], [131.9663898, 43.1634918], [131.9664073, 43.1633314], [131.9663944, 43.1630759], [131.9663469, 43.1629342], [131.9662859, 43.1628094], [131.9661329, 43.1626239], [131.9659207, 43.1624493], [131.9657337, 43.1623265], [131.9653329, 43.1621853], [131.9649893, 43.1621235], [131.964654, 43.1620991], [131.9638625, 43.162117], [131.9636804, 43.1621211]], [[131.9636804, 43.1621211], [131.963089, 43.162145], [131.9624035, 43.1621319], [131.9619084, 43.1621203]], [[131.9662859, 43.1628094], [131.9660881, 43.1628121], [131.9655899, 43.1628163], [131.965453, 43.1628241], [131.9653344, 43.1628636], [131.9652938, 43.1628823], [131.9648284, 43.1630978], [131.9643212, 43.1633152], [131.9632702, 43.1637736], [131.9626906, 43.164022]], [[131.9609036, 43.1612134], [131.9609303, 43.1614192], [131.9609463, 43.1615034], [131.9609701, 43.1615874], [131.9610058, 43.161664], [131.9611123, 43.1617996], [131.9612021, 43.1618921], [131.9613428, 43.1620041], [131.9614492, 43.1620593], [131.9616339, 43.1621066], [131.961778, 43.16212], [131.9619084, 43.1621203]], [[131.9608911, 43.1680589], [131.9610771, 43.1677024], [131.9612231, 43.1674322], [131.9614693, 43.1670846], [131.9616443, 43.1669051], [131.9618254, 43.1667652], [131.9625027, 43.1663123], [131.965732, 43.1643241], [131.9658631, 43.1642262]]]}}, {"type": "Feature", "properties": {"name": "улица Щедрина", "part": "mainland", "theme": "person", "descr": "Иначе Щедринская. Образована 3 (18) декабря 1907 г."}, "geometry": {"type": "MultiLineString", "coordinates": [[[131.9037999, 43.1216629], [131.9037821, 43.1215761], [131.9036864, 43.121328], [131.9036874, 43.1212431], [131.9037087, 43.1211833], [131.9037132, 43.1211706], [131.9037717, 43.1210993], [131.9041491, 43.1207311], [131.90434, 43.1205492], [131.9044684, 43.1204229], [131.9045166, 43.1203782], [131.9046295, 43.1203449], [131.9047189, 43.1203444], [131.9048198, 43.120361], [131.9048687, 43.1203828], [131.9051757, 43.1205197]], [[131.9041887, 43.1200051], [131.9042411, 43.1199271], [131.9042452, 43.119912], [131.9042473, 43.1198966], [131.9042366, 43.1198297], [131.9042164, 43.1197868], [131.9041826, 43.1197228], [131.9041528, 43.1196829], [131.9041315, 43.1196487], [131.9040935, 43.119596], [131.9040447, 43.1195263], [131.9040152, 43.1194842], [131.9039391, 43.1193755], [131.9038127, 43.1191949]], [[131.9038127, 43.1191949], [131.9037616, 43.1191219], [131.9036434, 43.1189531], [131.9035915, 43.1188809], [131.903524, 43.1188962], [131.9034745, 43.1189117], [131.9033841, 43.1189396], [131.9033521, 43.1189105], [131.9032279, 43.1188491]]]}}, {"type": "Feature", "properties": {"name": "переулок Верещагина", "part": "mainland", "theme": "person", "descr": "Постановление администрации г. Владивостока от 03.06.2020 N 1992"}, "geometry": {"type": "LineString", "coordinates": [[131.9684241, 43.2118798], [131.9688103, 43.2121287], [131.969761, 43.2128923]]}}, {"type": "Feature", "properties": {"name": "Розовая улица", "part": "mainland", "theme": "flower", "descr": "https://t.me/ochkuryvl/3626"}, "geometry": {"type": "LineString", "coordinates": [[131.9588566, 43.2038036], [131.9587533, 43.203555], [131.9587575, 43.2035078], [131.9588326, 43.2028686], [131.9588468, 43.202727], [131.9588631, 43.2025393], [131.9588282, 43.2016032], [131.9588591, 43.2013549], [131.9589007, 43.2009569], [131.958954, 43.200801], [131.9590352, 43.200708], [131.959153, 43.200619], [131.959303, 43.2005532], [131.9595899, 43.200429], [131.959649, 43.2003994], [131.9597134, 43.2003651], [131.9597617, 43.200322]]}}, {"type": "Feature", "properties": {"name": "Нарвская улица", "part": "mainland", "theme": "place", "descr": "https://t.me/vvtopo/304"}, "geometry": {"type": "LineString", "coordinates": [[131.946274, 43.0900696], [131.9449884, 43.0902088]]}}, {"type": "Feature", "properties": {"name": "улица Матросова", "part": "mainland", "theme": "person", "descr": "Образована 06.07.1946"}, "geometry": {"type": "LineString", "coordinates": [[131.9101371, 43.0906918], [131.9096196, 43.0908326], [131.909154, 43.0909382], [131.9084105, 43.0911594], [131.9082847, 43.0912037], [131.9081064, 43.0912679], [131.907991, 43.0912967], [131.9078734, 43.0913123], [131.9077532, 43.0913116], [131.9076657, 43.0913008], [131.9074969, 43.0912591], [131.9073889, 43.091231], [131.9071689, 43.0912174], [131.9069919, 43.0912037], [131.9068672, 43.0911851], [131.9067331, 43.0911675], [131.9064725, 43.0911435], [131.9063428, 43.091145], [131.906081, 43.0911482], [131.9059244, 43.0911518], [131.9058302, 43.0911623], [131.9057806, 43.0911711], [131.9056982, 43.0911812], [131.9055633, 43.0912025], [131.9054228, 43.0912125], [131.9053085, 43.0912123], [131.9052254, 43.0912044], [131.9051543, 43.0911818], [131.9051234, 43.0911613], [131.905097, 43.091093], [131.9050916, 43.0910335]]}}, {"type": "Feature", "properties": {"name": "улица Мечникова", "part": "mainland", "theme": "person", "descr": "Упомянута в справочнике 1924 г."}, "geometry": {"type": "MultiLineString", "coordinates": [[[132.0280981, 43.2390046], [132.0279732, 43.2389917]], [[132.0279732, 43.2389917], [132.0275418, 43.2389462], [132.0274451, 43.2389373], [132.0273923, 43.2389306], [132.0267589, 43.2388502], [132.025645, 43.2387157], [132.0254342, 43.2386826], [132.0252009, 43.238662], [132.0246861, 43.2386454], [132.0246339, 43.2386478], [132.0245303, 43.2386484], [132.0244036, 43.2386471], [132.0243051, 43.2386238], [132.0241803, 43.2385838], [132.024004, 43.2385191], [132.0237398, 43.2384244], [132.0234242, 43.238334], [132.0231034, 43.2382261], [132.0228732, 43.2381637], [132.022484, 43.238088], [132.0220836, 43.2380364], [132.0219385, 43.2380243], [132.0218, 43.2380518], [132.0216345, 43.2380949], [132.0214881, 43.2381253], [132.0214344, 43.2381606], [132.0213801, 43.2381081], [132.0212728, 43.2380768], [132.0210996, 43.2380362], [132.020908, 43.2380064], [132.0206798, 43.2379643], [132.020444, 43.2379283], [132.0202426, 43.2378964], [132.0194653, 43.2378075], [132.0191221, 43.2377649], [132.0185963, 43.2377126], [132.0184391, 43.2376988], [132.018231, 43.237694], [132.0167341, 43.2377826], [132.0159298, 43.2378321], [132.0150779, 43.2378786], [132.0143108, 43.2379713], [132.0141357, 43.237975], [132.0139492, 43.2379546], [132.0137844, 43.237872], [132.0134595, 43.2375746], [132.0133724, 43.2374955], [132.0131868, 43.2373852], [132.0130151, 43.2372997], [132.012755, 43.2371947], [132.0125784, 43.2371582], [132.0123686, 43.2371557], [132.0121337, 43.2371896]], [[132.032827, 43.2403095], [132.0328184, 43.2403027], [132.0327593, 43.2402526], [132.0327285, 43.2402289], [132.0324093, 43.2400425], [132.0321045, 43.2398839], [132.0315718, 43.2396481], [132.0313404, 43.2395628], [132.031055, 43.239472], [132.0305712, 43.23936], [132.0298107, 43.2392504], [132.0282733, 43.2390266], [132.0280981, 43.2390046]], [[132.0344981, 43.2437114], [132.0344787, 43.2436797], [132.0344764, 43.2436366], [132.0344974, 43.2432663], [132.0344931, 43.2429494], [132.0344147, 43.2423934], [132.0344076, 43.2423462], [132.0343888, 43.2422866], [132.0341045, 43.2416706], [132.0338451, 43.2412517], [132.0338, 43.2412002], [132.0337437, 43.2411371], [132.033591, 43.2409643], [132.0331096, 43.2405406], [132.0329993, 43.2404504], [132.0328964, 43.2403662]]]}}, {"type": "Feature", "properties": {"name": "улица Лермонтова", "part": "mainland", "theme": "person", "descr": "Изначально — Советская ул. Переименована в ул. Лермонтова не ранее 1961 года."}, "geometry": {"type": "MultiLineString", "coordinates": [[[132.0633286, 43.288627], [132.0633543, 43.2891464], [132.0633521, 43.2895331], [132.0633182, 43.2897117], [132.0632325, 43.2898497], [132.0631137, 43.2900195], [132.0629813, 43.2901501], [132.0628204, 43.2902706], [132.0625085, 43.2904367], [132.0620664, 43.2906038], [132.0615571, 43.2907688], [132.0608674, 43.291024], [132.0606872, 43.2911178], [132.0605569, 43.2912013], [132.0604395, 43.2912997], [132.0603325, 43.2914195], [132.0602097, 43.2916016], [132.0601481, 43.291743], [132.0601183, 43.2918999], [132.0601317, 43.2921186], [132.0602236, 43.2929002], [132.0602601, 43.2931904], [132.060305, 43.2939052], [132.060295, 43.2942327]], [[132.0631692, 43.3002467], [132.0633942, 43.3003484], [132.0636875, 43.3004606], [132.0639726, 43.3005696], [132.0643686, 43.3007158], [132.0645404, 43.3007809], [132.064593, 43.3008008], [132.0646195, 43.3008109], [132.0648086, 43.3008796], [132.0649189, 43.3009198], [132.0652182, 43.3010297], [132.0656291, 43.3011776], [132.0662903, 43.3014238], [132.0666826, 43.30157], [132.0669128, 43.3016508], [132.0674371, 43.3018607], [132.0679504, 43.3021178], [132.0681078, 43.3022221], [132.0687002, 43.3026194], [132.0689458, 43.3027933], [132.0691823, 43.3029608], [132.0697653, 43.3033495], [132.0702697, 43.3036991], [132.0703071, 43.3037332], [132.0704925, 43.3039534], [132.0705193, 43.3039872], [132.0706243, 43.3041203], [132.0706391, 43.304139], [132.0707675, 43.3043016]], [[132.060295, 43.2942327], [132.0602802, 43.2947391], [132.0602709, 43.2951342], [132.0602763, 43.2952812], [132.060325, 43.2960882], [132.0603342, 43.2961564], [132.0603836, 43.2964159]], [[132.0603836, 43.2964159], [132.0604517, 43.2965495], [132.0605554, 43.2967129], [132.0606403, 43.2968417], [132.0606892, 43.2969159], [132.0607211, 43.2969644], [132.0607753, 43.2970467], [132.0608335, 43.297135], [132.0609097, 43.2972359], [132.0609644, 43.2973151], [132.0614752, 43.2981903], [132.0615176, 43.2982693], [132.0618566, 43.2989078], [132.0620122, 43.2991659], [132.0620991, 43.2992725], [132.0621497, 43.2993286]], [[132.0740556, 43.3071323], [132.0747331, 43.307803], [132.0749079, 43.3079734], [132.0750058, 43.3080689], [132.075135, 43.3081948], [132.0752649, 43.3083215], [132.0754142, 43.3084671], [132.0757002, 43.3087571], [132.0758293, 43.308887], [132.0761538, 43.3092136], [132.0761849, 43.3092448], [132.0763528, 43.3094138], [132.0763955, 43.3094567], [132.0766948, 43.3097579], [132.0767369, 43.3098065], [132.077275, 43.3103646], [132.0773779, 43.3104768], [132.0774439, 43.3105485], [132.0775931, 43.3106988], [132.0777039, 43.3108064], [132.0780715, 43.3111646], [132.0783566, 43.3114565], [132.0784194, 43.311519], [132.0784559, 43.3115572], [132.0785468, 43.3116507], [132.0785768, 43.3116816], [132.0787104, 43.3118049], [132.07886, 43.3119427], [132.0789475, 43.3120197], [132.0792466, 43.3122456], [132.0793565, 43.3123242], [132.0795874, 43.3124745]], [[132.0621497, 43.2993286], [132.0622662, 43.2994582], [132.0624528, 43.2996481], [132.0628081, 43.2999852], [132.063004, 43.3001423], [132.0631692, 43.3002467]], [[132.0620991, 43.2992725], [132.0622606, 43.299183], [132.0629056, 43.2988527], [132.0629611, 43.2988186], [132.0630098, 43.2987853], [132.0630795, 43.2987325], [132.0632577, 43.298604], [132.0634159, 43.2984829], [132.0634462, 43.2984589]], [[132.0715439, 43.30503], [132.0716447, 43.3051159], [132.0718201, 43.3052716], [132.0718984, 43.3053356], [132.0719874, 43.3054085], [132.0723238, 43.305688], [132.0724916, 43.3058213], [132.0725205, 43.3058474], [132.0726915, 43.305985], [132.0729678, 43.3062112], [132.0730222, 43.3062557], [132.0730485, 43.3062772], [132.073068, 43.3062932], [132.0731881, 43.3063926], [132.0736649, 43.3067943], [132.0740556, 43.3071323]], [[132.0707675, 43.3043016], [132.0711785, 43.3047184], [132.0714849, 43.3049797], [132.0715439, 43.30503]], [[132.0615255, 43.2967148], [132.0615896, 43.2967886], [132.0619062, 43.2970947], [132.061968, 43.2971349], [132.0621096, 43.2972328], [132.0621337, 43.2972513], [132.0622746, 43.2973663], [132.0623006, 43.2973881], [132.0624432, 43.2974587], [132.0624779, 43.2974657], [132.0625369, 43.2974779], [132.0626693, 43.297482], [132.062784, 43.2974546], [132.062867, 43.2974214], [132.0629187, 43.2974001], [132.0630232, 43.2973656], [132.0633414, 43.2972526], [132.0635063, 43.2971949], [132.0637008, 43.2971357], [132.0637773, 43.2971146], [132.0638797, 43.2970974], [132.0639966, 43.297077], [132.0641228, 43.297064], [132.0642388, 43.2970635], [132.064341, 43.2970812], [132.064421, 43.2970951], [132.0644933, 43.2971106], [132.06458, 43.2971381], [132.0646891, 43.2971382], [132.0647478, 43.2971024], [132.0649175, 43.2970066], [132.0649288, 43.2969994], [132.0653319, 43.2967597], [132.0654198, 43.2967048], [132.0655179, 43.2966356], [132.0657202, 43.2965019], [132.065941, 43.296354], [132.0662691, 43.29621], [132.0663644, 43.2961757], [132.0664537, 43.2961529], [132.0665701, 43.2961522], [132.0666975, 43.29618], [132.0668135, 43.2962212], [132.0669094, 43.2962638], [132.0673194, 43.2965688], [132.0676083, 43.2968198], [132.0677198, 43.2969188], [132.0677273, 43.296926], [132.0682802, 43.2973371], [132.068722, 43.297748]], [[132.0587862, 43.2990049], [132.0588099, 43.2991408], [132.0588344, 43.2992334], [132.0588422, 43.2992626], [132.0589225, 43.2995653], [132.0589725, 43.2996589], [132.0590395, 43.2997459], [132.0591279, 43.2998377], [132.0595064, 43.3001278], [132.0595708, 43.3001665], [132.059716, 43.3002007], [132.0598542, 43.3001962], [132.0599398, 43.3001833], [132.0600205, 43.3001521], [132.0600931, 43.300124], [132.0601712, 43.3000938], [132.0603294, 43.3000342], [132.0603434, 43.3000272], [132.0605419, 43.2999504], [132.0608183, 43.2998435], [132.0610615, 43.2997495], [132.0614764, 43.299589], [132.0617293, 43.2994912], [132.0618562, 43.2994421], [132.0620471, 43.2993683], [132.0621497, 43.2993286]], [[132.068722, 43.297748], [132.0686635, 43.2977904], [132.0685681, 43.2978463], [132.0683699, 43.2979727], [132.0682239, 43.2980807], [132.0680324, 43.2982331], [132.0677801, 43.2984867], [132.0677346, 43.2985324], [132.0677096, 43.2986179], [132.0676138, 43.2987259], [132.0674133, 43.2989518], [132.0672379, 43.2991592], [132.0671719, 43.2992205], [132.0671212, 43.2992673], [132.0670801, 43.2992968], [132.0666458, 43.2995623]], [[132.068722, 43.297748], [132.0692024, 43.2981757]]]}}, {"type": "Feature", "properties": {"name": "набережная Цесаревича", "part": "mainland", "theme": "person"}, "geometry": {"type": "MultiLineString", "coordinates": [[[131.8978415, 43.1126975], [131.8983685, 43.1127703], [131.9018955, 43.1132179]], [[131.9018955, 43.1132179], [131.9020884, 43.113161], [131.902685, 43.1129964], [131.9029846, 43.112914], [131.903211, 43.1128558], [131.903767, 43.1127113], [131.9041764, 43.112602], [131.9044857, 43.1125202], [131.9045869, 43.1124962]]]}}, {"type": "Feature", "properties": {"name": "Вязовая улица", "part": "mainland", "theme": "tree", "descr": "https://t.me/ochkuryvl/3626"}, "geometry": {"type": "LineString", "coordinates": [[131.9213407, 43.099453], [131.9213481, 43.099337], [131.9213533, 43.0992931], [131.9213646, 43.0991965], [131.9213784, 43.0990743], [131.9213841, 43.0990144], [131.9213918, 43.0989355], [131.9214119, 43.0987575], [131.9214154, 43.098724], [131.9214217, 43.0986679], [131.9214313, 43.098573], [131.9214594, 43.0981658], [131.9214626, 43.0980761], [131.9214717, 43.0979091], [131.9214926, 43.0975408], [131.9215523, 43.0970825], [131.9215569, 43.0970548], [131.9215748, 43.096931], [131.9216039, 43.0967292], [131.921602, 43.0962826], [131.9215965, 43.0961239], [131.9215925, 43.0960148], [131.9215906, 43.0959074], [131.9215878, 43.0957532], [131.9215723, 43.0955592], [131.9215768, 43.0953579], [131.9215801, 43.0952083], [131.9215837, 43.0951237], [131.9215905, 43.0950994], [131.921626, 43.0950704], [131.9217112, 43.095019], [131.9217449, 43.0949952], [131.9217658, 43.0949731], [131.9217791, 43.094929], [131.9217875, 43.0943427], [131.921798, 43.0938885], [131.9217924, 43.093875], [131.921783, 43.0938648], [131.9217664, 43.093856], [131.9216254, 43.0938583], [131.9212887, 43.0938578], [131.9212117, 43.0938579], [131.9208442, 43.0938602], [131.9207767, 43.0938712], [131.9206736, 43.0938973], [131.9202206, 43.0939014], [131.9200945, 43.0938778], [131.9199246, 43.0938406], [131.9197064, 43.0937388], [131.9195564, 43.093668]]}}, {"type": "Feature", "properties": {"name": "улица Адмирала Угрюмова", "part": "mainland", "theme": "person"}, "geometry": {"type": "MultiLineString", "coordinates": [[[132.1000827, 43.2020303], [132.100074, 43.2022261], [132.1002014, 43.2025152], [132.0995431, 43.203181], [132.0993388, 43.2033543], [132.0991855, 43.203468], [132.0990349, 43.2035521], [132.0988199, 43.20361], [132.0979185, 43.2037772], [132.0975824, 43.2038807], [132.0973441, 43.2040139], [132.0959881, 43.2050646], [132.0959279, 43.2051242]], [[132.0854709, 43.2110587], [132.0860143, 43.2109897], [132.0862897, 43.2109476], [132.0864696, 43.2109399], [132.0869262, 43.2109558], [132.0873201, 43.210982], [132.0876401, 43.2109825], [132.0877671, 43.2109761], [132.0878652, 43.2109587], [132.0879518, 43.2109338], [132.0880472, 43.2108903], [132.0882162, 43.2108104], [132.0885129, 43.2106953], [132.0886726, 43.2106046], [132.0893975, 43.2101918], [132.0895472, 43.2100922], [132.089637, 43.2100282], [132.0899917, 43.2097441], [132.0901803, 43.2096256], [132.0903465, 43.2095532], [132.0906902, 43.2094461], [132.09106, 43.2093464], [132.091255, 43.2092656], [132.091453, 43.2091931], [132.0919759, 43.2089472], [132.0925382, 43.2086729], [132.0926188, 43.2086105], [132.0932099, 43.2077312], [132.0932402, 43.2076974], [132.0933039, 43.2076699], [132.0933962, 43.2076649]], [[132.0958067, 43.2053418], [132.0957733, 43.2054076], [132.0957518, 43.2054396], [132.0945811, 43.2065586], [132.0943879, 43.2067838], [132.0942776, 43.2068823], [132.0941842, 43.2069391], [132.0940875, 43.2070114], [132.0939904, 43.2070945], [132.0937873, 43.2072538], [132.0936496, 43.2073702], [132.093527, 43.2075007], [132.0933962, 43.2076649]]]}}, {"type": "Feature", "properties": {"name": "Калининская улица", "part": "popova", "theme": "person", "descr": "Постановление главы администрации г. Владивостока от 28.06.2006 №1365"}, "geometry": {"type": "LineString", "coordinates": [[131.7225987, 42.9589018], [131.7227485, 42.9588912], [131.7229326, 42.9588997], [131.7238835, 42.9590714], [131.7241548, 42.9591164], [131.7243507, 42.9591483], [131.724937, 42.9592335], [131.7251521, 42.9592699], [131.7260388, 42.959429], [131.7276677, 42.9597064], [131.7279442, 42.9597535], [131.7302162, 42.9601185], [131.7306255, 42.9601965], [131.7310049, 42.9604616]]}}, {"type": "Feature", "properties": {"name": "Ольховая улица", "part": "popova", "theme": "tree", "descr": "Постановление главы администрации г. Владивостока от 28.06.2006 №1365"}, "geometry": {"type": "LineString", "coordinates": [[131.7394409, 42.9704707], [131.739333, 42.9710429], [131.7393585, 42.9717853], [131.7393478, 42.972072], [131.7387959, 42.972459], [131.7385396, 42.9727503], [131.7381321, 42.9729496]]}}, {"type": "Feature", "properties": {"name": "улица Куйбышева", "part": "mainland", "theme": "person", "descr": "Образована 25.07.1941. Изначально шла севернее сопки Комарова."}, "geometry": {"type": "MultiLineString", "coordinates": [[[131.9458252, 43.1075544], [131.9458626, 43.1076005], [131.9462392, 43.1080647], [131.9464672, 43.1083412], [131.9464988, 43.1083823], [131.9465576, 43.1084676], [131.9467087, 43.1086868], [131.9469628, 43.1089903]], [[131.9469628, 43.1089903], [131.9472769, 43.1093956]], [[131.9472769, 43.1093956], [131.9473149, 43.1094463], [131.9475842, 43.109822], [131.9475981, 43.1098534], [131.9476355, 43.1099645], [131.9476548, 43.110036], [131.9476699, 43.1100883], [131.9476856, 43.1101458], [131.9477375, 43.1103059], [131.9477628, 43.1103744], [131.9478151, 43.1104565], [131.9478942, 43.1105307]]]}}, {"type": "Feature", "properties": {"name": "улица Академика Касьянова", "part": "mainland", "theme": "person", "descr": "Постановление администрации города Владивостока от 14.06.2012 №2253"}, "geometry": {"type": "MultiLineString", "coordinates": [[[131.9249017, 43.0043799], [131.924707, 43.0041185], [131.9246074, 43.0039848], [131.9242528, 43.0035167], [131.9238871, 43.0031875], [131.9232702, 43.0027817], [131.9229563, 43.002621]], [[131.9257122, 43.0054948], [131.9256585, 43.0054137], [131.9255246, 43.0052248], [131.9254203, 43.0050811], [131.9252841, 43.0048934]], [[131.9260687, 43.00607], [131.9259187, 43.0057749]], [[131.9261689, 43.0062038], [131.9261287, 43.0061517], [131.9260878, 43.0060961], [131.9260687, 43.00607]], [[131.9252841, 43.0048934], [131.9249017, 43.0043799]], [[131.9262728, 43.0061625], [131.9265149, 43.0065786]], [[131.9259187, 43.0057749], [131.9257122, 43.0054948]], [[131.9265149, 43.0065786], [131.9261689, 43.0062038]], [[131.9261811, 43.0060217], [131.9262291, 43.0060954], [131.9262728, 43.0061625]], [[131.9259187, 43.0057749], [131.9261811, 43.0060217]], [[131.9279454, 43.0110041], [131.9277654, 43.0109868], [131.9274813, 43.0109324], [131.9271969, 43.010865], [131.9269985, 43.0107912], [131.9268091, 43.0106881], [131.926746, 43.0106283], [131.9266947, 43.0105797], [131.9265914, 43.010441], [131.9265476, 43.0103263], [131.9265008, 43.0101816], [131.9264442, 43.0098422], [131.9263758, 43.0093674], [131.9263145, 43.008978], [131.9262958, 43.0087563], [131.9262968, 43.0085706], [131.9263172, 43.0083739], [131.9263845, 43.008147], [131.9266804, 43.0074595], [131.9267143, 43.0072051], [131.9266949, 43.0070413], [131.9266125, 43.006812], [131.9265149, 43.0065786]], [[131.9229563, 43.002621], [131.9226002, 43.0024387], [131.9207767, 43.0014634], [131.9195564, 43.0008258], [131.9192457, 43.0006635]]]}}, {"type": "Feature", "properties": {"name": "Кронштадтская улица", "part": "russky", "theme": "place", "descr": "Постановление администрации города Владивостока от 15.12.2017 №3026"}, "geometry": {"type": "LineString", "coordinates": [[131.7969063, 43.0047833], [131.7969744, 43.0047456], [131.7970972, 43.0047406], [131.7975506, 43.0047563], [131.7976843, 43.0047615], [131.7982428, 43.0047772], [131.7988356, 43.0047866], [131.7996121, 43.0047095], [131.8008698, 43.004592], [131.8012872, 43.0045375], [131.8015908, 43.0044979], [131.8017882, 43.0044539], [131.8024593, 43.0041833], [131.8027409, 43.0040397], [131.8030938, 43.0039302], [131.8034694, 43.0038393], [131.8036266, 43.0038061], [131.8038073, 43.0037282], [131.8039828, 43.0036328], [131.8048953, 43.0029224], [131.8051184, 43.0027592], [131.8052128, 43.0026399], [131.8052128, 43.0024265], [131.8050326, 43.0016733], [131.8050326, 43.0015289], [131.8050841, 43.0013908], [131.8053244, 43.001215], [131.8057138, 43.0010356], [131.8060883, 43.0010207], [131.806231, 43.0010279], [131.8065722, 43.001077], [131.8069144, 43.0010713]]}}, {"type": "Feature", "properties": {"name": "Вилючинская улица", "part": "mainland", "theme": "person", "descr": "https://t.me/vvtopo/306"}, "geometry": {"type": "LineString", "coordinates": [[132.1106086, 43.2807051], [132.1107269, 43.2807752], [132.1108542, 43.2808708], [132.1109639, 43.2810001], [132.1112274, 43.2814744], [132.1112518, 43.2816519], [132.1112518, 43.2817763], [132.1112762, 43.2818354], [132.1113819, 43.2818887], [132.1114905, 43.2819215], [132.111649, 43.2819215], [132.1117832, 43.2819155], [132.1119743, 43.2819067], [132.1121247, 43.2819244], [132.1123849, 43.2819866], [132.1125796, 43.2820615], [132.1127851, 43.2821635], [132.1130933, 43.2823675], [132.1133828, 43.282551], [132.1134465, 43.2826326], [132.1135416, 43.2827686], [132.1135883, 43.282857], [132.1136635, 43.2829555], [132.1139446, 43.2833694], [132.1140259, 43.2835126], [132.1143422, 43.2836595], [132.1146918, 43.2837591], [132.1156046, 43.2839427], [132.1158691, 43.2839846], [132.1158973, 43.2839913], [132.1161721, 43.2840722], [132.1165224, 43.2842275], [132.1167705, 43.284299], [132.1170531, 43.2843185], [132.1174324, 43.2842944], [132.1177129, 43.2842643], [132.1184324, 43.2841792], [132.1185722, 43.2841641], [132.1188156, 43.2841475], [132.1191538, 43.2841254], [132.1197068, 43.2841124], [132.12092, 43.2840601], [132.1220084, 43.2840162], [132.1232533, 43.2839911], [132.1255201, 43.2839577], [132.126422, 43.2839512], [132.1269706, 43.2839472], [132.1290603, 43.2838594], [132.1303838, 43.2837715], [132.1311114, 43.2837216], [132.1320014, 43.2837055], [132.1330764, 43.2836848], [132.1336738, 43.2836753], [132.1341137, 43.2836664], [132.1352962, 43.2836426], [132.1363818, 43.2836164], [132.1364964, 43.2836145], [132.1369364, 43.2836072], [132.1374499, 43.2835958], [132.1385324, 43.2835718], [132.1396385, 43.2835609], [132.1407873, 43.2835589], [132.141319, 43.283558], [132.1420914, 43.2835596]]}}, {"type": "Feature", "properties": {"name": "Саянская улица", "part": "mainland", "theme": "place", "descr": "Постановление администрации г. Владивостока от 13.03.2020 N 1033"}, "geometry": {"type": "LineString", "coordinates": [[132.1102466, 43.2805806], [132.1103633, 43.2804066], [132.1104053, 43.2803168], [132.1104368, 43.280205], [132.1105519, 43.2797916], [132.110587, 43.2796393], [132.1106554, 43.2794432], [132.1107077, 43.2793225], [132.1107669, 43.2792272], [132.1108835, 43.2791568], [132.1118355, 43.278896], [132.1118643, 43.2788881], [132.1125123, 43.2787243], [132.1127047, 43.2786822], [132.112884, 43.2786064], [132.1130874, 43.2784824], [132.1131738, 43.2784062], [132.1134341, 43.278158], [132.1135236, 43.2780643], [132.1136132, 43.2780001], [132.1137779, 43.2779551], [132.1147766, 43.2780258]]}}, {"type": "Feature", "properties": {"name": "Сахалинская улица", "part": "reineke", "theme": "place", "descr": "Постановление главы администрации г. Владивостока от 28.06.2006 №1365"}, "geometry": {"type": "LineString", "coordinates": [[131.7278792, 42.9200599], [131.7279409, 42.9202524], [131.7279904, 42.9205469], [131.7279994, 42.9210553], [131.7279028, 42.9214731], [131.727819, 42.9218589]]}}, {"type": "Feature", "properties": {"name": "улица Калинина", "part": "reineke", "theme": "person", "descr": "Постановление главы администрации г. Владивостока от 28.06.2006 №1365"}, "geometry": {"type": "LineString", "coordinates": [[131.7317032, 42.9186537], [131.7317602, 42.9189818], [131.7318871, 42.9192697], [131.7320531, 42.9196548], [131.7322473, 42.9200497], [131.7326491, 42.9208224], [131.7330243, 42.9209389], [131.7333437, 42.9212142]]}}, {"type": "Feature", "properties": {"name": "Архангельская улица", "part": "mainland", "theme": "place", "descr": "Постановление администрации г. Владивостока от 08.04.2016 N 1063"}, "geometry": {"type": "MultiLineString", "coordinates": [[[131.9506152, 43.0805717], [131.9495775, 43.0803268], [131.9494064, 43.0802864], [131.9489925, 43.0801782], [131.9483891, 43.079937], [131.9480364, 43.0797509], [131.9478071, 43.0796138], [131.9476798, 43.0795337], [131.9476112, 43.0794906], [131.9475013, 43.0794056], [131.9474457, 43.0793586], [131.9473497, 43.0792585], [131.9472128, 43.079087], [131.9469956, 43.0788255], [131.9468575, 43.0786148], [131.9467414, 43.0783527], [131.9467234, 43.0783121], [131.9466214, 43.0781418], [131.9465665, 43.0780839], [131.94649, 43.0779782], [131.9464189, 43.0778586], [131.9463545, 43.0777382], [131.9463425, 43.0776964], [131.9463264, 43.077505], [131.946301, 43.0773755], [131.9462719, 43.0772351], [131.9462601, 43.0769875]], [[131.9626968, 43.0835904], [131.9630495, 43.0834213], [131.9631917, 43.0833297]], [[131.9626968, 43.0835904], [131.9625164, 43.0836642], [131.9623877, 43.0837137], [131.9621461, 43.0838067], [131.9616776, 43.083957], [131.9611331, 43.0840648], [131.9608188, 43.0840944], [131.9603338, 43.0841138], [131.9600689, 43.0840818]], [[131.9600689, 43.0840818], [131.9592529, 43.0838826], [131.958916, 43.0837712], [131.958549, 43.0836657], [131.9580701, 43.0835646], [131.9578099, 43.0835362], [131.9574123, 43.0835356], [131.9570073, 43.0835822], [131.9565057, 43.0836829], [131.9564103, 43.0837021], [131.9557388, 43.0838002], [131.955266, 43.0838679], [131.9549821, 43.0839097], [131.9546489, 43.0839169], [131.9542746, 43.083892], [131.9541505, 43.0838708], [131.9540132, 43.0838171], [131.9539122, 43.0837582], [131.953808, 43.083676], [131.9536936, 43.0835693], [131.9535966, 43.0834568]], [[131.9535966, 43.0834568], [131.9533738, 43.0833449], [131.9532366, 43.0832824], [131.9531102, 43.0831837], [131.9530414, 43.0830927], [131.9527828, 43.0822883], [131.9526485, 43.0818667], [131.9525881, 43.08171], [131.9525398, 43.0816013], [131.9524455, 43.0814548], [131.9522801, 43.0812124], [131.9521499, 43.0810727], [131.952075, 43.0810037], [131.9519967, 43.0809486], [131.9518748, 43.080873], [131.9517013, 43.0807745], [131.9515288, 43.0807093], [131.9511674, 43.0806608], [131.9508531, 43.0806154], [131.9506152, 43.0805717]], [[131.9484502, 43.0845943], [131.9484529, 43.0844821], [131.9484449, 43.0843762], [131.9483865, 43.0843072], [131.9483356, 43.0842371], [131.9483336, 43.0841927], [131.9483775, 43.084085], [131.9484979, 43.0838169], [131.9485992, 43.0835901], [131.9487801, 43.0833551], [131.9489212, 43.0832314], [131.9490872, 43.0830389], [131.9492711, 43.0827474], [131.94942, 43.082519], [131.9495153, 43.0823843], [131.9496448, 43.0822265], [131.949744, 43.0821194], [131.9499175, 43.0819958], [131.9504005, 43.0817584], [131.9504754, 43.0816577], [131.9504867, 43.0815634], [131.95046, 43.0814538], [131.9503859, 43.0813229], [131.9503002, 43.0811975], [131.9502281, 43.0811135], [131.9500262, 43.0809595], [131.9496968, 43.0807848], [131.9490814, 43.0805423], [131.9488125, 43.0804197], [131.9485994, 43.0803375], [131.9484639, 43.080254], [131.9484042, 43.0801938], [131.9483835, 43.0801404], [131.9483891, 43.079937]]]}}, {"type": "Feature", "properties": {"name": "улица Новожилова", "part": "mainland", "theme": "person", "descr": "https://t.me/vvtopo/301"}, "geometry": {"type": "MultiLineString", "coordinates": [[[131.9595728, 43.0950422], [131.9595035, 43.0948578], [131.9594935, 43.094807], [131.9594926, 43.0947495], [131.9595073, 43.0946995], [131.9595356, 43.0946547], [131.9595757, 43.0946175], [131.9597345, 43.0944779], [131.9597687, 43.0944399], [131.9597928, 43.094399], [131.9598042, 43.094377], [131.9598049, 43.0943569], [131.9598012, 43.0943346], [131.9597918, 43.0943057], [131.9597509, 43.094189], [131.9595951, 43.0937513], [131.9595693, 43.0936828], [131.9594656, 43.0933981], [131.9594061, 43.0932123], [131.9593555, 43.0930542], [131.9593268, 43.0929648], [131.9592106, 43.0926018], [131.959172, 43.0924813], [131.959089, 43.0922222], [131.9590786, 43.0921897], [131.9590613, 43.0921358], [131.959006, 43.0919574], [131.9589097, 43.0916706], [131.9587983, 43.0913487], [131.9587134, 43.0911035], [131.9586923, 43.0910425], [131.9583053, 43.0901071]], [[131.9583053, 43.0901071], [131.957526, 43.0897999], [131.9572347, 43.0896813]], [[131.9572347, 43.0896813], [131.956967, 43.0895722]]]}}, {"type": "Feature", "properties": {"name": "переулок Маковского", "part": "mainland", "theme": "person"}, "geometry": {"type": "LineString", "coordinates": [[132.0166323, 43.2314672], [132.0166302, 43.2313997], [132.0167676, 43.2313523], [132.0168662, 43.2313072], [132.0171236, 43.231174], [132.0172541, 43.2311142], [132.0177987, 43.2309139], [132.0179799, 43.2308469], [132.018017, 43.2308282], [132.0181958, 43.2307334], [132.0183473, 43.2306641], [132.018457, 43.2305826], [132.0185807, 43.2304492], [132.0186584, 43.2303758], [132.0186931, 43.2303477], [132.0187422, 43.2303279], [132.0192048, 43.2303032], [132.0196256, 43.2302756], [132.0198063, 43.2302475], [132.0199714, 43.2302186], [132.0200148, 43.2302035], [132.0200707, 43.2301755], [132.020135, 43.230111]]}}, {"type": "Feature", "properties": {"name": "улица Гагаринского", "part": "mainland", "theme": "person", "descr": "https://t.me/ochkuryvl/3626"}, "geometry": {"type": "MultiLineString", "coordinates": [[[131.9398664, 43.2025611], [131.9397014, 43.2027637], [131.9396324, 43.2028139], [131.939578, 43.2028615], [131.9394761, 43.2029033], [131.9394077, 43.2029377], [131.9393133, 43.2029725], [131.9391529, 43.2029949], [131.9389279, 43.203009], [131.9387305, 43.2029997], [131.9384669, 43.2029615], [131.9382155, 43.2028776], [131.9380332, 43.2027571], [131.9379562, 43.2027231], [131.9378856, 43.2026263], [131.9378191, 43.2025453], [131.937785, 43.2024856]], [[131.9374044, 43.2030351], [131.9371976, 43.2031445], [131.9371203, 43.2031941], [131.937076, 43.2032457], [131.9370099, 43.2033277], [131.9369421, 43.2033961], [131.9368943, 43.2034306], [131.9367871, 43.2034803], [131.9364359, 43.2037035], [131.9364085, 43.2037217]]]}}, {"type": "Feature", "properties": {"name": "Феодосийская улица", "part": "mainland", "theme": "place", "descr": "Постановление администрации города Владивостока от 31.05.2017 №1374"}, "geometry": {"type": "MultiLineString", "coordinates": [[[131.962978, 43.0860347], [131.962759, 43.0860589], [131.9626988, 43.0860633], [131.9625543, 43.0860676], [131.9624578, 43.0860704], [131.9623272, 43.0860834], [131.9621526, 43.0861142], [131.9620375, 43.086152], [131.9619754, 43.0861742], [131.9619483, 43.0861839], [131.9619034, 43.0862], [131.9618158, 43.0862403], [131.9617899, 43.0862522], [131.9617178, 43.0862975], [131.9616959, 43.0863112], [131.9616645, 43.0863309], [131.9615979, 43.0863727], [131.9615569, 43.0863985], [131.9614963, 43.0864365], [131.9614544, 43.0864628], [131.9614336, 43.0864738], [131.9614066, 43.0864854], [131.9613912, 43.0864915], [131.9612813, 43.0865349], [131.9611428, 43.0865738], [131.9610215, 43.0865854], [131.960818, 43.0865862]], [[131.9538409, 43.0855781], [131.9544564, 43.0854888], [131.954831, 43.0854389], [131.955593, 43.0852973], [131.9556875, 43.0852841], [131.9558888, 43.0852556], [131.9559936, 43.0852478], [131.9561057, 43.0852442], [131.9562229, 43.0852498], [131.9564703, 43.0852901], [131.9569089, 43.0854042], [131.9569843, 43.0854389], [131.9570439, 43.0854693], [131.9578762, 43.0856752]], [[131.960818, 43.0865862], [131.9607054, 43.0865588], [131.9605295, 43.0865159], [131.9596222, 43.0862754], [131.9595428, 43.0862702], [131.9593699, 43.0862176], [131.9590238, 43.0861135], [131.95849, 43.0859049], [131.9581725, 43.085767], [131.9578762, 43.0856752]]]}}, {"type": "Feature", "properties": {"name": "Путятинская улица", "part": "mainland", "theme": "person", "descr": "Прежнее название — улица Постышева. Переименована в рамках устранения дублей при присоединении Трудового"}, "geometry": {"type": "MultiLineString", "coordinates": [[[132.060675, 43.3029118], [132.0606751, 43.3029662], [132.0606966, 43.3030198], [132.060779, 43.3031332], [132.0608718, 43.3032323], [132.0611434, 43.3035325], [132.0613511, 43.303756]], [[132.0633964, 43.3047976], [132.0635088, 43.3048432], [132.0635714, 43.3048852], [132.0636014, 43.3049074], [132.0636339, 43.3049472], [132.0636881, 43.3050054], [132.0639108, 43.305132], [132.0640337, 43.3051921], [132.0641096, 43.3052292], [132.0642088, 43.3052397], [132.0643083, 43.305248], [132.0644027, 43.305248], [132.0644746, 43.3052312], [132.0645255, 43.3051969], [132.0645886, 43.3051658], [132.0649149, 43.3049322], [132.0650809, 43.3048348], [132.0652584, 43.3047516], [132.0654471, 43.3046878], [132.0656095, 43.3046552], [132.0657605, 43.3046356], [132.0663125, 43.3045854], [132.0664605, 43.3045948]], [[132.0741911, 43.3103376], [132.0743801, 43.3104679], [132.0745458, 43.3105847], [132.0747025, 43.3107012], [132.0747905, 43.3107798], [132.0748336, 43.3108302], [132.0751746, 43.3112298], [132.075321, 43.311403], [132.075445, 43.311562], [132.0756195, 43.3117738], [132.0758467, 43.3120973], [132.0758499, 43.3121461], [132.0758922, 43.3122476], [132.0759038, 43.3123453], [132.0759777, 43.3125403], [132.0760691, 43.3127115], [132.0760875, 43.3128024], [132.0761097, 43.3129383], [132.0763574, 43.3134172], [132.0764559, 43.3136011]], [[132.0699639, 43.3079817], [132.0700102, 43.3080232], [132.0700542, 43.3080738], [132.0701867, 43.3081371], [132.0703679, 43.3082085], [132.0705923, 43.3082965], [132.0708097, 43.3083997], [132.0710407, 43.3085434], [132.0712315, 43.3086631], [132.0713293, 43.3087132], [132.071414, 43.3087684], [132.0714839, 43.3087999], [132.071538, 43.3088023], [132.0716286, 43.3087871], [132.0717147, 43.3088102], [132.0718566, 43.3088741], [132.0719707, 43.3089383], [132.0720749, 43.3090076], [132.0728249, 43.3095082], [132.0734664, 43.3099149]], [[132.0664024, 43.3060588], [132.0666872, 43.3061745], [132.0667691, 43.3062546], [132.0667959, 43.3062869], [132.0668226, 43.3063483], [132.0668323, 43.3063885], [132.0668264, 43.3064284], [132.0668035, 43.3065009]], [[132.0687002, 43.3026194], [132.0680857, 43.3031246], [132.0679546, 43.3032167], [132.0678255, 43.3033126], [132.0676965, 43.3033693], [132.0674222, 43.3034846], [132.067286, 43.3035401], [132.0671419, 43.3036682], [132.0668682, 43.3039976], [132.0668602, 43.3040072], [132.0664605, 43.3045948], [132.066341, 43.3048083], [132.0662831, 43.3049259], [132.0662061, 43.3050983], [132.066066, 43.3054685]], [[132.066066, 43.3054685], [132.0660615, 43.3056506], [132.0660844, 43.3057794], [132.0660941, 43.3058501], [132.0661468, 43.3059207], [132.066206, 43.3059674], [132.0662808, 43.306006], [132.0664024, 43.3060588]]]}}, {"type": "Feature", "properties": {"name": "улица Леонова", "part": "mainland", "theme": "person", "descr": "https://t.me/vvtopo/262"}, "geometry": {"type": "MultiLineString", "coordinates": [[[131.8531273, 43.0842431], [131.853149, 43.0842], [131.8531756, 43.0841215], [131.8531179, 43.0839291], [131.853093, 43.0838296], [131.8530741, 43.0837552], [131.853077, 43.0836803], [131.8531021, 43.08357], [131.8531929, 43.0834679], [131.8532848, 43.0833703], [131.8535109, 43.0831888], [131.8536015, 43.0831293], [131.8536186, 43.0831199], [131.8538426, 43.082999], [131.8542053, 43.0828307]], [[131.8564634, 43.0824631], [131.8556839, 43.0820264]], [[131.8587513, 43.0895067], [131.8586669, 43.0894297], [131.8585884, 43.0893575], [131.8583903, 43.0891416], [131.8582978, 43.0890374], [131.8582221, 43.0889387], [131.8581365, 43.0888355], [131.8579988, 43.0886742], [131.8579793, 43.0886513], [131.8577537, 43.0883707], [131.8577227, 43.0883321], [131.8576574, 43.0882466], [131.8576016, 43.0881737], [131.8574552, 43.0879634], [131.8574374, 43.0879506], [131.8574065, 43.087947]], [[131.8626424, 43.0948341], [131.8625429, 43.0947516], [131.86249, 43.0947078], [131.8624528, 43.0946769], [131.8623799, 43.0946235], [131.8621917, 43.0944885], [131.8620393, 43.0943748], [131.8618739, 43.0942428], [131.8618386, 43.0942167], [131.8618213, 43.0942027], [131.8617261, 43.0941072], [131.8616616, 43.0940398], [131.8614069, 43.0937879], [131.8614058, 43.0937321], [131.861376, 43.0936764], [131.8612826, 43.0935743], [131.8611813, 43.0934636], [131.8609744, 43.0932375], [131.8608534, 43.0931237], [131.86076, 43.0930241], [131.8607112, 43.0929712], [131.8606642, 43.0929086], [131.8606008, 43.0928013], [131.8605018, 43.0926058], [131.8604752, 43.092558], [131.860135, 43.091808], [131.8601297, 43.0917796], [131.8601444, 43.0917541], [131.8601803, 43.0917317], [131.8603819, 43.0916657], [131.8604136, 43.0916573], [131.860475, 43.0916371], [131.8602693, 43.0913349], [131.8600967, 43.0910814], [131.8599361, 43.0908637], [131.859794, 43.0906822], [131.8595256, 43.0903958]], [[131.8536889, 43.0852576], [131.8540817, 43.0855686], [131.8541253, 43.0855994], [131.8541697, 43.0856212], [131.8542122, 43.0856382], [131.8542747, 43.085662], [131.8543629, 43.0857122], [131.8544112, 43.0857465], [131.8545489, 43.0858876], [131.8547325, 43.0860628], [131.8549304, 43.0862091], [131.8556489, 43.0868392], [131.8558057, 43.0869425], [131.8559129, 43.0870183], [131.8562172, 43.0872174]], [[131.8595256, 43.0903958], [131.859517, 43.090386], [131.8589991, 43.0897923], [131.8587513, 43.0895067]]]}}, {"type": "Feature", "properties": {"name": "улица Лейтенанта Шмидта", "part": "mainland", "theme": "person", "descr": "переименована из Приморской 26.04.1923"}, "geometry": {"type": "MultiLineString", "coordinates": [[[131.8741798, 43.109508], [131.8740315, 43.1091806], [131.8740428, 43.1091578], [131.8740626, 43.1091174], [131.8740713, 43.1090917], [131.8740707, 43.109071], [131.8738219, 43.1086183], [131.873791, 43.1085709]], [[131.8636223, 43.1040723], [131.8635966, 43.1040566], [131.8635644, 43.1040395], [131.8635249, 43.1040172], [131.863362, 43.103969], [131.8632437, 43.1039378], [131.8627177, 43.1037622], [131.8624965, 43.1036513], [131.8622737, 43.1034744], [131.8621819, 43.103352], [131.8621488, 43.1030784]], [[131.8759958, 43.1106309], [131.8757324, 43.1106532], [131.8755256, 43.1106479], [131.8753986, 43.1106218], [131.8751677, 43.1105461], [131.875023, 43.1104329], [131.8744182, 43.1096902], [131.8743367, 43.1096075], [131.8741798, 43.109508]], [[131.8621488, 43.1030784], [131.8620719, 43.1029931], [131.8620435, 43.102961], [131.8620319, 43.1029233], [131.8620102, 43.102854], [131.8620009, 43.1027847], [131.8619999, 43.102703], [131.8620099, 43.1026536], [131.8620925, 43.1025327], [131.862205, 43.1024128], [131.8622714, 43.1023518], [131.86235, 43.1022629], [131.8624029, 43.1021853], [131.8624477, 43.1020771], [131.8624509, 43.101964], [131.8624164, 43.1018636], [131.8623814, 43.1018034], [131.8623423, 43.1017475], [131.8620101, 43.101282], [131.8616443, 43.100788]], [[131.8702218, 43.1060111], [131.8706573, 43.1061725], [131.8710638, 43.1063439], [131.8713142, 43.1064655], [131.8715115, 43.1065851], [131.8718184, 43.1067705], [131.8722864, 43.1070794], [131.8726965, 43.1073367], [131.8727209, 43.1073545]], [[131.8681257, 43.1052233], [131.8682367, 43.1052668], [131.8683955, 43.1053291], [131.8702218, 43.1060111]], [[131.8659033, 43.1046702], [131.8657616, 43.1046307], [131.8655127, 43.1045611], [131.8649365, 43.1044019], [131.8643419, 43.1042462], [131.8636223, 43.1040723]], [[131.873791, 43.1085709], [131.8735054, 43.10821]], [[131.8735054, 43.10821], [131.8731808, 43.1078473], [131.8727209, 43.1073545]]]}}, {"type": "Feature", "properties": {"name": "Перекопский переулок", "part": "mainland", "theme": "place"}, "geometry": {"type": "LineString", "coordinates": [[131.8606642, 43.0929086], [131.8605763, 43.0929328], [131.8604857, 43.0929504], [131.8603684, 43.0929666], [131.8602253, 43.0929577], [131.8601922, 43.0929535], [131.8601541, 43.0929472], [131.860006, 43.0929191], [131.8596666, 43.092843], [131.859475, 43.0928], [131.8593237, 43.0927746], [131.8592081, 43.0927584], [131.8591662, 43.0927541], [131.858805, 43.0927127]]}}, {"type": "Feature", "properties": {"name": "улица Рылеева", "part": "mainland", "theme": "person", "descr": "Изначально — южная часть Посьетской ул. Выделена в самостоятельную улицу в 1917 году."}, "geometry": {"type": "LineString", "coordinates": [[131.8774122, 43.1066563], [131.8773901, 43.1066872], [131.8773864, 43.1067016], [131.8773625, 43.1067864], [131.877381, 43.10685], [131.8774121, 43.1069671], [131.8774244, 43.1072035], [131.8774213, 43.1072213], [131.8774119, 43.1072751], [131.8774241, 43.107315], [131.8776444, 43.1075374]]}}, {"type": "Feature", "properties": {"name": "Самарская улица", "part": "mainland", "theme": "place", "descr": "Впервые упомянута в отчёте от 20.08.1923."}, "geometry": {"type": "LineString", "coordinates": [[131.8657993, 43.0957782], [131.8659205, 43.0957129], [131.8661173, 43.0956243], [131.8661818, 43.0956015], [131.8663518, 43.0955352], [131.8665321, 43.0954432], [131.8667331, 43.0953441], [131.8668438, 43.0952984], [131.8669563, 43.0952702], [131.867018, 43.0952722], [131.8671373, 43.0952761], [131.8672108, 43.0952977], [131.8672745, 43.0953415], [131.8673425, 43.0953982], [131.8674303, 43.095489]]}}, {"type": "Feature", "properties": {"name": "улица Захарова", "part": "mainland", "theme": "person", "descr": "до этого 2-я Морская"}, "geometry": {"type": "MultiLineString", "coordinates": [[[131.8786567, 43.11017], [131.8784897, 43.1102], [131.8782228, 43.1102427], [131.8780659, 43.1102637], [131.8777933, 43.1103043], [131.8774981, 43.1103559], [131.8772338, 43.1104051], [131.8771389, 43.1104229]], [[131.8771389, 43.1104229], [131.8769507, 43.1104599], [131.8768863, 43.1104726], [131.8762039, 43.1106035], [131.8760885, 43.1106213], [131.8759958, 43.1106309]]]}}, {"type": "Feature", "properties": {"name": "улица Александра Грина", "part": "mainland", "theme": "person", "descr": "25.05.1990"}, "geometry": {"type": "LineString", "coordinates": [[131.8452849, 43.0809564], [131.8451333, 43.0810304], [131.8450489, 43.081052], [131.8449092, 43.0810696], [131.8447205, 43.0810602], [131.8446527, 43.0810468], [131.8444779, 43.0810049], [131.8443668, 43.08097], [131.8442645, 43.080936], [131.843959, 43.0808153], [131.8438263, 43.0807737], [131.8437482, 43.0807763], [131.8437061, 43.0807871], [131.8436318, 43.0808494]]}}, {"type": "Feature", "properties": {"name": "улица Морозова", "part": "mainland", "theme": "person", "descr": "Ранее одноимённая улица располагалась по другую сторону от Казанского моста. Отмечена на картах 1917-22 гг. и 1929 года. Упразднена в 1938 году."}, "geometry": {"type": "MultiLineString", "coordinates": [[[131.8632492, 43.093512], [131.8632218, 43.0934303], [131.8631978, 43.093365], [131.8631458, 43.0932496], [131.8630949, 43.0931376], [131.8630573, 43.0930616], [131.86288, 43.0927916], [131.8628562, 43.0927534], [131.8627569, 43.0925772], [131.8627235, 43.0925242], [131.8625987, 43.0923044]], [[131.8625987, 43.0923044], [131.8625749, 43.0922544], [131.8625677, 43.0922394], [131.8625434, 43.0921891], [131.8623949, 43.0918577], [131.8623755, 43.0918069], [131.8623678, 43.0917616], [131.8623648, 43.0916883], [131.8623547, 43.0915607], [131.8623721, 43.0915017], [131.8623951, 43.0914118], [131.8623691, 43.0913234], [131.8622825, 43.0911213], [131.8622059, 43.0909442], [131.8621438, 43.0908514], [131.8621171, 43.090772], [131.8619256, 43.0903558]]]}}, {"type": "Feature", "properties": {"name": "улица Токаревская Кошка", "part": "mainland", "theme": "person", "descr": "Упомянута в справочнике 1957 г. По другой версии — образована 25.05.1990"}, "geometry": {"type": "MultiLineString", "coordinates": [[[131.8428547, 43.0798852], [131.8427162, 43.0798477], [131.8422188, 43.0797447], [131.8421052, 43.0797167], [131.8419481, 43.0796681], [131.8417949, 43.079596], [131.8417464, 43.0795698], [131.8416803, 43.0795176], [131.8416213, 43.0794602], [131.8415983, 43.0794272], [131.8415601, 43.0793597], [131.8415109, 43.0791828], [131.841358, 43.078545]], [[131.8450938, 43.0808668], [131.8452849, 43.0809564], [131.8453857, 43.0809593], [131.8455125, 43.0809399], [131.8462288, 43.0808599], [131.8468151, 43.0808168], [131.8468824, 43.0808121], [131.846995, 43.0808034], [131.8470995, 43.0807893], [131.8471847, 43.0807715], [131.8474109, 43.0807035], [131.8474749, 43.0806787], [131.8476896, 43.0805885], [131.8478357, 43.0805179], [131.84794, 43.0804635], [131.8483692, 43.0802465], [131.8485394, 43.0801649], [131.8485793, 43.0801527], [131.8486545, 43.0801545], [131.8487332, 43.0801717], [131.8487901, 43.0801967], [131.8488612, 43.0802489], [131.8490615, 43.0804221], [131.8492926, 43.0806593], [131.8494816, 43.080865], [131.8497168, 43.0811155], [131.8498593, 43.0812342], [131.8499864, 43.0813228]], [[131.8450938, 43.0808668], [131.8449631, 43.0807736], [131.8448663, 43.0807147], [131.8447622, 43.0806646], [131.844648, 43.0805943], [131.8445421, 43.0805439], [131.8444294, 43.0804984], [131.8441839, 43.0803759], [131.8440458, 43.0803043], [131.8439224, 43.0802359], [131.8436561, 43.0801265], [131.8432017, 43.0799792], [131.8428547, 43.0798852]]]}}, {"type": "Feature", "properties": {"name": "Керченская улица", "part": "mainland", "theme": "place", "descr": "https://t.me/vvtopo/176"}, "geometry": {"type": "LineString", "coordinates": [[131.8587513, 43.0895067], [131.8586401, 43.0895448], [131.8582713, 43.0896473], [131.8579068, 43.0897199], [131.8575507, 43.0897849], [131.8574724, 43.089801], [131.8569623, 43.0898711], [131.8568097, 43.0898971], [131.8566429, 43.0899182], [131.856521, 43.0899108], [131.856325, 43.0898805], [131.8561063, 43.0898432], [131.855974, 43.0898194], [131.8558789, 43.0898026], [131.8557489, 43.0897599], [131.8552669, 43.0895038]]}}, {"type": "Feature", "properties": {"name": "улица Токаревский Маяк", "part": "mainland", "theme": "place", "descr": "Впервые обозначена на карте 1977 года"}, "geometry": {"type": "MultiLineString", "coordinates": [[[131.8422855, 43.0790335], [131.8424687, 43.0790302], [131.8427345, 43.0790432], [131.8430036, 43.0791374], [131.8431364, 43.0792002], [131.8432284, 43.0792814], [131.8433353, 43.079398], [131.8435782, 43.0795518], [131.8436738, 43.0796062], [131.8437901, 43.0796813], [131.8442199, 43.0798106], [131.8446526, 43.0799453], [131.8449516, 43.0800699], [131.8451566, 43.0800741], [131.8453387, 43.0800696], [131.8455065, 43.0800266], [131.8461854, 43.0799371], [131.8464762, 43.0798982], [131.8466297, 43.079873], [131.8467158, 43.0798584], [131.8468913, 43.0798321], [131.84701, 43.0797957], [131.8470945, 43.079784], [131.847156, 43.0797703], [131.8472441, 43.0797747]], [[131.8422188, 43.0797447], [131.8422031, 43.0796916], [131.8421824, 43.0796716], [131.8420252, 43.0795904], [131.8418798, 43.079506], [131.8418098, 43.079429], [131.8417841, 43.0793957], [131.8417734, 43.0793374], [131.8417702, 43.0792386], [131.8417901, 43.0791407], [131.8418541, 43.0790814]], [[131.8419666, 43.0790423], [131.8421294, 43.0790181], [131.8422855, 43.0790335]], [[131.8418541, 43.0790814], [131.8419314, 43.0790523], [131.8419666, 43.0790423]]]}}, {"type": "Feature", "properties": {"name": "улица Софьи Перовской", "part": "mainland", "theme": "person", "descr": "Образована в 1917 г."}, "geometry": {"type": "LineString", "coordinates": [[131.8663542, 43.1016202], [131.8662787, 43.1016981], [131.8662381, 43.1017755], [131.8663183, 43.1018671], [131.8664014, 43.1019569], [131.8665133, 43.1020683], [131.8666489, 43.1021805], [131.8667956, 43.1022973], [131.8670826, 43.1025241], [131.8671903, 43.1025124], [131.8673384, 43.1025065], [131.8676184, 43.1025339], [131.867691, 43.1025387]]}}, {"type": "Feature", "properties": {"name": "улица Арсеньева", "part": "mainland", "theme": "person", "descr": "Как Федоровская впервые отмечена на карте 1900 г. Переименована в Производственную в 1929-1936 гг. 25.10.1945 переименована в улицу Арсеньева."}, "geometry": {"type": "MultiLineString", "coordinates": [[[131.8771307, 43.1126705], [131.8770694, 43.1126114], [131.8769732, 43.1125192], [131.8767411, 43.1123537], [131.8766272, 43.11228], [131.8764472, 43.1121641], [131.8761666, 43.1120055], [131.8760291, 43.1119198], [131.8757826, 43.1117615], [131.8756548, 43.1117012], [131.8755449, 43.1116624], [131.8754428, 43.1116567], [131.8753744, 43.1116852], [131.8752898, 43.1117457], [131.875226, 43.1118023]], [[131.875226, 43.1118023], [131.8751222, 43.1117526], [131.8750327, 43.1117141], [131.8749568, 43.1116719], [131.8749279, 43.1116513], [131.8748323, 43.1115941], [131.8747569, 43.1115604], [131.8747381, 43.1115565], [131.8746899, 43.1115656], [131.8745686, 43.1116675], [131.8745316, 43.1116835], [131.874405, 43.1116803], [131.8743579, 43.1116774], [131.8742474, 43.1116261], [131.8742212, 43.1116108], [131.8741252, 43.1115591]]]}}, {"type": "Feature", "properties": {"name": "Посьетская улица", "part": "mainland", "theme": "person", "descr": "есть в списке 1891 и 1908 года"}, "geometry": {"type": "MultiLineString", "coordinates": [[[131.880955, 43.1166694], [131.880939, 43.1166272], [131.8808762, 43.1164391], [131.8808435, 43.1163286], [131.8808217, 43.116262]], [[131.8759544, 43.107081], [131.8761032, 43.1071847], [131.8764319, 43.1074278], [131.8765648, 43.1075289], [131.8767638, 43.1076683], [131.8769511, 43.1077941], [131.8771702, 43.1079241], [131.8778245, 43.1082368], [131.8779161, 43.1082927], [131.8779685, 43.1083381], [131.8780011, 43.1083914], [131.8781004, 43.1086316], [131.8781159, 43.1086725], [131.8783664, 43.1093623], [131.8783759, 43.1093887], [131.878386, 43.109417], [131.8785129, 43.1097708], [131.8785725, 43.1099369], [131.8786567, 43.11017], [131.8788559, 43.1106755], [131.878972, 43.1109881], [131.8790064, 43.1110864], [131.8790454, 43.1111949], [131.8790798, 43.1112916], [131.8791246, 43.1114169], [131.8792436, 43.1117506], [131.8792514, 43.1117725], [131.8792903, 43.1118814], [131.8793987, 43.1121853], [131.8794235, 43.1122549]], [[131.8808217, 43.116262], [131.8807588, 43.116061], [131.8806778, 43.1157882], [131.8806645, 43.1157491], [131.880597, 43.1155252], [131.8805398, 43.1153315], [131.8804585, 43.1150805], [131.8804106, 43.114927], [131.8803087, 43.1146264], [131.8803014, 43.1146043], [131.8802691, 43.1145111], [131.8801189, 43.1140528], [131.8800735, 43.1139251], [131.8800471, 43.1138485], [131.8799539, 43.1136084], [131.8797953, 43.1132071], [131.8796069, 43.1127484], [131.879557, 43.1126156], [131.8794465, 43.112317], [131.8794235, 43.1122549]]]}}, {"type": "Feature", "properties": {"name": "Ялтинская улица", "part": "mainland", "theme": "place", "descr": "https://t.me/vvtopo/176"}, "geometry": {"type": "LineString", "coordinates": [[131.8586669, 43.0894297], [131.8580728, 43.0893115], [131.8575909, 43.0892178], [131.8573497, 43.0891709], [131.8571077, 43.0891238], [131.8568815, 43.0890816], [131.8562991, 43.088964], [131.8560134, 43.088911], [131.8554971, 43.0888059], [131.8554355, 43.0887839], [131.8553916, 43.0887617], [131.8552931, 43.0886901], [131.8552245, 43.088621], [131.8549211, 43.0882739], [131.8547935, 43.0881298]]}}, {"type": "Feature", "properties": {"name": "улица Паллады", "part": "mainland", "theme": "ship", "descr": "Образована 25.05.1990"}, "geometry": {"type": "MultiLineString", "coordinates": [[[131.8512344, 43.0808725], [131.8513147, 43.0806432], [131.8513244, 43.0806104], [131.8513001, 43.0805887], [131.8512659, 43.0805752], [131.8505832, 43.0804559], [131.8502604, 43.0803767], [131.8501472, 43.0803651], [131.8500881, 43.0803725], [131.850001, 43.0804058], [131.8499447, 43.080443], [131.8499232, 43.0805155]], [[131.8515474, 43.0818852], [131.8515666, 43.0818174], [131.8515705, 43.0817407]], [[131.8515705, 43.0817407], [131.8516437, 43.0816788], [131.8516831, 43.0816384], [131.8517876, 43.0815627], [131.8518255, 43.0815332], [131.8519907, 43.0813281], [131.8520429, 43.08126], [131.8521042, 43.0810894], [131.852138, 43.0810209]], [[131.8514593, 43.0816269], [131.8513963, 43.0815993], [131.8514073, 43.0815707], [131.851412, 43.0815587], [131.8514172, 43.0815453], [131.8514254, 43.0815241], [131.8514478, 43.081474], [131.8514765, 43.0814079], [131.8515747, 43.0811654], [131.851571, 43.0811229], [131.851564, 43.0811012], [131.8515198, 43.0810744], [131.8513938, 43.0810267], [131.8513281, 43.0809936], [131.8512668, 43.0809493], [131.8512344, 43.0808725]], [[131.8515705, 43.0817407], [131.8514593, 43.0816269]]]}}, {"type": "Feature", "properties": {"name": "Федосеевский переулок", "part": "mainland", "theme": "person"}, "geometry": {"type": "LineString", "coordinates": [[131.8571077, 43.0891238], [131.8570456, 43.0892769], [131.8570168, 43.0893479], [131.8570089, 43.0893845], [131.8570222, 43.089422], [131.8570365, 43.0894369], [131.8570539, 43.0894684], [131.8570616, 43.0894904], [131.8570767, 43.0895309], [131.8571118, 43.0895776], [131.8571397, 43.0895975], [131.857015, 43.089623], [131.8569928, 43.0896406], [131.8569776, 43.0896707], [131.8569722, 43.0897282], [131.8569647, 43.0897566], [131.856954, 43.0897846], [131.8569567, 43.089844], [131.8569623, 43.0898711]]}}, {"type": "Feature", "properties": {"name": "улица Сипягина", "part": "mainland", "theme": "person", "descr": "https://t.me/vvtopo/262"}, "geometry": {"type": "MultiLineString", "coordinates": [[[131.8589355, 43.0945705], [131.8588739, 43.0945356], [131.858797, 43.0944867], [131.8585539, 43.0943104], [131.8581528, 43.0939963], [131.8581052, 43.0939587], [131.8575593, 43.0935582], [131.8574559, 43.0934505], [131.8574341, 43.0934278], [131.8573896, 43.0933653], [131.8573429, 43.0932919], [131.8572973, 43.0932146], [131.8572573, 43.0931199], [131.857148, 43.0928169], [131.857124, 43.0927405], [131.8571376, 43.0926864], [131.8571969, 43.0924724], [131.8572527, 43.0923138], [131.8573467, 43.0920439], [131.8573885, 43.0919972], [131.8574314, 43.0919614], [131.8574961, 43.0919265], [131.8577321, 43.0918011], [131.8580001, 43.091677], [131.8580712, 43.0916371], [131.85816, 43.0915843], [131.8582068, 43.0915526], [131.8582743, 43.0915005], [131.8585673, 43.0912311], [131.8586933, 43.091123], [131.858779, 43.0910334], [131.8589574, 43.090839], [131.8590261, 43.0907646], [131.8593335, 43.090525], [131.8594798, 43.0904304], [131.8595256, 43.0903958]], [[131.8586142, 43.0935012], [131.8586777, 43.0935425], [131.8588197, 43.0936353], [131.8591107, 43.0938271], [131.8592012, 43.0938923], [131.8594907, 43.0941011], [131.8595775, 43.0941597], [131.8599191, 43.0943907], [131.8603328, 43.094631], [131.8605108, 43.0947377], [131.8606436, 43.0948028], [131.8609743, 43.0949496]], [[131.8616773, 43.0957627], [131.8616046, 43.0957128], [131.8614881, 43.0956305], [131.861402, 43.0955721], [131.8611907, 43.0954445], [131.8608849, 43.0952597], [131.8608181, 43.0952311], [131.8604986, 43.0951093], [131.8597765, 43.0948867], [131.8595424, 43.0948183], [131.8594308, 43.094776], [131.8590489, 43.0946248], [131.8590207, 43.0946125], [131.8589355, 43.0945705]]]}}, {"type": "Feature", "properties": {"name": "улица Чернышевского", "part": "mainland", "theme": "person", "descr": "Образована в 1917 г."}, "geometry": {"type": "MultiLineString", "coordinates": [[[131.863848, 43.1035514], [131.8638808, 43.1035581], [131.8639267, 43.1035564], [131.8639592, 43.1035498], [131.8639967, 43.1035276], [131.8641558, 43.1034222], [131.8641872, 43.1034142], [131.8642218, 43.103414], [131.8642609, 43.1034242], [131.8646843, 43.1037211], [131.8648155, 43.1038039], [131.8649382, 43.1038653], [131.8650644, 43.1039231], [131.8651977, 43.103943], [131.8652661, 43.1039606], [131.8653516, 43.1039963], [131.8655164, 43.1040663], [131.865636, 43.1040965], [131.8657256, 43.1040803], [131.8658182, 43.1040467], [131.8658732, 43.1040099], [131.8660243, 43.1038692], [131.8660836, 43.1038124], [131.8662379, 43.1036643], [131.8662902, 43.1036115], [131.8664483, 43.103458], [131.8666595, 43.103261], [131.8667347, 43.1031877]], [[131.863003, 43.1029464], [131.8631656, 43.1030731], [131.8633499, 43.1032097], [131.863725, 43.1034878], [131.863848, 43.1035514]]]}}, {"type": "Feature", "properties": {"name": "улица Станюковича", "part": "mainland", "theme": "person", "descr": "переименована из Линейной 15.05.1953"}, "geometry": {"type": "MultiLineString", "coordinates": [[[131.8667347, 43.1031877], [131.8666055, 43.1031524], [131.8665107, 43.1031451], [131.8663314, 43.1031513], [131.8662566, 43.1031578], [131.8661952, 43.1031762], [131.8660418, 43.1032612], [131.8658304, 43.1031211], [131.8658158, 43.1030953], [131.8658107, 43.1030667], [131.8658168, 43.1030284], [131.8658377, 43.102965], [131.8658191, 43.1029309], [131.8652202, 43.1025217], [131.864994, 43.1023725], [131.8649718, 43.1023582], [131.8649391, 43.1023345], [131.8645267, 43.1020249], [131.8644612, 43.1019726]], [[131.8637872, 43.1024227], [131.8638706, 43.1024799], [131.8639954, 43.1025743]], [[131.8759958, 43.1106309], [131.8759688, 43.110587], [131.875929, 43.1105225], [131.8758805, 43.1104438], [131.8757502, 43.1102327], [131.8757161, 43.1101809], [131.875634, 43.1100433], [131.8753184, 43.1095405], [131.8751917, 43.1093601], [131.8750794, 43.1092003]], [[131.8724898, 43.1066293], [131.8722545, 43.1064942], [131.8715137, 43.1060581], [131.8711612, 43.1058739], [131.8707201, 43.1056387], [131.8706528, 43.1055895], [131.870487, 43.1054658], [131.8704358, 43.1054117], [131.8704121, 43.1053827], [131.8702358, 43.1052047], [131.8699732, 43.1050283], [131.8697509, 43.1048983], [131.8691952, 43.104584], [131.8691028, 43.1045345], [131.868943, 43.1044531], [131.8689162, 43.1044394]], [[131.8738162, 43.1075772], [131.8734565, 43.107311], [131.8733639, 43.1072463], [131.8733394, 43.1072281], [131.8733296, 43.1072208], [131.8731624, 43.1071045], [131.8730079, 43.1069875], [131.8726887, 43.1067582], [131.8726131, 43.1067043], [131.8724898, 43.1066293]], [[131.8750794, 43.1092003], [131.874993, 43.1090772], [131.8748909, 43.1089318], [131.8741751, 43.1079125], [131.8739817, 43.1077163], [131.8738162, 43.1075772]], [[131.8689162, 43.1044394], [131.8684317, 43.1041732]]]}}, {"type": "Feature", "properties": {"name": "улица Клыкова", "part": "mainland", "theme": "person", "descr": "Образована 24.03.1992"}, "geometry": {"type": "LineString", "coordinates": [[131.8536186, 43.0831199], [131.8536294, 43.0830755], [131.8536656, 43.0830108], [131.853805, 43.082857], [131.8540263, 43.0826875], [131.8541175, 43.0825984], [131.8541635, 43.0825112], [131.8541836, 43.0822723], [131.8542834, 43.0816689], [131.8542264, 43.0815132], [131.8542035, 43.0814041], [131.8541399, 43.0811179]]}}, {"type": "Feature", "properties": {"name": "Американская улица", "part": "mainland", "theme": "ship", "descr": "25.05.1990"}, "geometry": {"type": "LineString", "coordinates": [[131.8487891, 43.0807072], [131.8487518, 43.0807124], [131.8486988, 43.0807192], [131.8486479, 43.0807322], [131.8485383, 43.0807616], [131.8483142, 43.0808231], [131.8478812, 43.0809943], [131.8477607, 43.0810689], [131.847704, 43.0811183], [131.847646, 43.0811914], [131.8475918, 43.0812591], [131.8475405, 43.0813079], [131.847467, 43.0813525], [131.8474355, 43.0813608], [131.847397, 43.0813588], [131.8472584, 43.0812966], [131.8471847, 43.0812706], [131.8470692, 43.0812478], [131.8469538, 43.0812426], [131.8468297, 43.0812434], [131.8467493, 43.0812363], [131.8467188, 43.08123], [131.846543, 43.0811735], [131.8464208, 43.081153], [131.8463815, 43.0811543], [131.8463448, 43.0811592], [131.8458382, 43.081312], [131.8457005, 43.0813445], [131.8455808, 43.0813786], [131.8454472, 43.0814054], [131.8449463, 43.0814135], [131.844841, 43.0814226], [131.8447375, 43.081443], [131.8445446, 43.0815064], [131.8444625, 43.0815206], [131.844377, 43.0815294], [131.8443029, 43.0815351], [131.8442347, 43.0815354], [131.8441572, 43.0815356]]}}, {"type": "Feature", "properties": {"name": "Ланинский переулок", "part": "mainland", "theme": "person", "descr": "в списке 1891 года Ланинская ул."}, "geometry": {"type": "LineString", "coordinates": [[131.8819304, 43.1136766], [131.8819466, 43.1137053], [131.8819617, 43.1137411], [131.8820686, 43.1140917], [131.8820717, 43.1140999], [131.8820908, 43.1141174], [131.8821085, 43.1141321], [131.8821276, 43.1141445], [131.8821841, 43.1141708], [131.8822691, 43.1142222], [131.8822767, 43.1142284], [131.8823043, 43.1142415], [131.8823117, 43.1142484], [131.8823164, 43.1142538], [131.8823224, 43.1142631], [131.8824179, 43.1145573], [131.8824371, 43.1145747], [131.882451, 43.1145919], [131.8825241, 43.1147612], [131.8826008, 43.1150002], [131.8826152, 43.1150354], [131.8826124, 43.1150589], [131.8826134, 43.1150925]]}}, {"type": "Feature", "properties": {"name": "улица Авраменко", "part": "mainland", "theme": "person", "descr": "бывший Интендантский переулок"}, "geometry": {"type": "LineString", "coordinates": [[131.8657037, 43.1011429], [131.8656695, 43.1011657], [131.8651485, 43.1015112], [131.8647104, 43.1018062], [131.8644612, 43.1019726], [131.8644007, 43.102013], [131.8639578, 43.1023088], [131.8638398, 43.1023876], [131.8637872, 43.1024227], [131.8635398, 43.1025879], [131.8634131, 43.1026725], [131.8630887, 43.1028892], [131.863003, 43.1029464]]}}, {"type": "Feature", "properties": {"name": "Саратовская улица", "part": "mainland", "theme": "place", "descr": "Упомянута в отчёте от 20.08.1923."}, "geometry": {"type": "LineString", "coordinates": [[131.8630157, 43.0936396], [131.8630597, 43.0936137], [131.8632492, 43.093512], [131.8633811, 43.09347], [131.8635353, 43.0934413], [131.8636353, 43.0934342], [131.8637514, 43.0934313], [131.8642105, 43.0934154], [131.8645178, 43.0934024], [131.8647555, 43.0933795], [131.8651709, 43.0933191], [131.8652567, 43.0933103], [131.8653171, 43.0933103], [131.8653855, 43.093324], [131.8654914, 43.0933406], [131.8656896, 43.0933615], [131.8659528, 43.0933903], [131.8661754, 43.0933893], [131.8662764, 43.0933898], [131.8664296, 43.0933984], [131.8665254, 43.093417], [131.866595, 43.0934439], [131.866633, 43.0934931], [131.8666884, 43.0935756], [131.8667226, 43.093594]]}}, {"type": "Feature", "properties": {"name": "улица Пестеля", "part": "mainland", "theme": "person", "descr": "Образована в 1917 году. Как пер. Пестеля впервые упоминается в отчете от 20.08.1923"}, "geometry": {"type": "LineString", "coordinates": [[131.8689162, 43.1044394], [131.8689388, 43.10442], [131.8689711, 43.1043885], [131.8690658, 43.1043006], [131.8691965, 43.1041794], [131.8692298, 43.1041583], [131.8692699, 43.1041464], [131.8693404, 43.1041422], [131.8693867, 43.1041319], [131.8694268, 43.1041157], [131.8694759, 43.1040864], [131.8695109, 43.1040522], [131.8695402, 43.1040169], [131.8695537, 43.1039884], [131.8695644, 43.1039572], [131.8695686, 43.1039281], [131.8695704, 43.1037988], [131.8695751, 43.1037843], [131.8695889, 43.1037657], [131.8697188, 43.1036632], [131.8697505, 43.1036353], [131.8698783, 43.1035499], [131.8699849, 43.1035178], [131.8700444, 43.1035053], [131.8701068, 43.1034926], [131.8702376, 43.1034668]]}}, {"type": "Feature", "properties": {"name": "Севастопольская улица", "part": "mainland", "theme": "place"}, "geometry": {"type": "LineString", "coordinates": [[131.8585539, 43.0943104], [131.8582217, 43.0945383], [131.857875, 43.0947754]]}}, {"type": "Feature", "properties": {"name": "улица Старцева", "part": "mainland", "theme": "person"}, "geometry": {"type": "MultiLineString", "coordinates": [[[132.0705, 43.2774498], [132.0705377, 43.2773696], [132.0705761, 43.2773346], [132.0706619, 43.2772743], [132.0707652, 43.2771964], [132.0708851, 43.2771175], [132.0711465, 43.2769721], [132.0713765, 43.2768745], [132.0729275, 43.2761829]], [[132.0773412, 43.2752659], [132.0767412, 43.2746397]], [[132.0768887, 43.2757541], [132.0762219, 43.2751062], [132.076167, 43.2750747], [132.076119, 43.275057], [132.0751349, 43.2747597]], [[132.0812356, 43.2750735], [132.08118, 43.2750804], [132.0807984, 43.2751271], [132.0807482, 43.2751412], [132.0806144, 43.2751996], [132.0804781, 43.275232], [132.08027, 43.2752704], [132.0796739, 43.275366], [132.0794861, 43.275392], [132.0794058, 43.2753988], [132.0790655, 43.2745686]], [[132.0681145, 43.2779927], [132.0681073, 43.2779705], [132.068684, 43.2775786], [132.069231, 43.2772803], [132.069793, 43.2769841]]]}}, {"type": "Feature", "properties": {"name": "улица Александровича", "part": "mainland", "theme": "person", "descr": "Отмечена без названия на плане 1915 г. В справочнике 1924 г. упомянута как Последняя ул. и как Бухарестская. Переименована в честь И.И.Александровича 31.03.1961."}, "geometry": {"type": "MultiLineString", "coordinates": [[[132.050793, 43.2717988], [132.0514444, 43.2710923], [132.0519599, 43.2705036], [132.0520072, 43.2704617], [132.0520887, 43.2704425], [132.0530168, 43.2704567], [132.053412, 43.2704671], [132.0535921, 43.2704825], [132.0538059, 43.2705194], [132.0543802, 43.2706355], [132.0544794, 43.2706539], [132.0550754, 43.270729], [132.0559148, 43.2708156], [132.0560959, 43.270832], [132.0568761, 43.2708587], [132.0571954, 43.2708408], [132.0574813, 43.2708475], [132.0578343, 43.2709009], [132.0584541, 43.2709248], [132.0584976, 43.2709395], [132.0585227, 43.2709606], [132.0585364, 43.270988]], [[132.0538059, 43.2705194], [132.0536119, 43.2708223], [132.0534388, 43.2710592], [132.0532709, 43.2712225], [132.0530968, 43.2713419], [132.0529186, 43.2714439]], [[132.0585364, 43.270988], [132.0586341, 43.2714689], [132.0587567, 43.2720312], [132.0587755, 43.2721885], [132.0587859, 43.2723661], [132.0587613, 43.2724941], [132.0584809, 43.2733303], [132.058488, 43.2733776], [132.0585375, 43.2734272], [132.0585742, 43.2734529], [132.0586382, 43.273461], [132.0586978, 43.2734579], [132.0587757, 43.2734738], [132.0589444, 43.2735549]], [[132.0492674, 43.2713244], [132.0490395, 43.2713155], [132.0489204, 43.2713198], [132.0488115, 43.2713529], [132.0487006, 43.2714415], [132.0486433, 43.2715164], [132.0485749, 43.2717785], [132.0485307, 43.2718757], [132.0484253, 43.2719916], [132.0482605, 43.2722894]], [[132.0396919, 43.2526685], [132.0396961, 43.2527232], [132.0397036, 43.2527898], [132.0397446, 43.2530184], [132.0398101, 43.2533431], [132.0398324, 43.253474], [132.0398365, 43.2535174], [132.0398431, 43.253571], [132.039866, 43.2537404], [132.0398863, 43.2539089], [132.0399195, 43.254043], [132.039929, 43.2540587], [132.0399713, 43.2541283], [132.0401004, 43.2544287], [132.0402956, 43.2548471], [132.0405327, 43.2554663], [132.0406051, 43.2556276], [132.0406568, 43.2557187], [132.0407494, 43.2557947], [132.0409733, 43.2559833], [132.0412258, 43.2562113], [132.0413212, 43.2562977], [132.0414547, 43.2564252]], [[132.0431372, 43.2670848], [132.042878, 43.2669921], [132.0426151, 43.266926], [132.0424865, 43.2668682], [132.0423266, 43.2667679], [132.042091, 43.2664533], [132.0421518, 43.2663782], [132.0422882, 43.2662324], [132.0423858, 43.2660794], [132.0424721, 43.2659114], [132.042581, 43.2656617], [132.0427544, 43.2653687], [132.0431566, 43.2647976], [132.0431999, 43.2647328]], [[132.0417847, 43.261381], [132.0418414, 43.2614218], [132.0418793, 43.2614751], [132.041879, 43.2615395], [132.0418672, 43.2615938], [132.0419471, 43.2617635], [132.041988, 43.2618523], [132.0420291, 43.2620608], [132.0420739, 43.2621136], [132.0421335, 43.2621708], [132.0421513, 43.2622092], [132.0421518, 43.2622615], [132.042055, 43.2624789], [132.0420613, 43.2625675], [132.0420952, 43.2626438], [132.0421205, 43.2626787], [132.042171, 43.2627103], [132.0422822, 43.2627336]], [[132.0393468, 43.2493853], [132.0393093, 43.2493524], [132.0392709, 43.2492825], [132.0392536, 43.2491948], [132.0391373, 43.248587], [132.0389734, 43.2479892], [132.0389721, 43.2479068], [132.0389867, 43.2478295], [132.0390345, 43.2477691], [132.0391526, 43.2476539], [132.0394881, 43.2473396], [132.0397572, 43.2470822]], [[132.0428672, 43.264437], [132.0428881, 43.2643902], [132.0432364, 43.2638509], [132.0432741, 43.2637904], [132.0433599, 43.2637738], [132.0436602, 43.2635464], [132.0437821, 43.2633975], [132.0437959, 43.2633773], [132.0438651, 43.263276], [132.0439266, 43.2631763], [132.0441092, 43.2629311], [132.0444621, 43.2623657], [132.0446056, 43.2620989]], [[132.0459828, 43.2669718], [132.0460442, 43.2670903], [132.0462466, 43.2675204], [132.0463958, 43.2675876], [132.046408, 43.2675935], [132.0465139, 43.2676452], [132.046607, 43.2676703], [132.0467276, 43.267684], [132.0469224, 43.2676745], [132.0470468, 43.2676708], [132.0471401, 43.267674], [132.0473099, 43.2676878], [132.0474502, 43.2677213], [132.0475534, 43.2677376], [132.0478504, 43.2678335]], [[132.0397572, 43.2470822], [132.040212, 43.2466165], [132.0402675, 43.246537], [132.0403164, 43.2464528], [132.0403543, 43.24634], [132.040409, 43.245993], [132.0404682, 43.2456228], [132.0403595, 43.2455335], [132.0402828, 43.2454671], [132.0402527, 43.2453903], [132.0402376, 43.245312], [132.0402229, 43.2451902]], [[132.0521518, 43.272174], [132.0520876, 43.2721832], [132.0520177, 43.2721754], [132.0517812, 43.2721053]], [[132.0517812, 43.2721053], [132.050793, 43.2717988], [132.050614, 43.2717427], [132.0505438, 43.2717209], [132.0502312, 43.2716209], [132.0499883, 43.2715483], [132.049431, 43.2713727], [132.0492674, 43.2713244]]]}}, {"type": "Feature", "properties": {"name": "улица Шевелёва", "part": "mainland", "theme": "person"}, "geometry": {"type": "MultiLineString", "coordinates": [[[132.0728657, 43.2754101], [132.0725207, 43.2740116], [132.0724694, 43.2738533], [132.0724023, 43.2735816], [132.0723466, 43.2734094], [132.0722867, 43.2732585], [132.0722069, 43.2730742]], [[132.069793, 43.2769841], [132.0697596, 43.2767838]], [[132.0705571, 43.2765497], [132.0701252, 43.2762086], [132.0700182, 43.276122], [132.0698096, 43.2760135], [132.0697394, 43.2759689], [132.0696951, 43.2759159], [132.0696556, 43.2758519]], [[132.069793, 43.2769841], [132.0701043, 43.2768785], [132.0703392, 43.2767337], [132.0705571, 43.2765497], [132.0709446, 43.2763286], [132.0717192, 43.2759988], [132.0718496, 43.2759366], [132.0721135, 43.2757839], [132.0722476, 43.2757265], [132.0724294, 43.2756721], [132.0725621, 43.2756343], [132.0726441, 43.2755958], [132.0727356, 43.2755318], [132.0728657, 43.2754101]]]}}, {"type": "Feature", "properties": {"name": "улица Бринера", "part": "mainland", "theme": "person"}, "geometry": {"type": "MultiLineString", "coordinates": [[[132.0794058, 43.2753988], [132.0793348, 43.2754058], [132.07878, 43.2754259], [132.0786996, 43.2754798], [132.0786327, 43.2756274], [132.0786275, 43.2757004], [132.0786449, 43.2758811], [132.0786291, 43.2759755], [132.0785506, 43.2760539], [132.0783742, 43.2761691], [132.0778676, 43.2765264], [132.0777156, 43.2765981]], [[132.0779693, 43.2745098], [132.0779426, 43.2745848], [132.0779393, 43.274646], [132.0779794, 43.2754204], [132.0779835, 43.2755284], [132.0779438, 43.2756128], [132.0778915, 43.2756693], [132.0772291, 43.2760954], [132.0771317, 43.2761508], [132.0770171, 43.2761801], [132.076919, 43.2761945], [132.0767528, 43.2761931], [132.0765273, 43.2761473], [132.076408, 43.2760916], [132.0763372, 43.2760434], [132.0758769, 43.275559], [132.0757485, 43.2754663], [132.0756091, 43.275405], [132.0755027, 43.2753677], [132.0752488, 43.2753246], [132.0750645, 43.2753082], [132.0748251, 43.2753245], [132.0747018, 43.2753424], [132.0745377, 43.2753783], [132.0742963, 43.2754915], [132.0740614, 43.275601]], [[132.0777156, 43.2765981], [132.077319, 43.2767229], [132.0772309, 43.2767413], [132.0771357, 43.2767585], [132.0770164, 43.2767751], [132.0762171, 43.2767094], [132.0761335, 43.2767008], [132.0760466, 43.2766778], [132.0759957, 43.2766476], [132.075373, 43.2760042], [132.0752855, 43.2759468], [132.0751506, 43.2758904], [132.075027, 43.2758826], [132.0749377, 43.2758964], [132.0745706, 43.2760708]], [[132.0718381, 43.2773954], [132.0721932, 43.2771985], [132.0734542, 43.2766066]]]}}, {"type": "Feature", "properties": {"name": "Сиреневая улица", "part": "mainland", "theme": "tree"}, "geometry": {"type": "MultiLineString", "coordinates": [[[132.0691373, 43.2769677], [132.069231, 43.2772803]], [[132.0696556, 43.2758519], [132.0702968, 43.2754342]], [[132.0985637, 43.2915007], [132.0979889, 43.2916697], [132.0977315, 43.2917459], [132.0975369, 43.2917946]]]}}, {"type": "Feature", "properties": {"name": "улица Разина", "part": "mainland", "theme": "person"}, "geometry": {"type": "MultiLineString", "coordinates": [[[132.0621372, 43.2674362], [132.0621101, 43.2674783], [132.0620767, 43.2675188], [132.0620354, 43.2675574], [132.0619374, 43.2676293], [132.0618408, 43.2676975], [132.0617784, 43.2677621], [132.0616979, 43.2678286], [132.0615824, 43.267939], [132.0615184, 43.2680062], [132.0614898, 43.268053], [132.0613282, 43.2684746]], [[132.0696327, 43.2691753], [132.0703959, 43.2692389], [132.0711429, 43.2693181], [132.07168, 43.2693909], [132.0728453, 43.2694612], [132.0729776, 43.269458]], [[132.0669447, 43.2688732], [132.0663968, 43.2687353], [132.0657489, 43.268537], [132.0655328, 43.2684666], [132.0654513, 43.2684416], [132.0651915, 43.2683619], [132.0647053, 43.2682138], [132.0642486, 43.2680746], [132.0635776, 43.2678702], [132.0635198, 43.2678529], [132.0632343, 43.2677673], [132.0621372, 43.2674362], [132.0620744, 43.2674193]], [[132.0692288, 43.2692177], [132.0689963, 43.2690272], [132.0689578, 43.2689839], [132.0689477, 43.2689231], [132.0689583, 43.2688642], [132.0690125, 43.268779], [132.0695302, 43.2682539], [132.0697102, 43.2680313], [132.0698114, 43.2679157], [132.0699035, 43.2677952], [132.069911, 43.2677852], [132.069979, 43.2676946], [132.0699978, 43.2676786], [132.0700065, 43.2676712], [132.0700345, 43.2676557]], [[132.0620744, 43.2674193], [132.0619152, 43.2673715]], [[132.0619152, 43.2673715], [132.0603888, 43.2669089]]]}}, {"type": "Feature", "properties": {"name": "улица Янковского", "part": "mainland", "theme": "person"}, "geometry": {"type": "MultiLineString", "coordinates": [[[132.0787889, 43.2773008], [132.0784375, 43.2775038], [132.0783182, 43.2775423], [132.0775354, 43.2777096], [132.0773394, 43.2777397], [132.0771407, 43.2777431], [132.0768168, 43.2777275], [132.0765418, 43.2776975], [132.0762519, 43.27767]], [[132.0716047, 43.2773743], [132.0717215, 43.2773849], [132.0718381, 43.2773954], [132.0728021, 43.2774646], [132.0729354, 43.2774584], [132.0730871, 43.2774378], [132.0732024, 43.277395], [132.0739134, 43.2770345]], [[132.0785302, 43.2767314], [132.0782004, 43.2769721], [132.0780506, 43.2770463]], [[132.0780506, 43.2770463], [132.0773399, 43.2772463], [132.0772476, 43.2772578], [132.0771867, 43.2772584], [132.0756524, 43.2771218]]]}}, {"type": "Feature", "properties": {"name": "Вишнёвая улица", "part": "mainland", "theme": "berry"}, "geometry": {"type": "MultiLineString", "coordinates": [[[132.068684, 43.2775786], [132.068559, 43.2771094]], [[132.0998203, 43.2917457], [132.1005538, 43.2915364]], [[132.1005538, 43.2915364], [132.0998203, 43.2917457]], [[132.0967619, 43.2926866], [132.0964449, 43.2927901], [132.0960287, 43.2929258], [132.0959412, 43.2929409]], [[132.0972645, 43.2925297], [132.0971505, 43.29254], [132.0970573, 43.2925544], [132.0969644, 43.2925849]], [[132.0969644, 43.2925849], [132.0969189, 43.2926025]], [[132.0969189, 43.2926025], [132.0967619, 43.2926866]]]}}, {"type": "Feature", "properties": {"name": "улица Докучаева", "part": "mainland", "theme": "person", "descr": "Упоминается в списке 1957 г."}, "geometry": {"type": "MultiLineString", "coordinates": [[[132.0627617, 43.275185], [132.0607599, 43.2766876], [132.0594719, 43.2776769]], [[132.065964, 43.2730892], [132.0660255, 43.273229], [132.0662502, 43.2736135], [132.0662553, 43.2736529], [132.0662441, 43.2736879], [132.0662119, 43.2737186], [132.0661622, 43.2737459], [132.0651378, 43.2740832], [132.0650053, 43.2741018], [132.0648916, 43.2741051], [132.0648121, 43.2740904], [132.064758, 43.2740586]]]}}, {"type": "Feature", "properties": {"name": "Малиновая улица", "part": "mainland", "theme": "berry"}, "geometry": {"type": "MultiLineString", "coordinates": [[[132.053904, 43.2684974], [132.0540669, 43.2685351], [132.0542273, 43.2685844], [132.0548694, 43.2687791], [132.055538, 43.2689942], [132.0566558, 43.2693434], [132.0574602, 43.2695712], [132.0581768, 43.2697833]], [[132.049441, 43.2672203], [132.0498586, 43.2673262], [132.0502423, 43.2674237], [132.0504049, 43.267468], [132.0505397, 43.2675129], [132.0506616, 43.2675622], [132.0513858, 43.2678668], [132.0514884, 43.2678939], [132.0517137, 43.2679141], [132.0519113, 43.2678986], [132.052067, 43.2678442], [132.052138, 43.2680032], [132.0521887, 43.2680533], [132.0522401, 43.2681151], [132.0522809, 43.2681647], [132.0523149, 43.2681918], [132.0523486, 43.2682186], [132.0524569, 43.2682767], [132.0525701, 43.2683013], [132.0527547, 43.2683179], [132.0528584, 43.2683234], [132.0532968, 43.2683735]], [[132.048463, 43.2668597], [132.0486492, 43.2669332], [132.0488371, 43.2670047], [132.0489686, 43.2670562], [132.0490605, 43.2670916], [132.0491265, 43.2671157]]]}}, {"type": "Feature", "properties": {"name": "Голубичная улица", "part": "mainland", "theme": "berry", "descr": "Постановление мэра г. Владивостока Приморского края от 29.05.1997 №1377"}, "geometry": {"type": "LineString", "coordinates": [[132.0609537, 43.262519], [132.0610848, 43.2625539], [132.0611845, 43.2625863], [132.0612178, 43.262598], [132.06125, 43.2626153], [132.0613282, 43.2626573], [132.0615479, 43.2627972], [132.0616285, 43.2628453], [132.0616896, 43.2628771], [132.0617288, 43.2628889], [132.0617853, 43.26289], [132.0618258, 43.2628919]]}}, {"type": "Feature", "properties": {"name": "Виноградная улица", "part": "mainland", "theme": "berry", "descr": "Постановление мэра г. Владивостока Приморского края от 29.05.1997 №1377"}, "geometry": {"type": "MultiLineString", "coordinates": [[[132.0611486, 43.2613604], [132.0607409, 43.2612996], [132.0603852, 43.2612507], [132.0602676, 43.2612613], [132.0601424, 43.2612931], [132.0600594, 43.2613329], [132.0599938, 43.2613714], [132.0599284, 43.2614162], [132.0598735, 43.2614706], [132.0597702, 43.261615]], [[132.0611486, 43.2613604], [132.0612049, 43.2614214], [132.0613532, 43.2615152], [132.062056, 43.2619632], [132.0623958, 43.262182], [132.0624674, 43.262262], [132.0625367, 43.262392], [132.0626228, 43.2625195], [132.0626966, 43.2626578], [132.0627327, 43.2627721], [132.0627397, 43.2628331], [132.0627406, 43.2628575], [132.0627394, 43.262896], [132.0627364, 43.262924], [132.0627161, 43.2629638], [132.0626483, 43.2630691]]]}}, {"type": "Feature", "properties": {"name": "Ромашковая улица", "part": "mainland", "theme": "flower", "descr": "Постановление мэра г. Владивостока Приморского края от 29.05.1997 №1377"}, "geometry": {"type": "LineString", "coordinates": [[132.0613843, 43.2608899], [132.0615389, 43.2609189], [132.0616635, 43.2609684], [132.0617416, 43.2610095], [132.0617982, 43.2610477], [132.0623745, 43.2614357]]}}, {"type": "Feature", "properties": {"name": "Облепиховая улица", "part": "mainland", "theme": "tree"}, "geometry": {"type": "LineString", "coordinates": [[132.0681073, 43.2779705], [132.0678551, 43.2771768]]}}, {"type": "Feature", "properties": {"name": "Охотская улица", "part": "mainland", "theme": "place"}, "geometry": {"type": "MultiLineString", "coordinates": [[[132.0844419, 43.2866346], [132.0840445, 43.2868825], [132.0832302, 43.2873528]], [[132.0867314, 43.2882115], [132.0868978, 43.2881827], [132.087091, 43.288153], [132.0872274, 43.2881251], [132.0873221, 43.2880916], [132.0874009, 43.2880502], [132.0875029, 43.2879861], [132.0876171, 43.2879094], [132.0877441, 43.2878027], [132.0882498, 43.2872897], [132.0885047, 43.2870372], [132.0886242, 43.286927], [132.089024, 43.2865529], [132.0892137, 43.2864414], [132.0894393, 43.286349], [132.0899369, 43.2862122], [132.0901757, 43.2861463], [132.0909058, 43.2858946], [132.0912972, 43.2857628], [132.0914738, 43.2856893], [132.0916824, 43.2856113], [132.0921745, 43.2853994], [132.0923268, 43.2853397], [132.0925514, 43.2852446], [132.092697, 43.285177], [132.0930685, 43.2849398], [132.0932624, 43.2848233], [132.0933736, 43.2847659], [132.093753, 43.2846133], [132.0944828, 43.2843268], [132.0952404, 43.284059], [132.095485, 43.2839831], [132.0955627, 43.2839136], [132.0956042, 43.2838209], [132.0956558, 43.2835793], [132.0957105, 43.2833838], [132.0957437, 43.2833032], [132.0957978, 43.2831492], [132.0961254, 43.2827703], [132.0961988, 43.2826476], [132.0961922, 43.2824434], [132.0961785, 43.2821566], [132.0963596, 43.2819733], [132.0965137, 43.2818575], [132.0965962, 43.2817922], [132.0967032, 43.2816912], [132.0967361, 43.2815932], [132.0968322, 43.2809764]], [[132.0979828, 43.2802181], [132.0974133, 43.2801705], [132.097252, 43.2801618], [132.0971477, 43.2801491], [132.097164, 43.2801902], [132.097175, 43.280232], [132.0971647, 43.2803225], [132.0971577, 43.2804072], [132.097167, 43.2805472], [132.097164, 43.280593], [132.0971407, 43.2806432], [132.0971104, 43.2806891], [132.0970497, 43.2807513], [132.096987, 43.2808051], [132.0969304, 43.2808697], [132.0968322, 43.2809764]], [[132.0912541, 43.2898007], [132.0912074, 43.2897685], [132.0911607, 43.2897448], [132.0910675, 43.2897379], [132.0909632, 43.2897408], [132.0908372, 43.2897224], [132.0907081, 43.289692], [132.0905656, 43.2896296], [132.0904129, 43.2895601], [132.0903323, 43.2894914], [132.0902708, 43.2893952], [132.0902552, 43.2893369], [132.0902504, 43.2892549], [132.0902768, 43.2889464], [132.0902402, 43.2888259], [132.0902077, 43.2887697], [132.0901442, 43.2887286], [132.0900248, 43.2886917], [132.0898104, 43.2886298], [132.0894134, 43.2885167], [132.0886585, 43.2883321], [132.0884889, 43.2882762], [132.088372, 43.2882309], [132.0882758, 43.2881759], [132.0877441, 43.2878027]]]}}, {"type": "Feature", "properties": {"name": "улица Пришвина", "part": "mainland", "theme": "person", "descr": "Постановление администрации города Владивостока от 31.05.2017 №1374"}, "geometry": {"type": "LineString", "coordinates": [[132.0773644, 43.2674273], [132.0773903, 43.2674532], [132.0774495, 43.2675006], [132.0781368, 43.2679261], [132.0782165, 43.2679766], [132.0793615, 43.2687568], [132.0806074, 43.2695219], [132.0808342, 43.2696652], [132.0809717, 43.2697308], [132.0810226, 43.2697653], [132.0811186, 43.2698428], [132.0812466, 43.2699897], [132.0813704, 43.2701621], [132.0814552, 43.2702611], [132.081499, 43.2703032], [132.081588, 43.2703566], [132.0817132, 43.2704198], [132.0818594, 43.2704738], [132.0822399, 43.2704873], [132.0822429, 43.2705204], [132.0822594, 43.2705496], [132.0825735, 43.2707309], [132.0828756, 43.2709276], [132.083029, 43.2710263], [132.0831741, 43.2711225], [132.0833846, 43.2712195], [132.083564, 43.2713026], [132.0836783, 43.2713577], [132.0838334, 43.2714604], [132.0840204, 43.2715842], [132.0843517, 43.2718022], [132.0843958, 43.2718242], [132.0844472, 43.2718549], [132.0845055, 43.2718945], [132.0846135, 43.2719674], [132.0846849, 43.2720103], [132.0847383, 43.2720347], [132.0848373, 43.2720687], [132.0849753, 43.272127], [132.0849927, 43.2721377], [132.085033, 43.2721765], [132.0850727, 43.2722067], [132.0852027, 43.2723039], [132.085253, 43.2723484], [132.0853118, 43.2723862], [132.0854247, 43.2724548], [132.085676, 43.2726018], [132.0858378, 43.2727063], [132.0859765, 43.2728198], [132.0860936, 43.2729272], [132.0861909, 43.2729955], [132.0862485, 43.2730193], [132.0863617, 43.2730516], [132.0864743, 43.2730765]]}}, {"type": "Feature", "properties": {"name": "Сейнерная улица", "part": "mainland", "theme": "ship", "descr": "Постановление администрации г. Владивостока от 03.06.2020 N 1992"}, "geometry": {"type": "LineString", "coordinates": [[132.0968322, 43.2809764], [132.0966516, 43.2810585], [132.0963811, 43.2811944], [132.0962403, 43.2812527], [132.0957374, 43.2813937], [132.0955531, 43.2814436], [132.095447, 43.281459], [132.0953022, 43.2814653], [132.0951509, 43.2814621], [132.094982, 43.2814469], [132.0945555, 43.2814258], [132.0941054, 43.281512], [132.0938869, 43.2815188], [132.0935021, 43.2814995], [132.0933501, 43.2815135], [132.0932108, 43.2815698], [132.0930808, 43.281667], [132.0927648, 43.2819109], [132.0924264, 43.2822696], [132.0923889, 43.2822882], [132.0923614, 43.2822974], [132.0918249, 43.2824796], [132.09167, 43.2825391], [132.0915403, 43.2826251], [132.0913034, 43.2828], [132.0907271, 43.2833234], [132.0900381, 43.2838998], [132.0895031, 43.2843207], [132.0894619, 43.2843966], [132.0894771, 43.2844775], [132.0895381, 43.284548], [132.0900138, 43.2848443], [132.0906978, 43.2851859], [132.090815, 43.2853024], [132.0909078, 43.285369], [132.0909723, 43.2853894]]}}, {"type": "Feature", "properties": {"name": "улица Бианки", "part": "mainland", "theme": "person", "descr": "Постановление администрации г. Владивостока от 19.03.2021 N 964"}, "geometry": {"type": "LineString", "coordinates": [[132.0833566, 43.2756537], [132.0835726, 43.2754359], [132.083615, 43.2753815], [132.0837211, 43.2751108], [132.0837669, 43.2750133], [132.0838211, 43.2749471], [132.0839225, 43.2748834], [132.0840043, 43.2748483], [132.0841183, 43.2747809], [132.0845405, 43.2744294], [132.0847697, 43.2742488], [132.0849552, 43.2741192], [132.0850835, 43.2740479], [132.0853657, 43.2739257], [132.0855682, 43.2737141], [132.0857714, 43.2735314], [132.0858289, 43.2735142], [132.0859432, 43.2734746], [132.0860309, 43.2734176], [132.0861766, 43.2733313], [132.0863671, 43.2731903], [132.0864523, 43.2731095], [132.0864743, 43.2730765]]}}, {"type": "Feature", "properties": {"name": "улица Тельмана", "part": "mainland", "theme": "person"}, "geometry": {"type": "MultiLineString", "coordinates": [[[132.077287, 43.3048808], [132.0779313, 43.3054434], [132.078043, 43.3055408], [132.0782612, 43.3057717], [132.0784226, 43.3059268], [132.0786102, 43.3061074], [132.0787094, 43.3062014], [132.0790005, 43.3064668]], [[132.0785468, 43.3105073], [132.078705, 43.3104346], [132.0788352, 43.3104329], [132.0789962, 43.3103973], [132.0791505, 43.3103535], [132.0792385, 43.3103087], [132.0793278, 43.3102269], [132.0793822, 43.3101505], [132.0794479, 43.3100415], [132.0795033, 43.3099061], [132.0795398, 43.3097799], [132.0796042, 43.3095925], [132.0796254, 43.3094874], [132.0796549, 43.3093505], [132.0796816, 43.3092679], [132.07974, 43.3091917], [132.0797691, 43.3091404], [132.0798228, 43.308984], [132.0798892, 43.3087507], [132.0800078, 43.3084677], [132.080048, 43.3084124], [132.0801023, 43.3082612], [132.0801456, 43.3081756], [132.0801308, 43.3081358], [132.080093, 43.3081094]], [[132.0790005, 43.3064668], [132.0793118, 43.3067036], [132.0794231, 43.3067953], [132.0795356, 43.306936], [132.0796033, 43.3070173], [132.0797003, 43.3071177], [132.0799077, 43.3072395], [132.0799507, 43.3072607]], [[132.0779313, 43.3054434], [132.0783342, 43.3051919], [132.0793029, 43.3045869], [132.080044, 43.3041105], [132.0801862, 43.3040373], [132.0811167, 43.3034258]]]}}, {"type": "Feature", "properties": {"name": "улица Чичерина", "part": "mainland", "theme": "person"}, "geometry": {"type": "MultiLineString", "coordinates": [[[132.0736501, 43.2983094], [132.0737076, 43.2983258], [132.0743396, 43.2985056], [132.0749286, 43.2986735], [132.0753608, 43.2988819], [132.0756866, 43.2990165], [132.0757273, 43.2990142], [132.0758112, 43.2989775], [132.0759024, 43.2989355], [132.076012, 43.2988956], [132.076069, 43.2988797], [132.076156, 43.2988697], [132.0762951, 43.2988634], [132.0764305, 43.2988824], [132.0765388, 43.2989231]], [[132.0656291, 43.3011776], [132.0656846, 43.3011259], [132.0658907, 43.3009209], [132.0661512, 43.3007107], [132.0662684, 43.3006263], [132.0663612, 43.3005672], [132.0665591, 43.3004441], [132.0667887, 43.3003202], [132.0669835, 43.3002175], [132.0671903, 43.3001104], [132.0672248, 43.3000929], [132.0677042, 43.299881], [132.0679445, 43.2997857], [132.0681698, 43.2997229], [132.0686336, 43.2996237], [132.0687888, 43.2995848], [132.0688169, 43.2995753], [132.0689816, 43.2994951], [132.0692208, 43.2993485], [132.0692463, 43.2993312], [132.0696074, 43.299122], [132.070034, 43.2989016], [132.0700971, 43.2988739], [132.0701694, 43.2988509], [132.0702513, 43.2988368], [132.0710594, 43.2987476], [132.071382, 43.2986738], [132.0715947, 43.2986175], [132.0718284, 43.2985434], [132.072728, 43.2982233], [132.0728014, 43.2982037], [132.0728821, 43.2981953], [132.0729737, 43.2981998], [132.0736501, 43.2983094]], [[132.0762168, 43.2999071], [132.0763821, 43.3001176], [132.0764551, 43.3002106], [132.0766158, 43.3003672], [132.076685, 43.3004475], [132.0767381, 43.3005264], [132.0767892, 43.3005853], [132.076825, 43.3006305], [132.0768474, 43.3006738], [132.0768568, 43.3007551], [132.0777661, 43.3015293]], [[132.0777661, 43.3015293], [132.0779412, 43.3016671], [132.0781377, 43.3018478], [132.0788405, 43.3024316], [132.0788763, 43.3024873], [132.0788964, 43.3025478], [132.0788876, 43.3026023]]]}}, {"type": "Feature", "properties": {"name": "Тернейская улица", "part": "mainland", "theme": "place", "descr": "Прежнее название ул. Осипенко. Переименована в рамках устранения дублей при присоединении Трудового"}, "geometry": {"type": "MultiLineString", "coordinates": [[[132.0798175, 43.2933449], [132.0801708, 43.2931979], [132.0804856, 43.2931248], [132.0806892, 43.2931061]], [[132.0806892, 43.2931061], [132.0807179, 43.2930056], [132.0807956, 43.2929286], [132.0808511, 43.2928751], [132.0809196, 43.2928395], [132.0810526, 43.2928111], [132.081428, 43.2927668], [132.0816191, 43.2927545], [132.0817136, 43.292754], [132.0822989, 43.2927833]], [[132.0822989, 43.2927833], [132.0825069, 43.2927532], [132.0827943, 43.2927562], [132.0830154, 43.2927682], [132.0838721, 43.292789], [132.0841178, 43.2928214], [132.0843617, 43.2928219], [132.0848875, 43.2927942]], [[132.0798175, 43.2933449], [132.0802631, 43.2938312], [132.0803302, 43.2938674], [132.0804794, 43.2939825], [132.0806673, 43.2941497], [132.080818, 43.2942822], [132.0810661, 43.2944436], [132.0812693, 43.2945917], [132.0813902, 43.2946546], [132.0814872, 43.2946983], [132.0815649, 43.2947408]]]}}, {"type": "Feature", "properties": {"name": "улица Энгельса", "part": "mainland", "theme": "person"}, "geometry": {"type": "MultiLineString", "coordinates": [[[132.0837509, 43.3017884], [132.0837281, 43.3018111], [132.0836475, 43.3018853], [132.0835498, 43.3019618], [132.0833935, 43.3021076], [132.0833373, 43.3021686], [132.0832455, 43.3022523], [132.0831529, 43.302362], [132.083095, 43.3024454], [132.0830602, 43.3025138], [132.0830059, 43.3025601], [132.0829034, 43.3026242], [132.0826994, 43.302752], [132.0812893, 43.3035717]], [[132.0787094, 43.3062014], [132.079275, 43.3057637], [132.0797141, 43.3054486], [132.0801624, 43.3051334], [132.0808738, 43.3046757], [132.0810518, 43.3045828], [132.0811095, 43.3045436], [132.0811734, 43.3044994], [132.0812263, 43.304439], [132.0812654, 43.3043551], [132.0812811, 43.3042773], [132.0813273, 43.3041839], [132.0813888, 43.3040882], [132.0814715, 43.3039588], [132.0814889, 43.3039124], [132.0814829, 43.3038307], [132.0814699, 43.3037639], [132.0814259, 43.3036829], [132.0812893, 43.3035717], [132.0811167, 43.3034258], [132.0802377, 43.3027157]], [[132.0841764, 43.3027258], [132.0835892, 43.3029344], [132.0835093, 43.3029608], [132.0834284, 43.30299], [132.0833308, 43.3030618], [132.083073, 43.3033472], [132.0828409, 43.3036075], [132.0827443, 43.3037023], [132.0825989, 43.3038137], [132.0824773, 43.3039224]], [[132.0790005, 43.3064668], [132.0777013, 43.3071914], [132.0774887, 43.30731], [132.0769104, 43.3076325], [132.0764177, 43.3079073], [132.076097, 43.3080862], [132.0757716, 43.3082677], [132.075591, 43.3083684], [132.0754715, 43.3084351], [132.0754142, 43.3084671]], [[132.0859312, 43.3015519], [132.0859462, 43.3014617], [132.0859395, 43.301408], [132.0859221, 43.3013661], [132.0858704, 43.301264], [132.0858664, 43.3012426], [132.0858716, 43.301221], [132.0859502, 43.3011649], [132.0860548, 43.3010937], [132.0864888, 43.3007938], [132.0867431, 43.3006264], [132.0867864, 43.3005872], [132.0868313, 43.3005341], [132.0868829, 43.3004506]]]}}, {"type": "Feature", "properties": {"name": "улица Гайдара", "part": "mainland", "theme": "person"}, "geometry": {"type": "LineString", "coordinates": [[132.0718984, 43.3053356], [132.0717345, 43.3054281], [132.071701, 43.3054495], [132.0716012, 43.3055149], [132.0715627, 43.3055431], [132.0715005, 43.3055883], [132.0714028, 43.3057198], [132.0713798, 43.3057394], [132.0713598, 43.3057515], [132.0710301, 43.3059564], [132.0705877, 43.306246], [132.0699648, 43.3066459], [132.0697656, 43.3067827], [132.0694565, 43.3069763], [132.0692137, 43.3071324], [132.0690091, 43.3072429], [132.0688205, 43.3073318], [132.0685537, 43.3074774], [132.0684009, 43.307564], [132.0682241, 43.3076931]]}}, {"type": "Feature", "properties": {"name": "Минская улица", "part": "mainland", "theme": "place"}, "geometry": {"type": "LineString", "coordinates": [[132.0742908, 43.3089656], [132.0740429, 43.3088508], [132.0735816, 43.3086251], [132.0735578, 43.3085987], [132.0735717, 43.308553], [132.074017, 43.3081544], [132.0741301, 43.3080877], [132.0743918, 43.3079549], [132.0746351, 43.307846], [132.0746685, 43.3078462], [132.0747331, 43.307803]]}}, {"type": "Feature", "properties": {"name": "улица Курчатова", "part": "trudovoe", "theme": "person"}, "geometry": {"type": "LineString", "coordinates": [[132.0595618, 43.3009433], [132.0592717, 43.3005862], [132.0591136, 43.3003124], [132.0589994, 43.3001304], [132.0589478, 43.3000308], [132.0589206, 43.2999935], [132.0588338, 43.2999508], [132.058615, 43.2998754], [132.0583838, 43.2998737], [132.0583512, 43.2998519]]}}, {"type": "Feature", "properties": {"name": "Иннокентьевская улица", "part": "mainland", "theme": "person", "descr": "Прежнее название — ул. Вострецова. Переименована в рамках устранения дублей при присоединении Трудового"}, "geometry": {"type": "MultiLineString", "coordinates": [[[132.0692615, 43.2953243], [132.069343, 43.2953736], [132.0694714, 43.2954528], [132.0697031, 43.2955616], [132.0698374, 43.2956208], [132.0699284, 43.2956416], [132.0701602, 43.2956731], [132.0712136, 43.2957853], [132.0718734, 43.2958694]], [[132.062499, 43.2962855], [132.0623081, 43.2963574], [132.0619759, 43.296511], [132.0615255, 43.2967148], [132.0614258, 43.296758], [132.06094, 43.2969767], [132.0608431, 43.2970178], [132.0607753, 43.2970467]], [[132.0697423, 43.2944825], [132.070198, 43.2946217], [132.0708678, 43.2947952], [132.0711529, 43.2949124], [132.0712653, 43.2949459], [132.0713621, 43.2949457], [132.0715301, 43.2949268], [132.0716769, 43.294905], [132.0717463, 43.2949662], [132.0717968, 43.295029], [132.0720275, 43.2952347]]]}}, {"type": "Feature", "properties": {"name": "Янтарная улица", "part": "mainland", "theme": "stone", "descr": "https://t.me/ochkuryvl/3626"}, "geometry": {"type": "LineString", "coordinates": [[132.0864787, 43.3038977], [132.0864604, 43.3043773], [132.0864485, 43.3058519], [132.0864441, 43.3063976]]}}, {"type": "Feature", "properties": {"name": "улица Кулибина", "part": "mainland", "theme": "person"}, "geometry": {"type": "MultiLineString", "coordinates": [[[132.0677402, 43.3062564], [132.0672887, 43.306036], [132.0671524, 43.3059692], [132.0670699, 43.3059357], [132.067026, 43.3059052], [132.0670157, 43.305878], [132.0670246, 43.3058428], [132.0670525, 43.3057906], [132.0671426, 43.3056614], [132.0671973, 43.3055565], [132.0672602, 43.3054431], [132.0673362, 43.3053169], [132.0673853, 43.3052271], [132.0674432, 43.3051595], [132.0675349, 43.3050566], [132.0676499, 43.3049871], [132.0678343, 43.3049233], [132.0679918, 43.3048671], [132.0681125, 43.3048367], [132.068171, 43.3048209], [132.0682019, 43.3048123], [132.0682161, 43.3048078], [132.0682323, 43.3047976], [132.0683485, 43.3047031], [132.0686499, 43.3044477], [132.0688545, 43.3042462], [132.0689784, 43.304095], [132.0691559, 43.3038949], [132.0694673, 43.3036062], [132.069561, 43.3035194]], [[132.069561, 43.3035194], [132.0697653, 43.3033495]]]}}, {"type": "Feature", "properties": {"name": "улица Чугаева", "part": "mainland", "theme": "person"}, "geometry": {"type": "MultiLineString", "coordinates": [[[132.0781377, 43.3018478], [132.0781434, 43.3017542], [132.0781785, 43.3015897], [132.0782615, 43.3015242], [132.0787507, 43.3012147], [132.0791611, 43.3009561], [132.0792754, 43.3008842], [132.0793715, 43.3008211]], [[132.0727469, 43.3056687], [132.0728651, 43.3055812], [132.0729222, 43.3055298], [132.0730193, 43.3054592], [132.073181, 43.3053245], [132.0740052, 43.3045975], [132.0747367, 43.3039402], [132.0748392, 43.303828], [132.0750989, 43.3035507]], [[132.0853237, 43.2980896], [132.0851602, 43.2979764], [132.0850024, 43.2978641], [132.0847641, 43.2976599], [132.0846869, 43.2975452], [132.0846908, 43.2974962], [132.084699, 43.2974421], [132.0847286, 43.297383], [132.0847975, 43.2973285], [132.0854406, 43.2968668], [132.0859994, 43.2964906], [132.0862253, 43.2963328], [132.0863719, 43.296229], [132.0866094, 43.2960575], [132.0872468, 43.2955942]], [[132.0793715, 43.3008211], [132.079418, 43.300723], [132.0795076, 43.3006532], [132.0796776, 43.3005659], [132.0797889, 43.3005104], [132.0798883, 43.3004577], [132.0800976, 43.3003546], [132.080184, 43.3003038], [132.0802828, 43.300233], [132.0805831, 43.2999987], [132.0806623, 43.2999492], [132.0807198, 43.2999138], [132.0807457, 43.2998697], [132.0807705, 43.2998193], [132.0809056, 43.2997468], [132.0812187, 43.29957], [132.0815877, 43.299344], [132.0818841, 43.2991615], [132.0821068, 43.2990394], [132.0824789, 43.2987983], [132.0826829, 43.2986518], [132.083188, 43.298339], [132.083385, 43.2982154], [132.0835367, 43.2981151], [132.0836261, 43.2980633], [132.0836989, 43.2979864]], [[132.0872468, 43.2955942], [132.0876956, 43.295303], [132.0879038, 43.2951458]], [[132.0725205, 43.3058474], [132.0725755, 43.305805], [132.0727469, 43.3056687]]]}}, {"type": "Feature", "properties": {"name": "улица Рокоссовского", "part": "trudovoe", "theme": "person"}, "geometry": {"type": "MultiLineString", "coordinates": [[[132.0733265, 43.3145816], [132.0731614, 43.3146392], [132.073061, 43.3146644], [132.0729535, 43.3146931], [132.0728972, 43.3147411], [132.0728436, 43.3147924], [132.0727745, 43.3149735], [132.0727106, 43.315359], [132.072371, 43.3161371]], [[132.0742872, 43.3138924], [132.0741951, 43.3139348], [132.0739735, 43.3139994], [132.0737479, 43.3140757], [132.0737041, 43.3140843], [132.0735849, 43.3141161], [132.0734219, 43.3141619], [132.0733553, 43.314213], [132.0733508, 43.314348], [132.0733265, 43.3145816], [132.0733267, 43.3147855], [132.0732971, 43.3149841], [132.0732222, 43.3154135], [132.0732111, 43.3156071], [132.0731344, 43.3160129], [132.073109, 43.3162068]], [[132.072371, 43.3161371], [132.0721413, 43.3167002], [132.0720824, 43.3168004], [132.0720122, 43.3168531]]]}}, {"type": "Feature", "properties": {"name": "улица Пшеницына", "part": "trudovoe", "theme": "person"}, "geometry": {"type": "MultiLineString", "coordinates": [[[132.0825274, 43.3147325], [132.0826843, 43.314685], [132.0829684, 43.3145777], [132.0832644, 43.3144566], [132.0835201, 43.3142772], [132.0838311, 43.3140152], [132.0839586, 43.3139042], [132.0842113, 43.3136898], [132.084298, 43.3136233], [132.0844196, 43.3135637], [132.0845357, 43.3135014], [132.0847064, 43.3133954], [132.0847655, 43.313341], [132.0848145, 43.3133037], [132.0847858, 43.3132594], [132.0847097, 43.3129874], [132.0846662, 43.3128756], [132.084607, 43.3127629], [132.0845391, 43.3126264], [132.0844204, 43.3124615], [132.0841881, 43.3122089], [132.0841764, 43.3121744]], [[132.0824651, 43.3146025], [132.0822681, 43.3147488], [132.0821607, 43.3148236], [132.0820617, 43.3148901], [132.0819702, 43.3149286], [132.0818479, 43.3149586], [132.0816907, 43.3149684], [132.0814689, 43.3149811], [132.0813697, 43.3149476], [132.0812255, 43.3149094], [132.0811161, 43.3148878], [132.0809493, 43.3148807]], [[132.0760556, 43.3148786], [132.0760777, 43.314987], [132.0761016, 43.3150171], [132.0761494, 43.3150348], [132.0762059, 43.315031], [132.0762831, 43.3149992], [132.0763289, 43.314983], [132.0763794, 43.314963], [132.0764279, 43.3149312], [132.0764586, 43.3148224], [132.0764614, 43.3147593], [132.0764784, 43.3146795], [132.0765109, 43.3145833], [132.0765702, 43.3144588], [132.0766067, 43.3143532], [132.0766241, 43.3142676], [132.076714, 43.3139777], [132.0767373, 43.313895], [132.076784, 43.313851], [132.0768753, 43.3138307], [132.0770169, 43.3138127], [132.077612, 43.3138441], [132.0782024, 43.3138701], [132.0787889, 43.3138803], [132.0791051, 43.3138718], [132.0799126, 43.3138117], [132.0807499, 43.3137989], [132.0810898, 43.3137818], [132.0812652, 43.3137526], [132.0813529, 43.3137317], [132.0814697, 43.3137082]]]}}, {"type": "Feature", "properties": {"name": "улица Клары Цеткин", "part": "mainland", "theme": "person"}, "geometry": {"type": "LineString", "coordinates": [[132.0832693, 43.3014063], [132.0835978, 43.3013309], [132.0837925, 43.3012829], [132.0840886, 43.3012138], [132.0843294, 43.3011524], [132.0845976, 43.3010772], [132.0847532, 43.3010223], [132.0849956, 43.3009194], [132.0855103, 43.3006738], [132.0863388, 43.3002393], [132.0864605, 43.300191], [132.0865608, 43.3001467], [132.0874798, 43.2996263], [132.0886219, 43.2989616], [132.0888204, 43.2988112], [132.0888719, 43.2987313], [132.0888875, 43.2986438], [132.0888899, 43.2985631], [132.0888751, 43.2984181], [132.0888497, 43.2983099], [132.0888065, 43.2982112], [132.0887597, 43.2981236], [132.0886417, 43.2979453], [132.08859, 43.2978723], [132.0885768, 43.2977871], [132.0885747, 43.2977313]]}}, {"type": "Feature", "properties": {"name": "Изумрудная улица", "part": "mainland", "theme": "stone", "descr": "https://t.me/ochkuryvl/3626"}, "geometry": {"type": "LineString", "coordinates": [[132.0918095, 43.3056473], [132.0918028, 43.3052718], [132.0917922, 43.3046787], [132.0917762, 43.3046588], [132.0917476, 43.3046434], [132.0915567, 43.3046378], [132.0916396, 43.3041459], [132.0916894, 43.3036689], [132.0916976, 43.3035902], [132.0916958, 43.3035526], [132.0916741, 43.3035178], [132.0915673, 43.3034478], [132.091286, 43.3032769], [132.0907215, 43.3029404], [132.0905586, 43.3028333]]}}, {"type": "Feature", "properties": {"name": "Стахановская улица", "part": "mainland", "theme": "person"}, "geometry": {"type": "MultiLineString", "coordinates": [[[132.0765388, 43.2989231], [132.0768285, 43.2984035], [132.0768832, 43.2983643], [132.0770492, 43.2982279], [132.0771192, 43.2981476], [132.0772031, 43.2980158], [132.0772422, 43.2977822], [132.0772513, 43.2975067], [132.0772503, 43.2973677], [132.077258, 43.2972445], [132.0772883, 43.2971671], [132.0773888, 43.2970861], [132.0776893, 43.2967993], [132.0784605, 43.2960444], [132.0790159, 43.2954757], [132.079122, 43.2953634], [132.0792081, 43.2952695]], [[132.0765388, 43.2989231], [132.0766008, 43.2989571], [132.0768214, 43.2990531], [132.0773554, 43.2993458], [132.0777153, 43.2995752], [132.077957, 43.2997346], [132.0780777, 43.2998152], [132.0783065, 43.2999832], [132.0785352, 43.3001617], [132.0786184, 43.3002428], [132.0787633, 43.3003859], [132.0790016, 43.3005786], [132.0791088, 43.3006325], [132.0792131, 43.300694], [132.0793715, 43.3008211]]]}}, {"type": "Feature", "properties": {"name": "улица Сусанина", "part": "mainland", "theme": "person"}, "geometry": {"type": "MultiLineString", "coordinates": [[[132.0903136, 43.3107835], [132.0902847, 43.310691], [132.0902392, 43.310519], [132.0902239, 43.3103872], [132.0902229, 43.3102774], [132.0902709, 43.3100525], [132.0902686, 43.3100052], [132.0902525, 43.3099601], [132.090024, 43.3094029], [132.0899929, 43.3093732], [132.0899345, 43.3093441], [132.0896956, 43.3092905], [132.0893856, 43.3092392], [132.0892573, 43.3092191], [132.0891235, 43.3091941], [132.0890277, 43.3091813], [132.0889383, 43.3091607]], [[132.0852304, 43.3114304], [132.0853394, 43.3114156], [132.085485, 43.3113758], [132.0856086, 43.3113254], [132.0857662, 43.3112523], [132.0859505, 43.3111439], [132.08624, 43.3109652], [132.0865967, 43.3107445], [132.0868137, 43.3105905], [132.0869545, 43.3104952], [132.0870328, 43.3104269], [132.0870935, 43.3103703], [132.0872022, 43.3102412], [132.0873362, 43.3101151], [132.0875435, 43.3099414], [132.0879887, 43.3095837], [132.0881363, 43.3094778], [132.0883093, 43.3093741], [132.0883623, 43.3093342], [132.0884112, 43.3092911], [132.0884053, 43.3092378], [132.088331, 43.309045]]]}}, {"type": "Feature", "properties": {"name": "Жасминовая улица", "part": "mainland", "theme": "tree"}, "geometry": {"type": "LineString", "coordinates": [[132.0891355, 43.2924106], [132.0888586, 43.2925753], [132.088685, 43.2926675], [132.0885505, 43.292722], [132.0884073, 43.292767], [132.0882903, 43.2927763], [132.0879389, 43.2927623], [132.0876783, 43.2927647], [132.087503, 43.2927476], [132.0873693, 43.292734], [132.0872666, 43.2927218], [132.0871666, 43.2927129], [132.0870196, 43.2927027]]}}, {"type": "Feature", "properties": {"name": "Коралловая улица", "part": "mainland", "theme": "stone"}, "geometry": {"type": "LineString", "coordinates": [[132.0862766, 43.2922568], [132.0862964, 43.2924427], [132.0863121, 43.2926852], [132.086276, 43.2933219], [132.086211, 43.2940986], [132.0861767, 43.2946485], [132.0861693, 43.2947471], [132.086143, 43.2948638]]}}, {"type": "Feature", "properties": {"name": "Бирюзовая улица", "part": "mainland", "theme": "stone", "descr": "https://t.me/ochkuryvl/3626"}, "geometry": {"type": "LineString", "coordinates": [[132.090283, 43.3063872], [132.0902864, 43.3063092], [132.0902859, 43.3060609], [132.0902864, 43.3059055], [132.0902923, 43.3053933], [132.090288, 43.304854], [132.0902849, 43.3047813], [132.0902652, 43.304642], [132.0901642, 43.304535], [132.0900432, 43.3043816], [132.090031, 43.3043437], [132.0900279, 43.3043007], [132.0900573, 43.3040533], [132.0900699, 43.3040045], [132.0901026, 43.3039258], [132.090219, 43.3037594], [132.0902624, 43.3034458], [132.0903263, 43.3032751], [132.0905586, 43.3028333], [132.0903681, 43.3026022], [132.0900428, 43.3021767], [132.0899381, 43.3020272], [132.0898353, 43.3018022], [132.089836, 43.3017179], [132.0898695, 43.301644], [132.0898595, 43.3016013], [132.0898341, 43.3015702]]}}, {"type": "Feature", "properties": {"name": "Агатовая улица", "part": "mainland", "theme": "stone", "descr": "https://t.me/ochkuryvl/3626"}, "geometry": {"type": "LineString", "coordinates": [[132.0854389, 43.303913], [132.0854803, 43.3038763], [132.0855167, 43.3038408], [132.0856262, 43.3036781], [132.0857085, 43.3035655], [132.0857531, 43.3034771], [132.0857618, 43.303442], [132.0857601, 43.3034017], [132.0857521, 43.3024933]]}}, {"type": "Feature", "properties": {"name": "улица Шаляпина", "part": "mainland", "theme": "person"}, "geometry": {"type": "MultiLineString", "coordinates": [[[132.0843254, 43.3037548], [132.0842294, 43.3035692], [132.0841901, 43.3034594], [132.0841674, 43.3033885], [132.084163, 43.3033344], [132.0841764, 43.3027258]], [[132.0843254, 43.3037548], [132.0841349, 43.3038942], [132.0826713, 43.3048805], [132.0819997, 43.3053117], [132.0819801, 43.3053253], [132.0814758, 43.3056757], [132.0814117, 43.3057217], [132.0813797, 43.3057559], [132.0813538, 43.3058022], [132.0813401, 43.3058534], [132.0813058, 43.3059285], [132.0812652, 43.3060137], [132.0812237, 43.3060856], [132.0811793, 43.3061658], [132.0810038, 43.3064369], [132.0809066, 43.3065908], [132.0808963, 43.3066702], [132.0809073, 43.306714], [132.080924, 43.3067409], [132.0809427, 43.3067619], [132.0809607, 43.306779], [132.0813997, 43.3071197]]]}}, {"type": "Feature", "properties": {"name": "Суворовская улица", "part": "mainland", "theme": "person", "descr": "Прежнее название — ул. 50 лет ВЛКСМ. Переименована в рамках устранения дублей при присоединении Трудового"}, "geometry": {"type": "MultiLineString", "coordinates": [[[132.0818724, 43.2908669], [132.0820216, 43.2908144], [132.0822721, 43.2907141], [132.0833274, 43.2903119]], [[132.0785117, 43.2919374], [132.0784762, 43.2919401], [132.077774, 43.2922565], [132.0760639, 43.2930885], [132.0758153, 43.2932293]], [[132.0737349, 43.294086], [132.0740408, 43.2943616], [132.0742525, 43.294554], [132.074412, 43.2946723], [132.0747002, 43.2949048], [132.0747881, 43.2949689], [132.0748338, 43.2949995]], [[132.0748781, 43.2935685], [132.0744415, 43.2937695], [132.0743466, 43.2938196], [132.0737349, 43.294086], [132.0733165, 43.2942405], [132.073291, 43.2942508], [132.0732245, 43.294278], [132.0730253, 43.2943714], [132.072755, 43.2944943], [132.0725571, 43.2945804], [132.0724876, 43.294613], [132.0723741, 43.2946953], [132.0722593, 43.2948065], [132.0722252, 43.2948426], [132.0721185, 43.2949826], [132.0720692, 43.2951289], [132.0720275, 43.2952347], [132.0719684, 43.2956255], [132.0718734, 43.2958694], [132.0717593, 43.296286], [132.0716529, 43.2968859], [132.0716271, 43.2970337], [132.0715053, 43.2974587], [132.0710731, 43.2987098], [132.0710594, 43.2987476], [132.0709728, 43.2990135], [132.0707555, 43.2996853], [132.070745, 43.2997345], [132.0707457, 43.2998151], [132.0707398, 43.3000034], [132.0707541, 43.3001697], [132.0707572, 43.3002923], [132.0707689, 43.3004701], [132.0707748, 43.3005865], [132.0707755, 43.3006662], [132.070743, 43.3012997], [132.070713, 43.3014239], [132.0706807, 43.3014973], [132.0706459, 43.3015561], [132.0706061, 43.3016197], [132.0705486, 43.3017222], [132.0703755, 43.301919], [132.0702641, 43.302022], [132.0700243, 43.3022431], [132.0698264, 43.3024256], [132.0697336, 43.3025124], [132.0696482, 43.3025898], [132.0692413, 43.3029133], [132.0691823, 43.3029608]]]}}, {"type": "Feature", "properties": {"name": "улица Ушакова", "part": "mainland", "theme": "person"}, "geometry": {"type": "MultiLineString", "coordinates": [[[132.0749808, 43.3035878], [132.0750989, 43.3035507], [132.0756774, 43.3033688], [132.0761001, 43.3032206]], [[132.074892, 43.3024196], [132.0749934, 43.3024055], [132.0750434, 43.3023865], [132.0752056, 43.3023082], [132.0753734, 43.3022339], [132.0760284, 43.3019026], [132.0761036, 43.3018648], [132.0761645, 43.30184], [132.0763449, 43.3019161], [132.0764577, 43.3019662], [132.0765949, 43.3020097], [132.0766795, 43.3020347], [132.0767562, 43.3020504], [132.0768118, 43.3020465], [132.0768919, 43.3020291], [132.077043, 43.3019706], [132.0774164, 43.3017543], [132.0775849, 43.3016466], [132.0777661, 43.3015293]], [[132.0740052, 43.3045975], [132.0739654, 43.3045877], [132.0736778, 43.3043948], [132.0736659, 43.3043749], [132.0736597, 43.3043464], [132.0736575, 43.3043245], [132.0737033, 43.3042437], [132.0737733, 43.3040694], [132.0737938, 43.304026], [132.0738264, 43.3039918], [132.0738884, 43.3039267], [132.0739513, 43.3038825], [132.0741309, 43.3038146], [132.0742842, 43.3037597], [132.074463, 43.3037001], [132.0745133, 43.3036913], [132.0745468, 43.3037006], [132.0746181, 43.303692], [132.0747125, 43.3036683], [132.0749808, 43.3035878]], [[132.0740052, 43.3045975], [132.0742829, 43.3048085], [132.0745005, 43.3049726], [132.0749999, 43.3053483]], [[132.074892, 43.3024196], [132.0748499, 43.3024318], [132.0741941, 43.3028214], [132.0740976, 43.30287], [132.0736997, 43.3027893]]]}}, {"type": "Feature", "properties": {"name": "переулок Чугаева", "part": "mainland", "theme": "person"}, "geometry": {"type": "MultiLineString", "coordinates": [[[132.0800446, 43.2984604], [132.0803364, 43.2987037], [132.0805743, 43.2989143]], [[132.0805743, 43.2989143], [132.0808954, 43.2992096]], [[132.0799312, 43.2981188], [132.0799474, 43.2982321], [132.0800446, 43.2984604]]]}}, {"type": "Feature", "properties": {"name": "улица Дунаевского", "part": "mainland", "theme": "person"}, "geometry": {"type": "LineString", "coordinates": [[132.0674371, 43.3018607], [132.0674761, 43.3018053], [132.0674969, 43.3017764], [132.0676535, 43.3015066], [132.0677281, 43.3013692], [132.0678225, 43.3011957], [132.0678929, 43.3010915], [132.0679504, 43.3010241], [132.0680304, 43.3009632], [132.0685149, 43.3006607], [132.0687263, 43.3005401], [132.0687988, 43.3005306], [132.0689785, 43.300595], [132.0690128, 43.300598], [132.0692168, 43.3005988], [132.0692683, 43.3005837], [132.0693714, 43.3005358]]}}, {"type": "Feature", "properties": {"name": "улица Карла Маркса", "part": "mainland", "theme": "person"}, "geometry": {"type": "MultiLineString", "coordinates": [[[132.0770662, 43.3038783], [132.0775647, 43.3035288], [132.0785303, 43.3028455], [132.0788876, 43.3026023], [132.0796037, 43.3020999], [132.0800573, 43.3017928], [132.0801879, 43.3016949], [132.0802392, 43.3016564], [132.0806889, 43.3013194], [132.0807398, 43.3012812], [132.0807518, 43.3012722], [132.0809742, 43.3011055], [132.0810405, 43.3010558], [132.0815519, 43.3006725], [132.081629, 43.3006147], [132.0818997, 43.3004344], [132.0819061, 43.3004305], [132.0819791, 43.3003863], [132.0824996, 43.3000437], [132.0832029, 43.2995876], [132.084132, 43.2989334]], [[132.0731881, 43.3063926], [132.073144, 43.3064485], [132.0731107, 43.3064703], [132.0730946, 43.3064809], [132.0724335, 43.3066598], [132.0720649, 43.3067555], [132.0713704, 43.3069475], [132.0712266, 43.3069865], [132.0709443, 43.3071512], [132.0704038, 43.3075835], [132.0703358, 43.3076403], [132.0702127, 43.307719], [132.0700917, 43.3078132], [132.0700044, 43.3078618], [132.0699656, 43.3078834], [132.0698803, 43.3079159], [132.0699639, 43.3079817]], [[132.091383, 43.2914514], [132.09119, 43.2915956], [132.091083, 43.2917734], [132.0907152, 43.2924473], [132.0904978, 43.2928251], [132.0905151, 43.2928766], [132.0904837, 43.29302], [132.0904684, 43.293114], [132.0904594, 43.2932503]], [[132.0870796, 43.2969741], [132.0874041, 43.2966964], [132.0877344, 43.2964323], [132.0885043, 43.2958992], [132.0890833, 43.2954706]], [[132.074364, 43.305835], [132.0749999, 43.3053483], [132.0760808, 43.304568], [132.0762408, 43.3044629], [132.0768431, 43.3040363], [132.0770662, 43.3038783]], [[132.0845797, 43.2985987], [132.0853237, 43.2980896], [132.0868783, 43.2970887], [132.0870796, 43.2969741]], [[132.084132, 43.2989334], [132.0845797, 43.2985987]]]}}, {"type": "Feature", "properties": {"name": "Рябиновая улица", "part": "mainland", "theme": "tree"}, "geometry": {"type": "LineString", "coordinates": [[132.0870196, 43.2927027], [132.0870143, 43.2928236], [132.0870597, 43.2929392], [132.0870798, 43.2930774], [132.0870819, 43.2930948], [132.0869915, 43.2943776], [132.0869874, 43.2943997], [132.0869772, 43.2944153], [132.0868474, 43.2945823], [132.0867305, 43.2946839], [132.086631, 43.2947636], [132.0864761, 43.2948859], [132.0863932, 43.2949547]]}}, {"type": "Feature", "properties": {"name": "Жемчужная улица", "part": "mainland", "theme": "stone", "descr": "https://t.me/ochkuryvl/3626"}, "geometry": {"type": "LineString", "coordinates": [[132.0862497, 43.307483], [132.0861433, 43.3074355], [132.0860131, 43.3073464], [132.0859217, 43.3072226], [132.0858899, 43.3071652], [132.0858541, 43.3070945], [132.0858188, 43.3070042], [132.0857941, 43.3069299], [132.085754, 43.3066764], [132.0857537, 43.3066542], [132.0857319, 43.3058488], [132.0857206, 43.3054295], [132.0857051, 43.3050321], [132.0856412, 43.3043723], [132.0855685, 43.3041775], [132.0855036, 43.3040386], [132.0854389, 43.303913], [132.0852005, 43.3036313], [132.0849157, 43.3033233], [132.0841764, 43.3027258]]}}, {"type": "Feature", "properties": {"name": "улица Фучика", "part": "mainland", "theme": "person"}, "geometry": {"type": "LineString", "coordinates": [[132.070745, 43.2997345], [132.0728285, 43.3000587], [132.0729379, 43.3000642], [132.0730327, 43.3000366], [132.0730707, 43.2999875], [132.0731677, 43.2996407], [132.0731878, 43.2994249]]}}, {"type": "Feature", "properties": {"name": "Путятинская улица", "part": "trudovoe", "theme": "person", "descr": "Прежнее название — улица Постышева. Переименована в рамках устранения дублей при присоединении Трудового"}, "geometry": {"type": "LineString", "coordinates": [[132.0577196, 43.2996082], [132.0572435, 43.2997663], [132.0571844, 43.2998212], [132.0571999, 43.2999123], [132.0573693, 43.3001451], [132.0575946, 43.3004351], [132.0580673, 43.3008185], [132.058536, 43.3012394], [132.0586972, 43.3013786], [132.0591118, 43.3016149], [132.059214, 43.3016901], [132.0592992, 43.3018133], [132.0593309, 43.3018489], [132.0593748, 43.3018795], [132.0594406, 43.3018919], [132.059529, 43.3019286], [132.0600009, 43.3023913], [132.0601528, 43.3025151], [132.0602881, 43.3025548]]}}, {"type": "Feature", "properties": {"name": "улица Академика Королёва", "part": "mainland", "theme": "person"}, "geometry": {"type": "LineString", "coordinates": [[132.0817499, 43.2962237], [132.0818113, 43.2961165], [132.0818723, 43.2959538], [132.0820298, 43.2951021], [132.0820513, 43.2950239], [132.0825415, 43.2946653], [132.0832777, 43.2940568], [132.083409, 43.2939764], [132.0842973, 43.2932792], [132.0845833, 43.2930806], [132.0848875, 43.2927942]]}}, {"type": "Feature", "properties": {"name": "Эвкалиптовая улица", "part": "mainland", "theme": "tree", "descr": "Постановление администрации г. Владивостока от 13.03.2020 N 1033"}, "geometry": {"type": "LineString", "coordinates": [[132.1006783, 43.2935277], [132.1005865, 43.2934593], [132.1005611, 43.2934334], [132.1003898, 43.2932821], [132.1003613, 43.2932637], [132.100328, 43.2932489], [132.099936, 43.2931024], [132.099771, 43.293047], [132.099712, 43.2930432], [132.0996341, 43.293028], [132.0993991, 43.2929213], [132.0992668, 43.2928542], [132.099216, 43.2928097], [132.0991594, 43.2927474], [132.0991323, 43.2927056], [132.0991075, 43.2925908], [132.0990424, 43.2924324], [132.0990088, 43.2923557], [132.0988411, 43.2920484], [132.0986947, 43.291782], [132.0986246, 43.2916314], [132.0985637, 43.2915007], [132.0984441, 43.2913335], [132.0982803, 43.2911036], [132.098104, 43.2909179], [132.0980397, 43.290847], [132.0980128, 43.2907989]]}}, {"type": "Feature", "properties": {"name": "улица Грибоедова", "part": "mainland", "theme": "person"}, "geometry": {"type": "MultiLineString", "coordinates": [[[132.1059898, 43.3029413], [132.1054068, 43.3028247], [132.105321, 43.3028037], [132.1049012, 43.3027199], [132.1048003, 43.3026989], [132.1046587, 43.3026686], [132.1043972, 43.3033745], [132.1043655, 43.3034654], [132.1043218, 43.3036593], [132.1042633, 43.303919]], [[132.1049109, 43.2995725], [132.1051277, 43.2991806], [132.1051499, 43.2990695], [132.1051812, 43.2989766], [132.1052164, 43.2989329], [132.1052245, 43.2989228], [132.1052999, 43.2988963], [132.1053775, 43.2988937], [132.1054731, 43.2989248], [132.1055767, 43.2990016], [132.1057966, 43.299062], [132.1058876, 43.2991005], [132.1059575, 43.2991346], [132.1061066, 43.2992428], [132.1062188, 43.2993618], [132.1062291, 43.2994415], [132.1062135, 43.2995332], [132.106153, 43.2998036], [132.1061601, 43.2998585], [132.1061832, 43.2998979], [132.1062502, 43.2999249], [132.1063516, 43.299934], [132.1064448, 43.2999305], [132.1067693, 43.2998679], [132.1069327, 43.2998374], [132.1070351, 43.299845], [132.1071772, 43.2998811], [132.107312, 43.2999143]], [[132.1047356, 43.2974954], [132.1050121, 43.2981347], [132.1050488, 43.2981977]], [[132.1050488, 43.2981977], [132.1049229, 43.2982338], [132.1048496, 43.2982562], [132.1048049, 43.2982998], [132.1047874, 43.2984083], [132.1048038, 43.2985273], [132.1048167, 43.2986203], [132.1048274, 43.2986917], [132.1048062, 43.2989407], [132.104797, 43.2990489], [132.1048175, 43.2992036], [132.1048241, 43.29927], [132.1048519, 43.2993434], [132.1048994, 43.2994462], [132.1049109, 43.2995725]], [[132.1017228, 43.3014051], [132.1026865, 43.3008179], [132.1030616, 43.3005851], [132.1035641, 43.3002893], [132.1040544, 43.2999875], [132.1043421, 43.2998317], [132.104568, 43.2997298], [132.1047165, 43.2996647], [132.1048206, 43.2996185], [132.1049109, 43.2995725]], [[131.9030805, 43.1221019], [131.9033429, 43.1224323], [131.9033434, 43.1224455], [131.9033381, 43.1224595], [131.9031544, 43.1225378], [131.9031034, 43.1225417], [131.9030698, 43.1225349], [131.9030377, 43.1225202], [131.9029438, 43.1223976], [131.9028611, 43.1222897], [131.9028217, 43.1222383], [131.9028097, 43.122206], [131.9028137, 43.1221864], [131.9028484, 43.1221586], [131.9028948, 43.122137], [131.9029591, 43.1221135], [131.9030805, 43.1221019], [131.9031842, 43.1220943], [131.9032267, 43.1220824], [131.9032603, 43.122065], [131.9032937, 43.1220423], [131.903343, 43.1220061], [131.9034103, 43.1219654], [131.9035494, 43.1219215], [131.9037046, 43.1218726], [131.9037249, 43.1218662], [131.9037676, 43.1218528], [131.9038901, 43.1218142]], [[131.9105823, 43.1186895], [131.9111691, 43.1188993], [131.9111842, 43.1189051], [131.9111889, 43.1189169], [131.9111849, 43.1189291], [131.9111732, 43.1189645], [131.9111942, 43.1189849], [131.9112184, 43.1190021], [131.9112661, 43.1190161], [131.9113075, 43.1190261], [131.9113853, 43.1190485], [131.9115044, 43.1190153], [131.9116308, 43.1189753], [131.9117128, 43.1189586], [131.9119956, 43.1188949], [131.9122835, 43.1188508], [131.9125037, 43.1188488], [131.912684, 43.1188412], [131.9127271, 43.1188425], [131.9127941, 43.1188458], [131.912845, 43.1188632], [131.9129497, 43.1189994]]]}}, {"type": "Feature", "properties": {"name": "улица Василия Зверева", "part": "mainland", "theme": "person"}, "geometry": {"type": "LineString", "coordinates": [[132.0936788, 43.2968576], [132.0937151, 43.2968485], [132.0956326, 43.2961778], [132.0967799, 43.2957959]]}}, {"type": "Feature", "properties": {"name": "улица Мандельштама", "part": "mainland", "theme": "person", "descr": "Постановление администрации г. Владивостока от 11.02.2022 N 285"}, "geometry": {"type": "MultiLineString", "coordinates": [[[132.109282, 43.3047523], [132.1093929, 43.3047141], [132.1094843, 43.3047084], [132.1099603, 43.3047507], [132.1102692, 43.3047957], [132.1105024, 43.304851], [132.110838, 43.3049049], [132.1112061, 43.3049575], [132.1114698, 43.3049961], [132.1117617, 43.3049831], [132.1119495, 43.304949], [132.1126173, 43.3048746], [132.1131174, 43.3048305], [132.1134834, 43.3048473]], [[132.105978, 43.3049754], [132.1066595, 43.3046806], [132.1067011, 43.3046715], [132.1067667, 43.3046571], [132.1068539, 43.3046546], [132.1070061, 43.3046847], [132.107052, 43.3046957]], [[132.1047071, 43.3056293], [132.1049907, 43.3055278], [132.1051216, 43.3054851], [132.105228, 43.3054386], [132.1053187, 43.3053799], [132.105978, 43.3049754]], [[132.108587, 43.3048907], [132.1089126, 43.3049181], [132.1090481, 43.3049053], [132.1091661, 43.3048575], [132.1092217, 43.3048103], [132.109282, 43.3047523]], [[132.1071776, 43.3047257], [132.1073509, 43.3047632], [132.1078672, 43.3048146], [132.108587, 43.3048907]], [[132.107052, 43.3046957], [132.1071776, 43.3047257]]]}}, {"type": "Feature", "properties": {"name": "улица Кустодиева", "part": "mainland", "theme": "person", "descr": "Постановление администрации г. Владивостока от 13.03.2020 N 1033"}, "geometry": {"type": "MultiLineString", "coordinates": [[[132.0996341, 43.293028], [132.0995197, 43.2930858], [132.0994275, 43.2931278], [132.0991776, 43.2932144], [132.0981933, 43.293543], [132.0980932, 43.2935752], [132.097952, 43.2936206]], [[132.099771, 43.293047], [132.1000534, 43.2929398], [132.1006642, 43.2927615], [132.1012874, 43.2926124]]]}}, {"type": "Feature", "properties": {"name": "Даурская улица", "part": "mainland", "theme": "tree", "descr": "Постановление администрации г. Владивостока от 13.03.2020 N 1033"}, "geometry": {"type": "LineString", "coordinates": [[132.1037286, 43.2884044], [132.1037272, 43.2883644], [132.1037357, 43.2883315], [132.103763, 43.288261], [132.1037676, 43.2882426], [132.1037947, 43.2881577], [132.1038352, 43.2879876], [132.1039398, 43.2876986], [132.1040724, 43.2873755], [132.1041228, 43.2873005], [132.1042258, 43.2872517], [132.1042335, 43.2871212], [132.1042062, 43.2870685], [132.1038906, 43.2867572], [132.1038476, 43.2867163], [132.1035188, 43.2863918], [132.1032725, 43.2860267], [132.1032398, 43.2859574], [132.1029347, 43.2856324], [132.1028996, 43.2855895], [132.1027741, 43.2851475], [132.1027106, 43.285045], [132.1026683, 43.2849789], [132.1026002, 43.2849021], [132.1024538, 43.2847589], [132.1023457, 43.2846483], [132.1022142, 43.2845177], [132.1019534, 43.2842741], [132.1018617, 43.284219], [132.1017514, 43.2841783], [132.1014569, 43.2841214]]}}, {"type": "Feature", "properties": {"name": "улица Тропинина", "part": "mainland", "theme": "person", "descr": "Постановление администрации г. Владивостока от 07.06.2019 N 2240"}, "geometry": {"type": "LineString", "coordinates": [[132.1005538, 43.2915364], [132.0988411, 43.2920484], [132.0976531, 43.292436], [132.0972645, 43.2925297]]}}, {"type": "Feature", "properties": {"name": "Кедровая улица", "part": "mainland", "theme": "tree"}, "geometry": {"type": "LineString", "coordinates": [[132.0948685, 43.2923491], [132.0949236, 43.2923416], [132.0951099, 43.2923146], [132.0951368, 43.2923118], [132.0954528, 43.2922623], [132.0963792, 43.2920227]]}}, {"type": "Feature", "properties": {"name": "улица Перова", "part": "mainland", "theme": "person", "descr": "Постановление администрации г. Владивостока от 13.03.2020 N 1033"}, "geometry": {"type": "LineString", "coordinates": [[132.0945847, 43.299366], [132.0946867, 43.2995127], [132.0949615, 43.2998579], [132.0950276, 43.2999297], [132.0950699, 43.2999357], [132.0951243, 43.2999314], [132.0965961, 43.299262], [132.0966714, 43.2992332], [132.09703, 43.299096], [132.0973545, 43.2989897], [132.0974648, 43.2989641], [132.0975967, 43.2989131], [132.0976462, 43.298869], [132.0977157, 43.2987942]]}}, {"type": "Feature", "properties": {"name": "Тимьяновая улица", "part": "mainland", "theme": "tree", "descr": "Постановление администрации г. Владивостока от 13.03.2020 N 1033"}, "geometry": {"type": "LineString", "coordinates": [[132.1034436, 43.2883202], [132.1032283, 43.2883449], [132.1023521, 43.2883619], [132.1022745, 43.2883581], [132.1021707, 43.2883314], [132.1020275, 43.2883131], [132.1015669, 43.2882543], [132.0999821, 43.2879311], [132.0999265, 43.2879133], [132.0998812, 43.2878877]]}}, {"type": "Feature", "properties": {"name": "улица Мясоедова", "part": "mainland", "theme": "person", "descr": "Постановление администрации г. Владивостока от 13.03.2020 N 1033"}, "geometry": {"type": "LineString", "coordinates": [[132.0998622, 43.2895712], [132.1000228, 43.2895605], [132.1001686, 43.2895592], [132.1010394, 43.2895703], [132.1013607, 43.2895785], [132.1017779, 43.2895417], [132.1021065, 43.2895339], [132.1024214, 43.2895354], [132.1037022, 43.2895265], [132.1043486, 43.2894906]]}}, {"type": "Feature", "properties": {"name": "улица Венецианова", "part": "mainland", "theme": "person", "descr": "Постановление администрации г. Владивостока от 07.06.2019 N 2240"}, "geometry": {"type": "LineString", "coordinates": [[132.0945303, 43.2993863], [132.0945847, 43.299366], [132.0955558, 43.2990167], [132.0960152, 43.298823], [132.0962976, 43.2987022], [132.096401, 43.2986559], [132.096472, 43.2986331], [132.0965337, 43.2986141], [132.0972549, 43.2983887]]}}, {"type": "Feature", "properties": {"name": "улица Архипова", "part": "mainland", "theme": "person", "descr": "Постановление администрации г. Владивостока от 13.03.2020 N 1033"}, "geometry": {"type": "LineString", "coordinates": [[132.1033992, 43.289007], [132.1031439, 43.2890219], [132.1020857, 43.2890003], [132.1007414, 43.289009], [132.1004597, 43.2890117], [132.1000009, 43.2890008], [132.0999351, 43.2889992], [132.0998406, 43.2890087], [132.0996797, 43.2890549], [132.09956, 43.2890886], [132.0993542, 43.2891618], [132.0992218, 43.2892322], [132.0988356, 43.2895306], [132.0985687, 43.2898002], [132.0984788, 43.2898492], [132.0982506, 43.2899584], [132.0978399, 43.2901215], [132.0974031, 43.2902637], [132.0965102, 43.2905543]]}}, {"type": "Feature", "properties": {"name": "улица Кипренского", "part": "mainland", "theme": "person", "descr": "Постановление администрации г. Владивостока от 13.03.2020 N 1033"}, "geometry": {"type": "LineString", "coordinates": [[132.0923307, 43.2917269], [132.0925908, 43.2918104], [132.0926369, 43.2918249], [132.0927352, 43.2918471], [132.0927713, 43.2918505], [132.0928025, 43.2918482], [132.093148, 43.2917569], [132.0933024, 43.2917058], [132.0939379, 43.291504], [132.094148, 43.2914416], [132.0942149, 43.2914331], [132.0942732, 43.2914326], [132.0943872, 43.291455], [132.095169, 43.2916414], [132.0952081, 43.291646], [132.09524, 43.2916433], [132.0954657, 43.2915863], [132.0957898, 43.2915049], [132.0958675, 43.2914852], [132.0959241, 43.2914709], [132.0959788, 43.2914568], [132.0964564, 43.2913203], [132.0974774, 43.2909871], [132.0978136, 43.2908683], [132.0980128, 43.2907989], [132.0983051, 43.2906732], [132.0984498, 43.2905963], [132.0985962, 43.2904856], [132.0986129, 43.2904568], [132.0986124, 43.2904205]]}}, {"type": "Feature", "properties": {"name": "улица Василия Рябова", "part": "mainland", "theme": "person"}, "geometry": {"type": "LineString", "coordinates": [[132.0965027, 43.2951982], [132.0959055, 43.2953869], [132.0955618, 43.2955098], [132.0952993, 43.2956003], [132.0949, 43.295738], [132.0941564, 43.2959503], [132.0940946, 43.2959609], [132.0940414, 43.2959663], [132.0939848, 43.2959692], [132.0939276, 43.2959706], [132.0938617, 43.2959696], [132.0933608, 43.2959685]]}}, {"type": "Feature", "properties": {"name": "улица Боровиковского", "part": "mainland", "theme": "person", "descr": "Постановление администрации г. Владивостока от 13.03.2020 N 1033"}, "geometry": {"type": "LineString", "coordinates": [[132.0972803, 43.2931706], [132.0974113, 43.2931427], [132.0975856, 43.2930978], [132.0982736, 43.2928792], [132.0990501, 43.2926185], [132.0991075, 43.2925908], [132.0994541, 43.2924757], [132.099587, 43.2924069], [132.0998703, 43.2923279], [132.1008918, 43.2920548]]}}, {"type": "Feature", "properties": {"name": "Женьшеневая улица", "part": "mainland", "theme": "flower", "descr": "https://t.me/ochkuryvl/3626"}, "geometry": {"type": "MultiLineString", "coordinates": [[[132.1063887, 43.293836], [132.1063999, 43.2940346], [132.1064171, 43.2943284], [132.1064134, 43.294457], [132.1064121, 43.2945003], [132.1063853, 43.2946344], [132.1063181, 43.29491], [132.1062166, 43.2953308], [132.106171, 43.2956473], [132.1061675, 43.2957893], [132.1061822, 43.2959101], [132.1061947, 43.2959739], [132.1061999, 43.2960279], [132.1062184, 43.2961236], [132.1063417, 43.2964622], [132.1064207, 43.2967306], [132.1064721, 43.2968732], [132.1064981, 43.2969453], [132.1065209, 43.2970084], [132.1065693, 43.2971383], [132.1065705, 43.2971416], [132.1065753, 43.2971544], [132.10662, 43.2972399], [132.1066328, 43.2972643], [132.1067038, 43.2974101], [132.1067269, 43.2974574], [132.1068037, 43.2976151], [132.1069253, 43.2978307], [132.1069651, 43.2979198], [132.1069792, 43.2980066], [132.1069729, 43.2981373], [132.106947, 43.2982474]], [[132.1049006, 43.287685], [132.1050495, 43.288637], [132.105065, 43.2889233], [132.1050786, 43.2891387], [132.1050288, 43.2896066], [132.1050217, 43.2896702]], [[132.1067461, 43.2984967], [132.1067831, 43.2985541], [132.1067942, 43.2985924], [132.1067984, 43.2986705], [132.1067503, 43.2987437], [132.1067, 43.2987823], [132.1066118, 43.298828], [132.1065415, 43.298859]], [[132.1064522, 43.2988984], [132.1063969, 43.2989301], [132.106375, 43.2989636], [132.1063933, 43.2990082], [132.1064647, 43.299094], [132.1065106, 43.2991633], [132.1065352, 43.2992005], [132.1065576, 43.2992469], [132.1066642, 43.2994682], [132.1068322, 43.2997319], [132.1069327, 43.2998374]], [[132.1065415, 43.298859], [132.1064522, 43.2988984]]]}}, {"type": "Feature", "properties": {"name": "улица Бекетова", "part": "mainland", "theme": "person", "descr": "Постановление администрации г. Владивостока от 11.02.2022 N 285"}, "geometry": {"type": "LineString", "coordinates": [[132.1021707, 43.2883314], [132.1021688, 43.2880014], [132.102165, 43.2878204]]}}, {"type": "Feature", "properties": {"name": "Тирольская улица", "part": "mainland", "theme": "place", "descr": "Постановление администрации г. Владивостока от 13.03.2020 N 1033"}, "geometry": {"type": "MultiLineString", "coordinates": [[[132.1183147, 43.2818387], [132.1177544, 43.2809953], [132.1175099, 43.2806104], [132.1173109, 43.2803047], [132.1171066, 43.2799712], [132.1165816, 43.279102]], [[132.1197068, 43.2841124], [132.1197125, 43.2840689], [132.1196602, 43.283943], [132.1195328, 43.283738], [132.1194422, 43.2835906], [132.119282, 43.2833299], [132.1187202, 43.2825702]]]}}, {"type": "Feature", "properties": {"name": "Памирская улица", "part": "mainland", "theme": "place", "descr": "Постановление администрации города Владивостока от 15.12.2017 №3026"}, "geometry": {"type": "MultiLineString", "coordinates": [[[132.1162195, 43.2776238], [132.1172079, 43.2778091], [132.1178468, 43.2779308], [132.118729, 43.2780989], [132.1195359, 43.2782504], [132.1207993, 43.2784947]], [[132.1239732, 43.2791054], [132.1246471, 43.2792435], [132.1269435, 43.2797142], [132.1270127, 43.2797425], [132.1270253, 43.2797996]], [[132.1234532, 43.2790054], [132.1239732, 43.2791054]]]}}, {"type": "Feature", "properties": {"name": "Алданская улица", "part": "trudovoe", "theme": "place", "descr": "Постановление администрации города Владивостока от 15.12.2017 №3026"}, "geometry": {"type": "LineString", "coordinates": [[132.11937, 43.2765525], [132.1204939, 43.2767741], [132.1220082, 43.2770727]]}}, {"type": "Feature", "properties": {"name": "Ливадийская улица", "part": "mainland", "theme": "place", "descr": "Постановление администрации г. Владивостока от 07.06.2019 N 2240"}, "geometry": {"type": "LineString", "coordinates": [[132.1208878, 43.2760475], [132.1210003, 43.2760319], [132.1211395, 43.2760397], [132.1218088, 43.2761832], [132.1240314, 43.2766596], [132.1248161, 43.2767961], [132.1279026, 43.2773958], [132.1285696, 43.2775288], [132.1292831, 43.2776651]]}}, {"type": "Feature", "properties": {"name": "Майкопская улица", "part": "trudovoe", "theme": "person", "descr": "Постановление администрации г. Владивостока от 07.06.2019 N 2240"}, "geometry": {"type": "LineString", "coordinates": [[132.1300449, 43.2770059], [132.1290419, 43.2768086], [132.1285511, 43.276717], [132.1281594, 43.2766439], [132.1250916, 43.2760714], [132.1248317, 43.2760301], [132.1240696, 43.2759088], [132.123946, 43.2758707], [132.123908, 43.2757911], [132.1239009, 43.2756371]]}}, {"type": "Feature", "properties": {"name": "Саянская улица", "part": "trudovoe", "theme": "place", "descr": "Постановление администрации г. Владивостока от 13.03.2020 N 1033"}, "geometry": {"type": "LineString", "coordinates": [[132.1206831, 43.279268], [132.1237123, 43.2798789], [132.1248265, 43.2800823], [132.125198, 43.2801502], [132.1267856, 43.28044], [132.126857, 43.2804531], [132.1271189, 43.2805041], [132.1292559, 43.2809207]]}}, {"type": "Feature", "properties": {"name": "улица Профессора Шапкина", "part": "mainland", "theme": "person", "descr": "Постановление администрации г. Владивостока от 08.04.2016 N 1063"}, "geometry": {"type": "LineString", "coordinates": [[132.1950321, 43.2238138], [132.1946626, 43.2237372], [132.1946445, 43.2237041], [132.1946487, 43.2236533], [132.1946684, 43.2236197], [132.1947166, 43.2235831], [132.1950036, 43.2234285], [132.1954085, 43.2231452], [132.1959284, 43.2229187], [132.1963873, 43.2228026]]}}, {"type": "Feature", "properties": {"name": "улица Венюкова", "part": "mainland", "theme": "person", "descr": "Постановление администрации г. Владивостока от 07.06.2019 N 2240"}, "geometry": {"type": "MultiLineString", "coordinates": [[[132.2047959, 43.2261743], [132.2042264, 43.2269323], [132.2037164, 43.2275369], [132.2035405, 43.227755], [132.2034433, 43.2279401]], [[132.2025031, 43.2308746], [132.2025708, 43.2306128], [132.2026236, 43.2302067], [132.2027103, 43.2299397], [132.2027837, 43.229691], [132.2029629, 43.2291941], [132.2030689, 43.2289694], [132.20323, 43.2286265], [132.2034055, 43.2283079], [132.2035529, 43.2279885]]]}}, {"type": "Feature", "properties": {"name": "улица Лукина", "part": "mainland", "theme": "person", "descr": "Постановление администрации г. Владивостока от 08.04.2016 N 1063"}, "geometry": {"type": "LineString", "coordinates": [[132.1963873, 43.2228026], [132.196751, 43.2227399], [132.1971093, 43.2227331], [132.1974539, 43.2226797], [132.1979132, 43.222569], [132.1982412, 43.2224977], [132.1985486, 43.2224223], [132.1986997, 43.2223264], [132.1987552, 43.2222423], [132.1987865, 43.222168], [132.1988194, 43.2220416], [132.1987821, 43.2218785], [132.1987682, 43.2217002], [132.1989049, 43.2215362], [132.1991315, 43.2214096], [132.1993214, 43.2212595], [132.199426, 43.2211877], [132.1994416, 43.2211363], [132.1993972, 43.2210436], [132.1992932, 43.2209497], [132.1992336, 43.2208489], [132.199244, 43.2206207], [132.1993102, 43.2204758], [132.19936, 43.2203778], [132.1993686, 43.2203068], [132.1993398, 43.2202425], [132.1992584, 43.2201318], [132.1990186, 43.219998]]}}, {"type": "Feature", "properties": {"name": "улица Максимовича", "part": "mainland", "theme": "person"}, "geometry": {"type": "MultiLineString", "coordinates": [[[132.1987967, 43.2341167], [132.1988833, 43.2339429], [132.1989141, 43.2338491], [132.1989249, 43.2337592], [132.199047, 43.2335807], [132.1991958, 43.2333831], [132.1994125, 43.2331948], [132.1996564, 43.2330402], [132.2003359, 43.2322068], [132.201043, 43.2314735], [132.2014007, 43.2312007], [132.2015631, 43.2310167], [132.2016614, 43.2308719], [132.2017521, 43.2306878], [132.2017466, 43.2306413], [132.2017176, 43.2305863], [132.2016872, 43.2304579], [132.2016932, 43.2303187], [132.2017559, 43.2301166], [132.2018525, 43.229843], [132.2020198, 43.2293524], [132.202165, 43.2289762], [132.2023297, 43.228598], [132.202423, 43.2283131], [132.2025027, 43.2280167], [132.2025968, 43.2275882]], [[132.2016212, 43.2268261], [132.2018549, 43.2256963], [132.2018665, 43.2254425], [132.2015574, 43.2246933], [132.2014033, 43.2244163], [132.2011761, 43.2240119], [132.2009966, 43.2237911], [132.2007602, 43.2236118]]]}}, {"type": "Feature", "properties": {"name": "улица Маака", "part": "mainland", "theme": "person", "descr": "Постановление администрации г. Владивостока от 07.06.2019 N 2240"}, "geometry": {"type": "MultiLineString", "coordinates": [[[132.2043558, 43.2281315], [132.2049018, 43.2271943]], [[132.2031072, 43.2310532], [132.2031749, 43.2307914], [132.2036437, 43.2291032], [132.2037274, 43.2287769], [132.2038186, 43.2285717], [132.2039473, 43.2284603], [132.2040358, 43.2284261], [132.2040841, 43.2283968], [132.2041196, 43.2283636], [132.2041438, 43.2283162], [132.2041357, 43.2282522], [132.2041182, 43.2281402]]]}}, {"type": "Feature", "properties": {"name": "улица Надарова", "part": "mainland", "theme": "person", "descr": "Постановление администрации г. Владивостока от 07.06.2019 N 2240"}, "geometry": {"type": "LineString", "coordinates": [[132.2034914, 43.2264227], [132.2028884, 43.2272586], [132.2027664, 43.2274757], [132.2026665, 43.2276184]]}}, {"type": "Feature", "properties": {"name": "улица Маргаритова", "part": "mainland", "theme": "person", "descr": "Постановление администрации г. Владивостока от 13.03.2020 N 1033"}, "geometry": {"type": "MultiLineString", "coordinates": [[[132.2172685, 43.2291725], [132.2179479, 43.2290857], [132.2185883, 43.2290139], [132.2195782, 43.2289739], [132.2197931, 43.2289956], [132.2198923, 43.2290327], [132.219954, 43.2290927], [132.2199948, 43.2291785], [132.2199349, 43.2292946], [132.2197585, 43.2294648], [132.2195166, 43.229602], [132.2192321, 43.2298089], [132.2189131, 43.2300847], [132.2187658, 43.2302326], [132.2186612, 43.2304457], [132.218688, 43.2306821], [132.2187497, 43.2309225], [132.218857, 43.2311961], [132.2190126, 43.2313036], [132.2191816, 43.2313251], [132.219382, 43.2312807], [132.2198808, 43.2311732], [132.2206603, 43.2309237], [132.2209799, 43.230758], [132.2212469, 43.230604], [132.2214722, 43.2304672], [132.2218885, 43.2302678], [132.2224491, 43.2301152], [132.222794, 43.2301055], [132.2232106, 43.2301777], [132.2234316, 43.2301991], [132.2237654, 43.2302386], [132.2244735, 43.2304125], [132.2253862, 43.2307817], [132.2257706, 43.2309426], [132.2261098, 43.2310571], [132.2265741, 43.2312824], [132.227039, 43.2314729], [132.2275956, 43.2317766]], [[132.2055474, 43.2281093], [132.2058709, 43.2280628], [132.206115, 43.2280257], [132.2063242, 43.2280466], [132.206487, 43.228068], [132.2066489, 43.2281074], [132.2068044, 43.2281649], [132.2069868, 43.2282536], [132.2071353, 43.2283325], [132.2072664, 43.2283832], [132.20759, 43.2285196], [132.2079596, 43.228683], [132.2084082, 43.2290157], [132.2085573, 43.2290805], [132.2086949, 43.2291327], [132.2087323, 43.2291462], [132.2091214, 43.2292865], [132.2097598, 43.2294897], [132.2103426, 43.2296596], [132.2107717, 43.229753], [132.2110557, 43.2297794], [132.2112956, 43.2297965], [132.2119399, 43.2297823], [132.2124301, 43.2297321], [132.2128772, 43.2296757], [132.2135082, 43.2296065], [132.2137758, 43.229589], [132.2140455, 43.2296037], [132.2142506, 43.2296389], [132.2144395, 43.229659], [132.2145915, 43.2296569], [132.2146775, 43.2296402], [132.2149591, 43.2296135], [132.2153847, 43.2295321], [132.2161097, 43.2294399], [132.2163992, 43.2293905], [132.216897, 43.2292436], [132.2172685, 43.2291725]]]}}, {"type": "Feature", "properties": {"name": "Аквамариновая улица", "part": "mainland", "theme": "stone", "descr": "Постановление администрации г. Владивостока от 08.04.2016 N 1063"}, "geometry": {"type": "LineString", "coordinates": [[132.1678921, 43.2147443], [132.1674122, 43.2148221], [132.1670699, 43.2149097], [132.1669016, 43.2149503], [132.1667478, 43.2149494], [132.1666232, 43.2149265], [132.1664182, 43.2149042], [132.1656578, 43.2148707], [132.1654569, 43.2148444], [132.1650934, 43.2147551], [132.1638597, 43.2143837], [132.1636693, 43.2142609], [132.163558, 43.2141464], [132.1635273, 43.2139887], [132.1636032, 43.2138236], [132.1646771, 43.2123969], [132.1647152, 43.2123662], [132.1648688, 43.2122425]]}}, {"type": "Feature", "properties": {"name": "Аметистовая улица", "part": "mainland", "theme": "stone", "descr": "Постановление администрации г. Владивостока от 08.04.2016 N 1063"}, "geometry": {"type": "MultiLineString", "coordinates": [[[132.1754611, 43.2171714], [132.175479, 43.2172376], [132.1755108, 43.2172987], [132.1755946, 43.2173873], [132.1757189, 43.217451], [132.1770885, 43.2177751], [132.1771996, 43.2178375], [132.177273, 43.2179281], [132.1772866, 43.2180262], [132.1772542, 43.2181286], [132.177181, 43.2182078], [132.1770404, 43.2182727], [132.1766877, 43.2183669], [132.1765453, 43.218425], [132.1764137, 43.2185194], [132.1763135, 43.2186446], [132.1762422, 43.2187781], [132.1761123, 43.2192061], [132.1761119, 43.2193067], [132.1761419, 43.2193781], [132.1761905, 43.2194088], [132.1762578, 43.2194103], [132.1763286, 43.2193728], [132.1766186, 43.2189853], [132.1766998, 43.2189214], [132.17681, 43.218873], [132.1769487, 43.2188507], [132.1778806, 43.219048], [132.1779511, 43.2190629], [132.1791156, 43.2193084]], [[132.1791156, 43.2193084], [132.1792553, 43.2193765], [132.1793303, 43.2194785], [132.1793312, 43.2195733], [132.1791253, 43.2203463]]]}}, {"type": "Feature", "properties": {"name": "Бийская улица", "part": "mainland", "theme": "place"}, "geometry": {"type": "MultiLineString", "coordinates": [[[132.048367, 43.2517081], [132.048306, 43.2516588], [132.0479475, 43.2515131], [132.0476584, 43.2513988], [132.047536, 43.2513467], [132.0474381, 43.2512975], [132.0473796, 43.2512041], [132.047348, 43.2511086], [132.0472941, 43.2510144], [132.0470608, 43.2509567]], [[132.0546864, 43.2575915], [132.0548797, 43.2572503], [132.0549603, 43.2570446], [132.0551096, 43.2568007], [132.0552262, 43.2566561], [132.0553864, 43.2563968], [132.055537, 43.2561702], [132.0555635, 43.2560966], [132.0558082, 43.2559731], [132.0559553, 43.2559573], [132.056069, 43.2559498], [132.0561639, 43.2559629], [132.0563725, 43.2560006], [132.056476, 43.2560353], [132.0565723, 43.2560783], [132.0566673, 43.2561527], [132.0567636, 43.2563086]]]}}, {"type": "Feature", "properties": {"name": "улица Плеханова", "part": "mainland", "theme": "person", "descr": "Впервые упоминается в списке 1924 г."}, "geometry": {"type": "MultiLineString", "coordinates": [[[132.0390956, 43.252691], [132.039147, 43.2526807], [132.0392614, 43.2526608], [132.0393542, 43.2526556], [132.0394905, 43.2526663], [132.0395613, 43.2526711], [132.0396215, 43.2526738], [132.0396919, 43.2526685]], [[132.0441571, 43.2524947], [132.0443478, 43.2524499], [132.0449236, 43.252374], [132.0451816, 43.2523679]], [[132.0396919, 43.2526685], [132.0397372, 43.252656], [132.039779, 43.2526509], [132.0400011, 43.2526539], [132.0401917, 43.2526628], [132.0405129, 43.2526897], [132.0407169, 43.2527051], [132.0408703, 43.2527289], [132.0409474, 43.2527505], [132.0409937, 43.2527761], [132.0410113, 43.2527933], [132.0410233, 43.2528172], [132.0410301, 43.2528547], [132.0410666, 43.2530627], [132.0412752, 43.2534047], [132.0412918, 43.2534956], [132.041306, 43.2535729], [132.0414422, 43.253676], [132.0416946, 43.2538862], [132.0417812, 43.2539599]], [[132.0451816, 43.2523679], [132.0453757, 43.2524367], [132.0454421, 43.2524445], [132.0455292, 43.252459], [132.0456789, 43.2524904], [132.0457343, 43.2524961], [132.0462716, 43.2525508], [132.0464715, 43.2526292], [132.046629, 43.252696], [132.046788, 43.2527685], [132.0471063, 43.2528924], [132.04722, 43.2529158], [132.0475756, 43.2529922], [132.0482049, 43.253079], [132.0484792, 43.2531088], [132.0487023, 43.2531131], [132.04891, 43.2531576], [132.0490112, 43.2531945]], [[132.0417812, 43.2539599], [132.0420219, 43.2540419], [132.0422124, 43.2540721], [132.0424844, 43.2540229], [132.0426089, 43.2540253], [132.0428152, 43.2540003], [132.0430405, 43.2539602], [132.0432644, 43.25391], [132.0433605, 43.2538612], [132.0434696, 43.2538136], [132.0435337, 43.2537649], [132.0435701, 43.2537182], [132.0437334, 43.2533425]]]}}, {"type": "Feature", "properties": {"name": "улица Вавилова", "part": "mainland", "theme": "person", "descr": "16.09.1965"}, "geometry": {"type": "MultiLineString", "coordinates": [[[132.0644271, 43.2465814], [132.0644369, 43.2463431], [132.0645024, 43.2461093], [132.0645217, 43.2460377], [132.0645776, 43.2459292], [132.0649654, 43.2452113], [132.0649739, 43.2451509], [132.0649834, 43.2448988], [132.0649516, 43.2446287], [132.0651747, 43.2442316], [132.0652568, 43.2440963], [132.0654263, 43.2441127], [132.0655359, 43.244134], [132.065753, 43.2442184], [132.0657921, 43.2442551], [132.0658357, 43.2443217], [132.0659793, 43.2443422], [132.0668805, 43.2442392], [132.067162, 43.2441679], [132.0674147, 43.2441431], [132.0675792, 43.2441616], [132.0677271, 43.2441967], [132.0679169, 43.2442878], [132.0679729, 43.2443426], [132.0680162, 43.2444085]], [[132.0676109, 43.2496553], [132.0676165, 43.2496036], [132.0676212, 43.2495604], [132.0678452, 43.2490774], [132.0678978, 43.248964], [132.0678852, 43.2488545], [132.0678494, 43.2487508], [132.0675668, 43.248296], [132.0671125, 43.2476434], [132.0669803, 43.2475443], [132.0668514, 43.2474723], [132.0666977, 43.2474122], [132.066451, 43.2473323], [132.0659455, 43.2471432], [132.06518, 43.2468418], [132.0644271, 43.2465814], [132.0638694, 43.2464112], [132.0635471, 43.2463049], [132.063455, 43.2462696], [132.0633681, 43.2462354], [132.063284, 43.2461958], [132.0632002, 43.2461514], [132.063133, 43.2461104], [132.0630282, 43.2460612], [132.0625379, 43.2459073], [132.0620627, 43.2457391], [132.0612509, 43.2454274]], [[132.0583795, 43.2494708], [132.0587379, 43.249138], [132.0591687, 43.2486585], [132.0595412, 43.2483338], [132.059976, 43.247954], [132.060244, 43.2477442], [132.0603056, 43.2477198], [132.0603801, 43.2476971], [132.0606518, 43.2475551], [132.0608715, 43.2474212], [132.0610384, 43.2473342], [132.0613954, 43.247148], [132.0622957, 43.2466378], [132.0627845, 43.2464096], [132.0629061, 43.2463628], [132.0630451, 43.2463049], [132.063284, 43.2461958]], [[132.0612509, 43.2454274], [132.0611449, 43.2455325], [132.0611039, 43.2455758], [132.0607614, 43.246103], [132.0606861, 43.2462778], [132.0606354, 43.2463746], [132.0605753, 43.2464525], [132.0605127, 43.2465334], [132.0604407, 43.2465947], [132.0600976, 43.2467249]]]}}, {"type": "Feature", "properties": {"name": "улица Урицкого", "part": "mainland", "theme": "person"}, "geometry": {"type": "LineString", "coordinates": [[132.0410869, 43.250514], [132.041454, 43.2502944], [132.0415957, 43.2502025], [132.0423125, 43.2496437], [132.0423547, 43.2496086], [132.0425807, 43.2494056]]}}, {"type": "Feature", "properties": {"name": "улица Саврасова", "part": "mainland", "theme": "person", "descr": "Постановление администрации г. Владивостока от 01.04.2025 N 880"}, "geometry": {"type": "LineString", "coordinates": [[132.0223519, 43.2138899], [132.022434, 43.2128015], [132.022429, 43.2126895], [132.0224061, 43.2126076], [132.0223229, 43.2125382], [132.0222489, 43.2125057], [132.0216909, 43.2123803], [132.0215469, 43.212355], [132.0209555, 43.2122569], [132.0204508, 43.2121889], [132.0199209, 43.2121222], [132.0197723, 43.2121035], [132.0195843, 43.2121003], [132.0189231, 43.2120957], [132.0186708, 43.212078], [132.0184377, 43.2120397], [132.0182043, 43.2120124], [132.0176551, 43.2120148], [132.017004, 43.211985], [132.0169007, 43.2119957], [132.0167546, 43.2120407], [132.0166272, 43.2120749], [132.0161414, 43.2120766], [132.0158419, 43.2120581], [132.0157313, 43.2120466], [132.0156563, 43.2120221], [132.0156038, 43.2119941], [132.0154574, 43.2118039], [132.015325, 43.2116732], [132.0152772, 43.2116439], [132.0152096, 43.2116234], [132.0151148, 43.2116148], [132.0146889, 43.2116014], [132.0146611, 43.2115842], [132.0146517, 43.211554], [132.0146767, 43.211084], [132.0146665, 43.2110505], [132.0146443, 43.2110307], [132.0122096, 43.2110485], [132.0120733, 43.2110442]]}}, {"type": "Feature", "properties": {"name": "улица Курчатова (ст. Спутник)", "part": "mainland", "theme": "person"}, "geometry": {"type": "MultiLineString", "coordinates": [[[132.0344184, 43.2483241], [132.0344393, 43.2483751], [132.0346007, 43.2488539]], [[132.0346472, 43.2490151], [132.0348777, 43.2496649], [132.0349385, 43.2498435], [132.0350311, 43.2499619], [132.0351422, 43.2501077], [132.0352635, 43.2502053], [132.0355061, 43.2503817], [132.035893, 43.25072], [132.0356467, 43.2511522], [132.0356199, 43.2511942], [132.0355949, 43.2512305]]]}}, {"type": "Feature", "properties": {"name": "улица Есенина", "part": "mainland", "theme": "person", "descr": "Изначально Аксаковская ул. Упомянута в справочнике 1924 г. Переименована в ул. Есенина 15.07.1960."}, "geometry": {"type": "MultiLineString", "coordinates": [[[132.0140299, 43.2541919], [132.0148425, 43.2542903], [132.0151396, 43.2543327], [132.0153623, 43.2543692], [132.0158642, 43.2544341], [132.0161995, 43.2544878], [132.0171206, 43.2546277], [132.0174324, 43.254687], [132.0175778, 43.2547397], [132.017593, 43.2547452], [132.0176545, 43.2547756], [132.0177165, 43.2548207]], [[132.0095772, 43.2536722], [132.0096329, 43.253657], [132.0097562, 43.2536465], [132.0108437, 43.2537967], [132.0109903, 43.2538128], [132.011237, 43.253845], [132.0116977, 43.2538849], [132.0123106, 43.2539672], [132.0124688, 43.2539884], [132.0125978, 43.2540063], [132.0131445, 43.2540743], [132.0140299, 43.2541919]]]}}, {"type": "Feature", "properties": {"name": "улица Свердлова", "part": "mainland", "theme": "person", "descr": "Отмечена без названия на плане 1915 г. Как ул. Свердлова впервые упоминается в справочнике 1924 г."}, "geometry": {"type": "MultiLineString", "coordinates": [[[132.041152, 43.2616339], [132.0411412, 43.2616827], [132.0411278, 43.2617208], [132.0409351, 43.2621646], [132.0407616, 43.262464], [132.0406087, 43.2627541], [132.0404625, 43.2630731], [132.0402342, 43.2636082], [132.0401251, 43.2638956], [132.0400269, 43.2643213], [132.03999, 43.264492], [132.0399882, 43.2647288], [132.040009, 43.2651191], [132.0400746, 43.2658764], [132.0400825, 43.2659029], [132.0401295, 43.2660601], [132.0402425, 43.2664105], [132.0404266, 43.2666812], [132.0407911, 43.2670762], [132.0413216, 43.267496], [132.0413951, 43.2676017], [132.0414304, 43.2676995], [132.0414908, 43.2679299], [132.041516, 43.2681186], [132.0415273, 43.268245], [132.0415134, 43.2683334], [132.0414553, 43.2684787]], [[132.0342252, 43.2706414], [132.0343813, 43.2705881], [132.03446, 43.2705541], [132.0345306, 43.2705141], [132.0349857, 43.2700242], [132.0352021, 43.2697892], [132.035324, 43.2696894], [132.0354874, 43.269628], [132.0359836, 43.2694921], [132.0360792, 43.269464], [132.0365188, 43.2692818], [132.0366296, 43.2692442], [132.0367274, 43.2692286], [132.0369555, 43.2692139], [132.0370936, 43.2692242], [132.0372632, 43.2692587], [132.0374475, 43.2693356], [132.0380672, 43.2696142], [132.038594, 43.2698224], [132.0389078, 43.2699339], [132.0394165, 43.2701114], [132.039777, 43.2702368], [132.0401125, 43.2703746]], [[132.0380672, 43.2696142], [132.0377532, 43.2699843], [132.0375397, 43.2701969], [132.0373855, 43.270359], [132.0371824, 43.2705716], [132.037108, 43.2706345], [132.0369964, 43.2706916], [132.0368457, 43.2707696], [132.0367787, 43.2708181], [132.0366414, 43.2709948], [132.0365459, 43.2711327], [132.0363709, 43.2714117], [132.0362799, 43.2715166], [132.0361567, 43.2716561], [132.0360605, 43.271809], [132.0359951, 43.2719134], [132.0357822, 43.2722531], [132.0357435, 43.2723261], [132.0356713, 43.2724578], [132.035622, 43.2725531], [132.0355604, 43.2727364], [132.0355062, 43.2729108], [132.035481, 43.2730508], [132.0354738, 43.2731657], [132.0354817, 43.2733409], [132.0355049, 43.273363], [132.0356127, 43.2733584]], [[132.0446276, 43.2722084], [132.0445808, 43.2721211], [132.0444949, 43.2720573], [132.0443326, 43.2719792], [132.0432872, 43.2716095], [132.0430588, 43.2715392], [132.0428496, 43.2714752], [132.0421319, 43.2712042], [132.0419337, 43.2711268], [132.0412273, 43.2708443], [132.0401604, 43.2703947], [132.0401125, 43.2703746]], [[132.0429823, 43.2742794], [132.0428823, 43.2742357], [132.0425562, 43.2741066], [132.0424529, 43.2740656], [132.0422928, 43.2739949], [132.0422805, 43.2739785], [132.0422401, 43.2739245], [132.0422238, 43.273823], [132.0422375, 43.273739], [132.0423268, 43.2734423], [132.042526, 43.2730871], [132.0426824, 43.2728363], [132.0425856, 43.27258], [132.0425672, 43.2725224], [132.0425545, 43.2724649], [132.0425605, 43.2724108], [132.0425822, 43.2723622], [132.042959, 43.2718363], [132.0430065, 43.2717551], [132.0430365, 43.2716974], [132.0430588, 43.2715392]], [[132.0401125, 43.2703746], [132.0399622, 43.2705983], [132.0393718, 43.2714236], [132.0387733, 43.2722015], [132.0385331, 43.2725377]], [[132.0414553, 43.2684787], [132.0411847, 43.268894], [132.0411222, 43.2689844], [132.0406493, 43.2696258], [132.0402985, 43.2701056], [132.0401823, 43.2702747], [132.0401125, 43.2703746]]]}}, {"type": "Feature", "properties": {"name": "улица Пугачёва", "part": "mainland", "theme": "person", "descr": "Изначально ул. Крайняя. Отмечена без названия на плане 1915 г. Как Пугачёвская впервые упомянута в справочнике 1924 г."}, "geometry": {"type": "MultiLineString", "coordinates": [[[132.0448373, 43.2703732], [132.04476, 43.270458], [132.0446645, 43.2705552], [132.0446367, 43.2705825], [132.0444506, 43.2708357], [132.0443247, 43.2709938], [132.044023, 43.2713544], [132.0439632, 43.2714278], [132.0438663, 43.2715098], [132.043747, 43.2715681], [132.0435997, 43.271601], [132.0434657, 43.2716156], [132.0432872, 43.2716095]], [[132.0448904, 43.2703148], [132.0448373, 43.2703732]], [[132.045524, 43.2695713], [132.0454172, 43.2696571], [132.0453452, 43.2697326], [132.0452622, 43.2698231], [132.0451662, 43.2699701], [132.0450845, 43.2700941], [132.0450326, 43.2701559], [132.0448904, 43.2703148]]]}}, {"type": "Feature", "properties": {"name": "улица Академика Курчатова (ст. Спутник)", "part": "mainland", "theme": "person"}, "geometry": {"type": "LineString", "coordinates": [[132.0322624, 43.2463792], [132.0323433, 43.24643], [132.0324383, 43.2464718], [132.0330492, 43.2466768], [132.0331474, 43.2467134], [132.0332891, 43.2467911], [132.0334065, 43.2468703], [132.0342386, 43.2476625], [132.0343135, 43.2477571], [132.0343874, 43.2478839], [132.0344378, 43.248108], [132.034442, 43.2482474], [132.0344184, 43.2483241]]}}, {"type": "Feature", "properties": {"name": "Авроровская улица", "part": "mainland", "theme": "ship", "descr": "до этого с 1907 года Аскольдская"}, "geometry": {"type": "MultiLineString", "coordinates": [[[131.8818844, 43.1239202], [131.8818991, 43.1240528], [131.8819095, 43.1242633], [131.8819163, 43.1244358], [131.8819369, 43.1250889], [131.8819455, 43.1252294], [131.8819954, 43.125324], [131.8820774, 43.1254054], [131.8825963, 43.1257664], [131.8827539, 43.1258687], [131.8833355, 43.1262576], [131.8833581, 43.1262715], [131.8837661, 43.1265236], [131.8848216, 43.1270052], [131.8849742, 43.1270755], [131.8855181, 43.127302], [131.8861443, 43.1275575], [131.8867715, 43.1278274], [131.8870798, 43.1279646], [131.8874156, 43.1281212], [131.8875448, 43.1281799], [131.8878245, 43.1283083], [131.887927, 43.1283418], [131.8880088, 43.1283644], [131.8880829, 43.1283748]], [[131.8886473, 43.1264391], [131.8887446, 43.1267356], [131.8887244, 43.1269322], [131.8886931, 43.1270321], [131.888663, 43.1270541], [131.8886161, 43.127083], [131.8885182, 43.1271095], [131.888262, 43.1271544], [131.8878422, 43.1272347], [131.887776, 43.1272658], [131.8876866, 43.1273113], [131.8875606, 43.1273933], [131.8872944, 43.1276158], [131.8870966, 43.1276703], [131.8868924, 43.1276869], [131.8866239, 43.127578]]]}}, {"type": "Feature", "properties": {"name": "улица Башидзе", "part": "mainland", "theme": "person", "descr": "Изначально — Старообрядческий пер. Переименован в честь Н. Ф. Башидзе 06.11.1932."}, "geometry": {"type": "MultiLineString", "coordinates": [[[131.8934568, 43.1258942], [131.8937826, 43.1260015], [131.8938958, 43.1260423], [131.8939724, 43.1260677], [131.8940709, 43.1261012], [131.8942998, 43.1261744], [131.894362, 43.1261791], [131.8944222, 43.1261744], [131.8944915, 43.1261531], [131.8945304, 43.1261478], [131.8945684, 43.1261502], [131.8946693, 43.1261884], [131.8955311, 43.1264932], [131.8955462, 43.1265055], [131.8955556, 43.1265273], [131.8955576, 43.1265378], [131.8955577, 43.1265544], [131.8955027, 43.1266328], [131.8955013, 43.1266602], [131.8955064, 43.1266844], [131.8955241, 43.1267047], [131.8955497, 43.1267198], [131.8965306, 43.1271073], [131.8965815, 43.127141], [131.8966086, 43.1271743], [131.8966322, 43.1272201], [131.8966581, 43.1272747], [131.897635, 43.1276223], [131.8976427, 43.1276348], [131.8976404, 43.1276438], [131.8975264, 43.1277993], [131.8975234, 43.1278132], [131.8975268, 43.1278255], [131.898819, 43.1283174]], [[131.898819, 43.1283174], [131.8988511, 43.1283327], [131.8989225, 43.1283909], [131.8989327, 43.1284543], [131.8989409, 43.1285244]]]}}, {"type": "Feature", "properties": {"name": "улица Михайловского", "part": "mainland", "theme": "person"}, "geometry": {"type": "MultiLineString", "coordinates": [[[131.9002859, 43.1200391], [131.9003145, 43.1200023], [131.9003202, 43.1199628], [131.9003203, 43.1199352], [131.9003267, 43.1198753], [131.9004099, 43.1197308], [131.9004542, 43.1196774]], [[131.9008074, 43.1193691], [131.9008443, 43.1193531], [131.9008772, 43.1193285], [131.9008905, 43.1193144], [131.9009114, 43.1192853], [131.9010511, 43.1191041], [131.9010656, 43.1190749], [131.9010736, 43.1190241], [131.9010576, 43.119007], [131.9010159, 43.1189556], [131.9009289, 43.1188434], [131.9009158, 43.1188281], [131.9009013, 43.1188041], [131.9008949, 43.1187858], [131.9009019, 43.1187632], [131.9008403, 43.1187174], [131.9007162, 43.1186269]], [[131.9004542, 43.1196774], [131.9004601, 43.1196707], [131.9005332, 43.119608], [131.9006332, 43.1195047], [131.9006662, 43.1194781]], [[131.9006662, 43.1194781], [131.9007688, 43.1193882], [131.9008074, 43.1193691]]]}}, {"type": "Feature", "properties": {"name": "Маньчжурская улица", "part": "mainland", "theme": "ship", "descr": "Образована 19.01.1990"}, "geometry": {"type": "MultiLineString", "coordinates": [[[131.9175554, 43.1157431], [131.9174651, 43.1157021], [131.9174382, 43.1156898], [131.9173374, 43.1156598], [131.917202, 43.1156376], [131.9167151, 43.1156488], [131.9166455, 43.1156521], [131.9165433, 43.1156529]], [[131.9134161, 43.1144513], [131.9136697, 43.1144294], [131.9140031, 43.1143615], [131.9141642, 43.1143264], [131.9145179, 43.1142722], [131.9146592, 43.1142579], [131.9150037, 43.1142364], [131.9152068, 43.1142587], [131.9153425, 43.1143057], [131.9154803, 43.1143681], [131.9158778, 43.1145952], [131.9160672, 43.1146937], [131.9161601, 43.1147634], [131.9163659, 43.1150001], [131.916456, 43.1150494], [131.9165502, 43.1150894], [131.9166746, 43.1151112], [131.9166751, 43.1151991], [131.9166831, 43.1152356], [131.9166682, 43.1152861], [131.916582, 43.1153863], [131.9165698, 43.1153959], [131.9165063, 43.1154452], [131.9164956, 43.1154912], [131.9165065, 43.1155553], [131.9165433, 43.1156529], [131.9165492, 43.1157514], [131.9164791, 43.1158271], [131.9164413, 43.1158621], [131.9163992, 43.1159059], [131.9163699, 43.115911], [131.9162604, 43.1158862], [131.9159293, 43.1157748], [131.9158295, 43.1157552], [131.9157258, 43.1157437], [131.9155919, 43.1157436], [131.9155281, 43.1157549], [131.9154627, 43.1157643]], [[131.9153805, 43.114776], [131.9154536, 43.1147975], [131.9157062, 43.1150312], [131.9159769, 43.1152841], [131.916164, 43.115441], [131.9162421, 43.1155002], [131.9163737, 43.1155891], [131.9165433, 43.1156529]]]}}, {"type": "Feature", "properties": {"name": "улица Островского", "part": "mainland", "theme": "person", "descr": "Впервые упомянута в отчёте от 20.08.1923."}, "geometry": {"type": "LineString", "coordinates": [[131.913468, 43.1196674], [131.9135211, 43.1196758], [131.913548, 43.1196875], [131.9135781, 43.1197006], [131.9136229, 43.1197465], [131.9138082, 43.1199671], [131.9138937, 43.1200183], [131.9139701, 43.1200814], [131.9145704, 43.1204748], [131.914875, 43.120696], [131.9149742, 43.1207656], [131.9150399, 43.1207939], [131.9150814, 43.1207988], [131.9151117, 43.1207975], [131.9152055, 43.1208368], [131.915252, 43.1208656], [131.9157187, 43.1212301]]}}, {"type": "Feature", "properties": {"name": "улица Огарёва", "part": "mainland", "theme": "person", "descr": "Образована 3 (18) декабря 1907 г. как Огарёвская"}, "geometry": {"type": "LineString", "coordinates": [[131.9009019, 43.1187632], [131.9009824, 43.1187779], [131.9011286, 43.1188361], [131.9013405, 43.1189947], [131.9014394, 43.1191312], [131.9014623, 43.1191598], [131.9014889, 43.1192018], [131.9015077, 43.1192397], [131.9015392, 43.1192866], [131.9016101, 43.1193273], [131.901766, 43.1194157], [131.9018327, 43.1194626], [131.9018665, 43.1195125], [131.9018699, 43.1195733], [131.9018551, 43.119624], [131.9018149, 43.1197106], [131.9017093, 43.1198346], [131.9016623, 43.1199002], [131.9016474, 43.1199533], [131.9016644, 43.1199891]]}}, {"type": "Feature", "properties": {"name": "улица Ковальчука", "part": "mainland", "theme": "person", "descr": "Изначально Вороновская. Упомянута в списке 1883 г. Переименована 06.11.1932"}, "geometry": {"type": "LineString", "coordinates": [[131.926204, 43.1149904], [131.9262408, 43.1148626], [131.9262609, 43.1147071], [131.9262644, 43.1144264], [131.9262668, 43.1143829], [131.9262695, 43.1142991], [131.9262768, 43.1140995], [131.9262803, 43.1140633], [131.926301, 43.1137715], [131.9263434, 43.1134905], [131.9263653, 43.1133521], [131.9264074, 43.1130347], [131.9264511, 43.1126996], [131.9264633, 43.1125953], [131.926489, 43.1123757], [131.9264988, 43.1122919]]}}, {"type": "Feature", "properties": {"name": "Тюменская улица", "part": "mainland", "theme": "place", "descr": "Упомянута в отчёте от 20.08.1923."}, "geometry": {"type": "MultiLineString", "coordinates": [[[131.9214428, 43.1177771], [131.9215657, 43.1177231], [131.9216837, 43.1176619], [131.9217551, 43.1176309], [131.9218884, 43.1175797], [131.9219164, 43.1175722], [131.9220498, 43.1175366], [131.9220961, 43.1175273], [131.9221459, 43.1175212], [131.9223659, 43.1175085], [131.922394, 43.1175075], [131.9225939, 43.117509], [131.9226474, 43.1175117], [131.9227463, 43.1175309], [131.9235848, 43.1176611], [131.9236735, 43.1176741], [131.9237776, 43.117698]], [[131.9300592, 43.1172199], [131.9300156, 43.1172091], [131.9299653, 43.1171967], [131.9297707, 43.1171487], [131.9294429, 43.1170678], [131.9292159, 43.1170117], [131.9289167, 43.1169822], [131.9286326, 43.1169735], [131.9285206, 43.1169848], [131.9284057, 43.1170101], [131.9283278, 43.1170242], [131.9282277, 43.117064], [131.9280944, 43.1171159], [131.9279754, 43.117155], [131.927846, 43.1171993], [131.9277539, 43.1172245], [131.9275317, 43.1172918]]]}}, {"type": "Feature", "properties": {"name": "Байкальская улица", "part": "mainland", "theme": "person"}, "geometry": {"type": "LineString", "coordinates": [[131.8960553, 43.1279534], [131.896202, 43.1279432], [131.8962322, 43.1279302], [131.8962545, 43.1279128], [131.8962724, 43.1278954], [131.8962818, 43.1278729], [131.8962899, 43.1276316], [131.8962771, 43.1275445], [131.8962705, 43.127477], [131.8962621, 43.1274252], [131.8963254, 43.1274266], [131.8963972, 43.127407], [131.8965069, 43.127376], [131.8965588, 43.1273591], [131.896605, 43.1273297], [131.8966581, 43.1272747]]}}, {"type": "Feature", "properties": {"name": "улица Крылова", "part": "mainland", "theme": "person", "descr": "Крыловская ул. образована 3 (18) декабря 1907 г."}, "geometry": {"type": "MultiLineString", "coordinates": [[[131.9037376, 43.1228562], [131.9039247, 43.1228037], [131.9040803, 43.1227508], [131.9042606, 43.1226948], [131.9043554, 43.1226603], [131.904468, 43.1226148]], [[131.9066897, 43.1217038], [131.9065991, 43.1217563], [131.9065809, 43.1217669], [131.9063358, 43.1219234], [131.9061983, 43.1219905], [131.9053215, 43.1222916], [131.9049169, 43.1224478]], [[131.9031976, 43.1230838], [131.9034103, 43.1229746], [131.9037376, 43.1228562]], [[131.904468, 43.1226148], [131.9045735, 43.1225757], [131.9048505, 43.1224718], [131.9049169, 43.1224478]]]}}, {"type": "Feature", "properties": {"name": "улица Тургенева", "part": "mainland", "theme": "person", "descr": "Образована 3 (18) декабря 1907 года."}, "geometry": {"type": "MultiLineString", "coordinates": [[[131.9095649, 43.1192252], [131.9095883, 43.1192285], [131.9095997, 43.1192341], [131.9096103, 43.1192466], [131.9096704, 43.1192759], [131.909782, 43.1193263], [131.9099075, 43.1193829], [131.9100482, 43.1194463], [131.9101493, 43.1194969], [131.9105193, 43.1196865], [131.9105413, 43.1197332], [131.9105624, 43.1198027]], [[131.9095649, 43.1192252], [131.9095958, 43.1190547], [131.9096199, 43.1189532], [131.9096567, 43.1188126], [131.9096688, 43.1187881], [131.9097023, 43.1187519], [131.9097363, 43.1186883], [131.9097828, 43.118563]]]}}, {"type": "Feature", "properties": {"name": "улица Фонвизина", "part": "mainland", "theme": "person", "descr": "Фонвизинская ул. образована 3 (18) декабря 1907 года."}, "geometry": {"type": "MultiLineString", "coordinates": [[[131.9081539, 43.119607], [131.9081932, 43.1196147], [131.9082065, 43.1196174]], [[131.9082065, 43.1196174], [131.9083773, 43.1195829], [131.908569, 43.1195067], [131.908732, 43.1194573], [131.9090209, 43.1193737], [131.9095284, 43.1192281], [131.9095649, 43.1192252]], [[131.9078771, 43.1195166], [131.9078791, 43.1195746], [131.9078737, 43.1196143], [131.9078603, 43.1196672], [131.9078382, 43.1197036], [131.9077956, 43.1197334], [131.9076845, 43.1198002], [131.9075464, 43.1198787], [131.9074198, 43.1199658], [131.9073819, 43.1200187], [131.9073326, 43.120072], [131.9072829, 43.1201141], [131.9071056, 43.1202572], [131.9067623, 43.1206014], [131.9067183, 43.1206412], [131.906704, 43.1206515], [131.9065212, 43.1207652], [131.9063871, 43.1208409]], [[131.9061214, 43.1211899], [131.906143, 43.1210724], [131.9062131, 43.1209574], [131.9062644, 43.1209189], [131.9063646, 43.1208543], [131.9063871, 43.1208409]]]}}, {"type": "Feature", "properties": {"name": "Жариковская улица", "part": "mainland", "theme": "person", "descr": "Изначально Детская. Переименована 19.01.1990"}, "geometry": {"type": "MultiLineString", "coordinates": [[[131.9172633, 43.1173441], [131.9173327, 43.117314], [131.917376, 43.117273], [131.9174523, 43.1168801], [131.9174528, 43.1167936], [131.9174279, 43.1166939], [131.9173193, 43.1165434], [131.9172583, 43.1165252], [131.9171476, 43.1165342], [131.9169228, 43.1165538], [131.9165366, 43.1165508], [131.9163297, 43.1165233], [131.9162436, 43.116506], [131.9161932, 43.1164671], [131.916015, 43.1163137], [131.915928, 43.1162005], [131.9157951, 43.11599], [131.9157817, 43.1159597], [131.9157187, 43.1159042], [131.9154627, 43.1157643]], [[131.9155919, 43.1157436], [131.915784, 43.1158487], [131.9159363, 43.1159469], [131.9160553, 43.1160308], [131.9161188, 43.1160925], [131.9162411, 43.1161392], [131.9163422, 43.116168], [131.9164658, 43.1161707], [131.9172949, 43.1161737]], [[131.9154627, 43.1157643], [131.9153477, 43.115664], [131.9149948, 43.1153561]]]}}, {"type": "Feature", "properties": {"name": "улица Махалина", "part": "mainland", "theme": "person", "descr": "с конца XIX века до 12.02.1941 – Манджурская"}, "geometry": {"type": "MultiLineString", "coordinates": [[[131.9202337, 43.1144145], [131.920234, 43.1146954], [131.920234, 43.1147315], [131.9202346, 43.115245], [131.9202347, 43.1154106], [131.9202348, 43.1154747], [131.9202348, 43.1155629], [131.9202352, 43.115654], [131.9202357, 43.1157899], [131.9202326, 43.1158775], [131.9202014, 43.1159644], [131.9201277, 43.1160827], [131.9199372, 43.1163446], [131.9199305, 43.1163538], [131.9198259, 43.1164977], [131.9197005, 43.1166408], [131.9196347, 43.1167175], [131.9195999, 43.1167576]], [[131.9202316, 43.1122745], [131.9202317, 43.1123999], [131.9202318, 43.112447], [131.9202319, 43.1125883], [131.920232, 43.1126447], [131.9202321, 43.1128131], [131.9202323, 43.1129741], [131.9202326, 43.1133392], [131.9202327, 43.1133779], [131.9202327, 43.1133923], [131.9202328, 43.1134623], [131.9202328, 43.1134914], [131.9202329, 43.1135492], [131.9202332, 43.1138483], [131.9202333, 43.1140133], [131.9202334, 43.1141254], [131.9202337, 43.1144145]]]}}, {"type": "Feature", "properties": {"name": "Светланский переулок", "part": "mainland", "theme": "ship", "descr": "https://t.me/vvtopo/241"}, "geometry": {"type": "LineString", "coordinates": [[131.8934903, 43.1142832], [131.893454, 43.1141984], [131.8933499, 43.1139522], [131.8933304, 43.1139068], [131.893315, 43.1138641], [131.89327, 43.1137395], [131.8931452, 43.1133937], [131.893094, 43.1132547], [131.8928973, 43.112707]]}}, {"type": "Feature", "properties": {"name": "Мичуринский переулок", "part": "mainland", "theme": "person"}, "geometry": {"type": "LineString", "coordinates": [[131.9261472, 43.1604658], [131.9260844, 43.1604735], [131.9259904, 43.160485], [131.9259705, 43.1604976], [131.9259657, 43.160508], [131.9259623, 43.1605154], [131.9260039, 43.1610021], [131.9260147, 43.1610381], [131.9260968, 43.1610919], [131.9261897, 43.1611358], [131.9264275, 43.1612211]]}}, {"type": "Feature", "properties": {"name": "улица Апухтина", "part": "mainland", "theme": "person", "descr": "Отмечена без названия на плане 1909 г. Как ул. Апухтина впервые упоминается в справочнике 1924 г."}, "geometry": {"type": "LineString", "coordinates": [[132.0080072, 43.2243196], [132.0081691, 43.2245334], [132.0083376, 43.2248211], [132.008432, 43.2250834], [132.0084507, 43.2251373], [132.0084921, 43.2252453], [132.008567, 43.2253636], [132.0086582, 43.2254761], [132.0087289, 43.2255674], [132.0087934, 43.2256229], [132.0089132, 43.2257048], [132.0090862, 43.2257827], [132.0092535, 43.225832], [132.0092867, 43.2258452], [132.009461, 43.2259266], [132.0094945, 43.2259734]]}}, {"type": "Feature", "properties": {"name": "улица Плещеева", "part": "mainland", "theme": "person", "descr": "Отмечена без названия на плане 1909 г. В справочнике 1924 г. одновременно упоминается как ул. Потапенко и как ул. Плещеева."}, "geometry": {"type": "MultiLineString", "coordinates": [[[132.0094945, 43.2259734], [132.0097101, 43.2262943], [132.0097832, 43.2263882], [132.0098862, 43.2264749], [132.0103763, 43.2267144], [132.010535, 43.2267803], [132.0106472, 43.2268296], [132.0108109, 43.226897], [132.0110267, 43.2269877], [132.0111286, 43.2270664]], [[132.0275002, 43.2297915], [132.0268591, 43.2297208], [132.0266925, 43.2297009], [132.0252237, 43.2295147], [132.0251629, 43.2295101], [132.0246724, 43.2294533], [132.0245767, 43.229446], [132.0236782, 43.2293753], [132.0235377, 43.2293561], [132.0234411, 43.2293486], [132.0232084, 43.2293258], [132.0221467, 43.2292211], [132.0216612, 43.229177], [132.0208983, 43.2291038], [132.0201028, 43.2290313], [132.0194328, 43.2289196], [132.0190438, 43.2288922], [132.0188883, 43.2288785], [132.0187741, 43.2288704], [132.018097, 43.2287398], [132.0174587, 43.2286088], [132.0173748, 43.2285953], [132.0171349, 43.2285499], [132.0166446, 43.2284419], [132.0164625, 43.2284058], [132.0157427, 43.2282345], [132.0143235, 43.2278688], [132.0136965, 43.2277495], [132.0134677, 43.227686], [132.0130467, 43.2275639], [132.0121959, 43.2274104], [132.0120009, 43.2273531], [132.0116342, 43.2272313], [132.0111581, 43.227024]]]}}, {"type": "Feature", "properties": {"name": "улица Короленко", "part": "mainland", "theme": "person", "descr": "Отмечена без названия на плане 1902 г. Как ул. Короленко впервые упоминается в справочнике 1924 г."}, "geometry": {"type": "MultiLineString", "coordinates": [[[132.0141889, 43.2265551], [132.0149479, 43.2267835], [132.0151141, 43.2268403], [132.0151627, 43.226867], [132.0152646, 43.2269462], [132.0152888, 43.2269637], [132.015321, 43.226973], [132.0155466, 43.2270129]], [[132.0132536, 43.2270121], [132.013717, 43.2270993], [132.0138342, 43.2271162], [132.013975, 43.2271281], [132.0141238, 43.2271495], [132.0146648, 43.2272345], [132.014741, 43.227236], [132.0148882, 43.2272236], [132.0150058, 43.2272104], [132.0151551, 43.2272133], [132.0153147, 43.2272109], [132.015403, 43.2271878], [132.0154665, 43.2271427], [132.0155466, 43.2270129]], [[132.0142889, 43.2262589], [132.0141889, 43.2265551], [132.0140503, 43.2269176], [132.013975, 43.2271281], [132.0139217, 43.2272289], [132.0138706, 43.2273627], [132.0138168, 43.2274892], [132.0137411, 43.2276475], [132.0136965, 43.2277495], [132.0134264, 43.2282383], [132.0131666, 43.2286261], [132.0131528, 43.2286512], [132.0129329, 43.2290026], [132.0125413, 43.2295893], [132.0125226, 43.2296235], [132.0121305, 43.2301982], [132.0120889, 43.2302674], [132.0119404, 43.2304822], [132.011922, 43.2305117], [132.0118613, 43.2306096], [132.0117859, 43.2307311], [132.0117436, 43.2307993]]]}}, {"type": "Feature", "properties": {"name": "улица Тютчева", "part": "mainland", "theme": "person", "descr": "Постановление администрации г. Владивостока от 01.02.2021 N 288"}, "geometry": {"type": "LineString", "coordinates": [[132.020681, 43.2277738], [132.0210434, 43.2278476], [132.0210267, 43.2279588], [132.0210086, 43.2280147], [132.0209988, 43.2280982], [132.0209651, 43.2281718], [132.0208822, 43.2282084], [132.0204229, 43.2282093], [132.0199869, 43.2281858], [132.0195711, 43.2281637], [132.0190285, 43.2281433], [132.0187343, 43.2280973], [132.0184523, 43.2280169], [132.0176408, 43.2278084], [132.0175524, 43.2277855], [132.017493, 43.2277565], [132.0174668, 43.22771], [132.0174638, 43.2276469], [132.0177752, 43.2270389]]}}, {"type": "Feature", "properties": {"name": "улица Салтыкова", "part": "mainland", "theme": "person", "descr": "Отмечена без названия на плане 1902 г. На плане 1909 г. направление улицы скорректировано к нынешнему. Как ул. Салтыкова впервые упоминается в справочнике 1924 г."}, "geometry": {"type": "MultiLineString", "coordinates": [[[132.0132663, 43.2312443], [132.0133045, 43.2311779], [132.0133444, 43.2311247], [132.0134198, 43.2310673], [132.0134751, 43.231023], [132.013499, 43.2310038], [132.0137288, 43.2308418], [132.0149903, 43.2299586], [132.0152106, 43.2298094], [132.0153771, 43.2297019], [132.0160278, 43.229233]], [[132.0167634, 43.2299945], [132.0166233, 43.2294373], [132.0165846, 43.2293201], [132.016559, 43.2292386], [132.0164988, 43.2291064], [132.0164327, 43.2290642], [132.0163558, 43.2290493], [132.0162646, 43.229055], [132.0161485, 43.2291247], [132.0160278, 43.229233]]]}}, {"type": "Feature", "properties": {"name": "улица Куинджи", "part": "mainland", "theme": "person", "descr": "Постановление администрации г. Владивостока от 08.04.2016 N 1063"}, "geometry": {"type": "LineString", "coordinates": [[132.0222855, 43.2316721], [132.0223376, 43.2316272], [132.0224046, 43.2315901], [132.0225071, 43.2315278], [132.0226152, 43.2314513], [132.0226635, 43.2313907], [132.0227333, 43.231294], [132.0228567, 43.2310918], [132.0228995, 43.2309178], [132.0229599, 43.2308064], [132.0230511, 43.2307058], [132.0231731, 43.2306217], [132.0232332, 43.230579], [132.0233783, 43.2303667], [132.0234191, 43.230295], [132.0235403, 43.2300901], [132.0236658, 43.2299653], [132.0238608, 43.2299133]]}}, {"type": "Feature", "properties": {"name": "Кузбасская улица", "part": "mainland", "theme": "place", "descr": "Постановление администрации г. Владивостока от 11.02.2022 N 285"}, "geometry": {"type": "LineString", "coordinates": [[132.054307, 43.2335782], [132.0543771, 43.2330259], [132.0543442, 43.2329723], [132.0542537, 43.2329221], [132.0540617, 43.2328876], [132.0537701, 43.2328793], [132.0537147, 43.2328814], [132.0533195, 43.2329499], [132.0531587, 43.2329801], [132.0522764, 43.2331144], [132.0522067, 43.2331525], [132.0521249, 43.2332336], [132.0518906, 43.2333481]]}}, {"type": "Feature", "properties": {"name": "аллея памяти Сергея Гимаева", "part": "mainland", "theme": "person"}, "geometry": {"type": "LineString", "coordinates": [[132.0396334, 43.2377523], [132.0396208, 43.2383889], [132.0395801, 43.2383878], [132.0395773, 43.2382029], [132.039582, 43.2377515]]}}, {"type": "Feature", "properties": {"name": "улица Бакунина", "part": "mainland", "theme": "person"}, "geometry": {"type": "LineString", "coordinates": [[132.0119654, 43.2336366], [132.0128278, 43.2336928], [132.0130838, 43.2337003], [132.0132704, 43.2336996], [132.0135555, 43.2337014], [132.01359, 43.2337009], [132.0142095, 43.2337108], [132.0144184, 43.2337182], [132.0146452, 43.2337253], [132.014685, 43.2337262], [132.0148188, 43.2337338], [132.0149126, 43.2337377], [132.0150039, 43.23373]]}}, {"type": "Feature", "properties": {"name": "улица Арсеньева", "part": "peschany", "theme": "person", "descr": "Постановление главы администрации г. Владивостока от 28.06.2006 №1365"}, "geometry": {"type": "MultiLineString", "coordinates": [[[131.7751719, 43.1814303], [131.7747925, 43.1814062], [131.7745958, 43.1813731], [131.7745372, 43.1813576], [131.7743426, 43.1813012], [131.7741864, 43.1812529], [131.7740825, 43.1811996], [131.7740036, 43.1811284], [131.7738405, 43.1809316], [131.7738009, 43.180899], [131.7734148, 43.1807873], [131.7729097, 43.1806728], [131.7725766, 43.1806196], [131.7722792, 43.1805456], [131.7720584, 43.1805014], [131.7712224, 43.1803748], [131.7677135, 43.1798331], [131.7670833, 43.1796702], [131.7668004, 43.1795476], [131.766526, 43.1792913], [131.7663039, 43.1789338], [131.7660818, 43.1784601], [131.7659874, 43.1782839], [131.7657531, 43.1779491], [131.7655563, 43.1777223], [131.7652988, 43.1775462], [131.7648738, 43.1773517]], [[131.7745372, 43.1813576], [131.7744852, 43.1815683], [131.7744062, 43.1818371], [131.7744325, 43.182101], [131.7744062, 43.1821634], [131.7742087, 43.1822354], [131.7741368, 43.1823253], [131.7740883, 43.1824264], [131.7739652, 43.1825762], [131.7737808, 43.1827778], [131.7737084, 43.1829314], [131.773511, 43.1830178], [131.7734318, 43.1830895], [131.7736041, 43.1836746]]]}}, {"type": "Feature", "properties": {"name": "улица Нахимова", "part": "mainland", "theme": "person", "descr": "Она же улица Адмирала Нахимова. Впервые в упомянута в списке 1957 г."}, "geometry": {"type": "MultiLineString", "coordinates": [[[131.9166782, 43.1523252], [131.9166608, 43.1522712], [131.9165536, 43.1519236], [131.9164821, 43.1516307], [131.9164581, 43.1516242], [131.9164311, 43.1516244], [131.916379, 43.151635], [131.9163482, 43.1516432], [131.9161937, 43.1516783], [131.9161224, 43.1516986], [131.9159227, 43.1517485], [131.915651, 43.1518294], [131.9155818, 43.151851], [131.9155337, 43.151866], [131.9155048, 43.1518755], [131.9152701, 43.1519501], [131.9150997, 43.1519882], [131.9150473, 43.1519947], [131.9149966, 43.1519926], [131.9149655, 43.151985], [131.914942, 43.1519799], [131.9148659, 43.1519633]], [[131.9148659, 43.1519633], [131.9147809, 43.1518672], [131.9147147, 43.1518593], [131.9144256, 43.1518277], [131.9143586, 43.1518032], [131.9143182, 43.1517697], [131.9143056, 43.1517482], [131.9142933, 43.1517307], [131.9142768, 43.1516897], [131.9142577, 43.1516345]], [[131.9166782, 43.1523252], [131.9165849, 43.1523484], [131.9163957, 43.1523954], [131.9161108, 43.152473], [131.9160497, 43.152496], [131.9160001, 43.1525204], [131.9159663, 43.1525337], [131.9158955, 43.1525566], [131.9157396, 43.1526047], [131.9156988, 43.1526157], [131.9154541, 43.1526564], [131.9154235, 43.1526627]]]}}, {"type": "Feature", "properties": {"name": "Североморская улица", "part": "mainland", "theme": "place", "descr": "Постановление администрации г. Владивостока от 08.04.2016 N 1063"}, "geometry": {"type": "MultiLineString", "coordinates": [[[131.9615348, 43.0833488], [131.9613706, 43.0831056], [131.9609287, 43.0825047], [131.9604347, 43.081848], [131.9603866, 43.0817827]], [[131.9603866, 43.0817827], [131.9602259, 43.08156], [131.9598489, 43.0810835], [131.9597838, 43.080966], [131.959768, 43.0809025], [131.9597495, 43.0808601], [131.9597174, 43.0808301]]]}}, {"type": "Feature", "properties": {"name": "Сочинская улица", "part": "mainland", "theme": "place", "descr": "Постановление администрации г. Владивостока от 08.04.2016 N 1063"}, "geometry": {"type": "MultiLineString", "coordinates": [[[131.9535966, 43.0834568], [131.9537278, 43.0833852], [131.9539055, 43.0833091], [131.9542214, 43.083174], [131.9550634, 43.0828263]], [[131.9605062, 43.0784639], [131.9604654, 43.0785469], [131.9604376, 43.0786287], [131.9603842, 43.0787921], [131.9602375, 43.0792393], [131.9601963, 43.0793982], [131.9601485, 43.0796101], [131.9598559, 43.0804235], [131.9598029, 43.080621], [131.9597174, 43.0808301], [131.9596332, 43.0808249], [131.9595651, 43.0808492], [131.9594907, 43.0809091], [131.9594603, 43.0809702]], [[131.9594603, 43.0809702], [131.9593992, 43.0810016], [131.9591274, 43.0811227], [131.9587862, 43.0812608], [131.9582851, 43.081476]], [[131.9555308, 43.0826215], [131.9557542, 43.0825397], [131.9560674, 43.0824251], [131.9563359, 43.0823095], [131.9565771, 43.0822086], [131.9569671, 43.0820417], [131.9575569, 43.0817918], [131.9576895, 43.0817322], [131.958048, 43.0815763], [131.9582851, 43.081476]], [[131.9550634, 43.0828263], [131.9555308, 43.0826215]]]}}, {"type": "Feature", "properties": {"name": "Новороссийская улица", "part": "mainland", "theme": "place", "descr": "Постановление администрации г. Владивостока от 08.04.2016 N 1063"}, "geometry": {"type": "MultiLineString", "coordinates": [[[131.9480386, 43.0763188], [131.9489161, 43.0764926], [131.9495343, 43.0767144], [131.9496814, 43.0767513], [131.9497913, 43.076753], [131.9499002, 43.0767577], [131.9504356, 43.0767654], [131.9508263, 43.0768076], [131.9508985, 43.0768154], [131.951036, 43.0768254], [131.9513237, 43.076822], [131.9519672, 43.0767991], [131.9524833, 43.0766608], [131.9532359, 43.0766489], [131.9537605, 43.0766285], [131.9545135, 43.0765784], [131.9554893, 43.0765463], [131.9563745, 43.0765046], [131.9565844, 43.076518], [131.95683, 43.0765725], [131.957002, 43.076633], [131.9572034, 43.0767345], [131.9574692, 43.0768715], [131.9577513, 43.0770441], [131.9578933, 43.0771372], [131.9580682, 43.0772475], [131.9581054, 43.0772949]], [[131.9605062, 43.0784639], [131.9604145, 43.0784466], [131.9603018, 43.0784223], [131.9600239, 43.0783351], [131.9599518, 43.0783047], [131.959888, 43.0782642], [131.9595721, 43.0780747], [131.9590456, 43.0778251], [131.958696, 43.077624], [131.9581054, 43.0772949]], [[131.9629779, 43.0786142], [131.9628307, 43.0786166], [131.9627101, 43.0786051], [131.9626663, 43.0785977], [131.9624793, 43.0785661], [131.9623364, 43.0785428], [131.9621308, 43.0785149], [131.9616575, 43.0784865], [131.9612038, 43.0784737], [131.9609356, 43.0784737], [131.9607172, 43.0784688], [131.9605062, 43.0784639]]]}}, {"type": "Feature", "properties": {"name": "Таганрогская улица", "part": "mainland", "theme": "place", "descr": "Постановление администрации города Владивостока от 31.05.2017 №1374"}, "geometry": {"type": "LineString", "coordinates": [[131.9532845, 43.0861317], [131.9532157, 43.0861314], [131.9531592, 43.0861248], [131.9531136, 43.0861133], [131.9529826, 43.0860635], [131.9529118, 43.0860324], [131.9526893, 43.0859282], [131.9524074, 43.0857955], [131.9522227, 43.0857378], [131.9520115, 43.08566], [131.9519264, 43.0856132], [131.9518707, 43.0855909], [131.9516624, 43.0855247], [131.9512324, 43.085388], [131.9510289, 43.0854627], [131.950969, 43.0854666], [131.9509137, 43.0854483], [131.9508787, 43.0854221], [131.9508367, 43.0853604], [131.950754, 43.0853182], [131.9506047, 43.0852611], [131.9504521, 43.0852166], [131.9503342, 43.0851907], [131.9501777, 43.085158], [131.9500433, 43.0851475], [131.9500074, 43.0851544], [131.949983, 43.0851691], [131.9499527, 43.0852105]]}}, {"type": "Feature", "properties": {"name": "Таманская улица", "part": "mainland", "theme": "place", "descr": "Постановление администрации города Владивостока от 31.05.2017 №1374"}, "geometry": {"type": "LineString", "coordinates": [[131.9538847, 43.0866639], [131.9536519, 43.0866592], [131.9534985, 43.0866536], [131.953484, 43.0866502], [131.9534428, 43.0866446], [131.9534255, 43.0866439], [131.953409, 43.0866458], [131.953394, 43.0866485], [131.9533337, 43.0866475], [131.9530682, 43.0866152], [131.952981, 43.0866005], [131.9528904, 43.0865752], [131.951999, 43.0863206], [131.951953, 43.0863042], [131.9514554, 43.086125], [131.9509184, 43.0859757], [131.9501642, 43.0857449], [131.949709, 43.0856353]]}}, {"type": "Feature", "properties": {"name": "Донская улица", "part": "mainland", "theme": "place", "descr": "Постановление администрации г. Владивостока от 01.02.2021 N 288"}, "geometry": {"type": "LineString", "coordinates": [[131.9473418, 43.1528195], [131.9476907, 43.1526936], [131.947821, 43.1526674], [131.9479356, 43.1526738], [131.948017, 43.1527077], [131.948043, 43.1527814], [131.9481119, 43.1531227], [131.9481081, 43.1531744], [131.9480751, 43.1532193], [131.9480291, 43.1532694], [131.9479356, 43.1533716], [131.9478848, 43.1534295], [131.9478633, 43.1535026], [131.9478892, 43.1535781], [131.9479403, 43.1536401], [131.9479824, 43.1536826], [131.9480581, 43.1537434], [131.9483745, 43.1539907]]}}, {"type": "Feature", "properties": {"name": "Сосновая улица", "part": "mainland", "theme": "tree", "descr": "https://t.me/vvtopo/176"}, "geometry": {"type": "MultiLineString", "coordinates": [[[131.8916141, 43.0952638], [131.8915833, 43.0952347], [131.8915397, 43.095197], [131.891482, 43.0951396], [131.8914357, 43.0950519], [131.8914242, 43.0949734], [131.8914156, 43.0949146], [131.8914016, 43.0948821], [131.8913808, 43.0948571], [131.8913603, 43.0948412], [131.8912923, 43.0948023], [131.8912514, 43.0947729], [131.8912255, 43.0947476], [131.8911821, 43.0946785], [131.8911663, 43.0946527], [131.8911437, 43.0946287], [131.8910914, 43.0945945]], [[131.8916141, 43.0952638], [131.8916537, 43.0953023], [131.8916799, 43.0953311], [131.8917335, 43.0953918], [131.8918018, 43.0954634], [131.8920581, 43.0957857], [131.8921271, 43.0958653], [131.8922074, 43.0959482], [131.8922852, 43.0960226], [131.8926291, 43.0962805], [131.8926697, 43.0962996], [131.8927561, 43.0963228], [131.8928451, 43.0963393]]]}}, {"type": "Feature", "properties": {"name": "Одесская улица", "part": "mainland", "theme": "place", "descr": "https://t.me/vvtopo/177"}, "geometry": {"type": "MultiLineString", "coordinates": [[[131.8989762, 43.0971731], [131.8988434, 43.0971718], [131.8987488, 43.0971685], [131.8986659, 43.0971619], [131.898586, 43.0971503], [131.8985537, 43.0971397]], [[131.9016341, 43.0969701], [131.9017958, 43.0969637], [131.9019447, 43.0969577], [131.9020409, 43.0969481], [131.9021118, 43.0970181], [131.9022072, 43.0971123], [131.9022768, 43.0971815], [131.9024137, 43.0973223]], [[131.8989762, 43.0971731], [131.8992745, 43.0971638], [131.8993198, 43.097163], [131.8995533, 43.0971869], [131.8998666, 43.0972251], [131.9000619, 43.0972596], [131.9005521, 43.0973674], [131.9008759, 43.0975001]]]}}, {"type": "Feature", "properties": {"name": "Алтайская улица", "part": "mainland", "theme": "place"}, "geometry": {"type": "MultiLineString", "coordinates": [[[131.9008629, 43.1314095], [131.9009217, 43.1314262], [131.9011429, 43.1314902], [131.9012993, 43.1315253], [131.9013546, 43.1315315], [131.9015117, 43.1315765]], [[131.9015117, 43.1315765], [131.9014645, 43.1318006], [131.9014437, 43.1321277]]]}}, {"type": "Feature", "properties": {"name": "посёлок Житкова", "part": "russky", "theme": "person", "descr": "Постановление главы администрации г. Владивостока от 28.06.2006 №1365"}, "geometry": {"type": "LineString", "coordinates": [[131.9289968, 43.0226316], [131.9290504, 43.0227271], [131.9291858, 43.0228353], [131.9291662, 43.0229828], [131.9291379, 43.0232312], [131.9290358, 43.0237123], [131.9289327, 43.0240204]]}}, {"type": "Feature", "properties": {"name": "улица Асеева", "part": "mainland", "theme": "person"}, "geometry": {"type": "MultiLineString", "coordinates": [[[131.9020958, 42.9986294], [131.9024592, 42.9975426]], [[131.9020958, 42.9986294], [131.9015911, 42.9989972], [131.8999006, 43.0002409]]]}}, {"type": "Feature", "properties": {"name": "улица Чингиза Айтматова", "part": "mainland", "theme": "person", "descr": "Постановление администрации г. Владивостока от 19.04.2024 N 951"}, "geometry": {"type": "MultiLineString", "coordinates": [[[131.9006579, 43.0031308], [131.9007203, 43.0029499], [131.9007909, 43.0026449], [131.9008255, 43.0024033], [131.900856, 43.0022385], [131.900887, 43.0021001], [131.9009236, 43.0019746], [131.9009995, 43.0018312], [131.9011472, 43.0016546], [131.9014174, 43.0014325], [131.9016829, 43.0012804], [131.9018888, 43.0011677], [131.9021643, 43.0010352], [131.902532, 43.0008704], [131.9030357, 43.0006623], [131.9035059, 43.0004627], [131.9040972, 43.000149]], [[131.8985102, 43.005769], [131.8986049, 43.0055945], [131.8986974, 43.0054477], [131.8990809, 43.0049824], [131.8994373, 43.0045938], [131.8995919, 43.0044415], [131.9002073, 43.0037687], [131.9003818, 43.0035876], [131.9005269, 43.0033729], [131.9006579, 43.0031308]], [[131.9040972, 43.000149], [131.9042962, 43.0000301], [131.9048721, 42.9996201], [131.9053433, 42.9992665], [131.9057357, 42.9990024], [131.9060291, 42.9988175], [131.9064163, 42.9986288], [131.9068155, 42.9984184], [131.9072351, 42.9981907]]]}}, {"type": "Feature", "properties": {"name": "улица Михаила Щербакова", "part": "mainland", "theme": "person", "descr": "Постановление администрации города Владивостока от 25.08.2017 №2096"}, "geometry": {"type": "LineString", "coordinates": [[131.9033501, 42.9995723], [131.9016933, 43.0008011]]}}, {"type": "Feature", "properties": {"name": "улица Матвеева", "part": "mainland", "theme": "person"}, "geometry": {"type": "LineString", "coordinates": [[131.9027626, 42.9991242], [131.9007841, 43.0004993]]}}, {"type": "Feature", "properties": {"name": "улица Катаева", "part": "mainland", "theme": "person", "descr": "Постановление от сентября 2025"}, "geometry": {"type": "LineString", "coordinates": [[131.9006579, 43.0031308], [131.899549, 43.002757], [131.8992385, 43.0026527], [131.898806, 43.0024974], [131.8981054, 43.0023646], [131.8977996, 43.0024279], [131.8974236, 43.0024859], [131.897184, 43.0024689], [131.8960022, 43.0022862], [131.8957357, 43.0021944], [131.8954282, 43.0020307], [131.8951375, 43.001811], [131.8947957, 43.0014725], [131.8945338, 43.0012375], [131.8944486, 43.0010508], [131.8945343, 43.0008084], [131.8947182, 43.0007003], [131.8951796, 43.0004723], [131.8957203, 43.0002902], [131.8962016, 43.0001283], [131.8964353, 43.0000309], [131.8966938, 42.9998643], [131.8968704, 42.9997098], [131.8970366, 42.9995306], [131.8972269, 42.9993026], [131.8972704, 42.999223], [131.8973199, 42.9989628], [131.8973782, 42.9982507], [131.8974043, 42.9976026], [131.897427, 42.9975284], [131.8975391, 42.9974672], [131.8977152, 42.9974429], [131.8982611, 42.9976011], [131.8986166, 42.9977057], [131.8989069, 42.9978809], [131.899101, 42.99806], [131.8992603, 42.9980975], [131.8994648, 42.9981114], [131.8997023, 42.9980559], [131.9002565, 42.9979435]]}}, {"type": "Feature", "properties": {"name": "улица Балабина", "part": "mainland", "theme": "person", "descr": "Постановление администрации г. Владивостока от 13.03.2020 N 1033"}, "geometry": {"type": "LineString", "coordinates": [[131.9015911, 42.9989972], [131.9012115, 42.9989135], [131.9010021, 42.9988957], [131.9009302, 42.9988611], [131.900791, 42.998767], [131.9006788, 42.9987422], [131.9005251, 42.9987627], [131.9003229, 42.9988441], [131.9001618, 42.9989341], [131.8999885, 42.9990646], [131.8993221, 42.9996482], [131.8992936, 42.9996987], [131.8993099, 42.9997552], [131.8995646, 43.0000732], [131.8997275, 43.0001609], [131.8999006, 43.0002409]]}}, {"type": "Feature", "properties": {"name": "переулок Матюшенко", "part": "mainland", "theme": "person"}, "geometry": {"type": "LineString", "coordinates": [[131.9011682, 42.9982086], [131.9014678, 42.9974839]]}}, {"type": "Feature", "properties": {"name": "переулок Кучерявенко", "part": "mainland", "theme": "person"}, "geometry": {"type": "LineString", "coordinates": [[131.8996089, 42.9973492], [131.8996986, 42.9974785], [131.8998561, 42.9975664], [131.9000066, 42.9976172], [131.9003653, 42.9977306]]}}, {"type": "Feature", "properties": {"name": "Листопадная улица", "part": "mainland", "theme": "tree", "descr": "Постановление администрации г. Владивостока от 08.04.2016 N 1063"}, "geometry": {"type": "LineString", "coordinates": [[132.1354651, 43.2039852], [132.1353831, 43.2038054], [132.1351433, 43.2032794], [132.1349502, 43.2028512]]}}, {"type": "Feature", "properties": {"name": "Аллея им. Дениса Давыдова", "part": "mainland", "theme": "person"}, "geometry": {"type": "MultiLineString", "coordinates": [[[131.9156505, 43.168161], [131.9157096, 43.1681398], [131.9158254, 43.1681322], [131.916098, 43.1681366], [131.9166247, 43.1682067]], [[131.9166247, 43.1682067], [131.9184695, 43.1685575], [131.9185433, 43.1685716], [131.9186222, 43.1685863], [131.9192832, 43.1687124]]]}}, {"type": "Feature", "properties": {"name": "улица Синичкина", "part": "mainland", "theme": "person", "descr": "Постановление администрации г. Владивостока от 01.02.2021 N 288"}, "geometry": {"type": "LineString", "coordinates": [[132.0869512, 43.1797594], [132.08626, 43.179167], [132.0857168, 43.1787545], [132.0854408, 43.1785633], [132.0847639, 43.1780983], [132.0835801, 43.1774526], [132.0835229, 43.1774224], [132.0822805, 43.1767648]]}}, {"type": "Feature", "properties": {"name": "улица Полонского", "part": "mainland", "theme": "person", "descr": "Упомянута в отчёте от 20.08.1923"}, "geometry": {"type": "LineString", "coordinates": [[131.8960295, 43.1203356], [131.8960232, 43.1203057], [131.8960263, 43.1202633], [131.8960478, 43.1202296], [131.8963545, 43.1200249], [131.8964429, 43.1199914], [131.8964555, 43.119981], [131.8964932, 43.1199835], [131.896563, 43.1200219], [131.896848, 43.1201958], [131.8970916, 43.1203128], [131.8972946, 43.1204252], [131.8974097, 43.1204886], [131.8974734, 43.1205238], [131.8975292, 43.1205514], [131.8976391, 43.1205972], [131.8979835, 43.1207446], [131.8980582, 43.1207597], [131.8981158, 43.1207636], [131.8981768, 43.1207841], [131.8982492, 43.1208218], [131.8983477, 43.1208718], [131.8984142, 43.1209129], [131.8984786, 43.1209462], [131.8990733, 43.1212387], [131.8994067, 43.1213873], [131.8996051, 43.1214533], [131.899825, 43.1215374], [131.8999587, 43.1215919], [131.9000483, 43.1216363], [131.9003081, 43.1218819], [131.9003694, 43.1219272], [131.9004633, 43.122014], [131.9005271, 43.1220777], [131.9006372, 43.122155], [131.9006693, 43.1221776], [131.9008319, 43.1222647], [131.9010669, 43.1223935], [131.9011404, 43.1224345], [131.9014412, 43.1226478], [131.9015953, 43.1227571], [131.901668, 43.1228308], [131.9017153, 43.1228918], [131.9017415, 43.1229356], [131.9017651, 43.1229904], [131.9017772, 43.1230361], [131.9018165, 43.1231677]]}}, {"type": "Feature", "properties": {"name": "Читинская улица", "part": "mainland", "theme": "place"}, "geometry": {"type": "LineString", "coordinates": [[131.8972754, 43.1269902], [131.8973453, 43.1270292], [131.8974231, 43.1270713], [131.8974619, 43.1270957], [131.8974638, 43.1271127], [131.8974694, 43.1271393], [131.8974768, 43.1271545], [131.8974989, 43.1271868], [131.8975192, 43.1272108], [131.8975643, 43.1272606], [131.8976292, 43.1273031], [131.8978032, 43.1273793], [131.8978708, 43.1274146], [131.8978961, 43.1274421], [131.8978959, 43.1274726], [131.8978804, 43.1275049], [131.8978441, 43.1275597], [131.8978114, 43.1276039], [131.8977755, 43.1276475], [131.8976927, 43.127638], [131.8976427, 43.1276348]]}}, {"type": "Feature", "properties": {"name": "улица Васнецова", "part": "mainland", "theme": "person", "descr": "Постановление администрации города Владивостока от 21.09.2017 №2320"}, "geometry": {"type": "LineString", "coordinates": [[132.0146443, 43.2110307], [132.0152767, 43.2110134], [132.015333, 43.210986], [132.0153719, 43.2109509], [132.015506, 43.2107006], [132.0155758, 43.2104269], [132.0155972, 43.2102158], [132.0155689, 43.209995], [132.0156587, 43.2094553], [132.015655, 43.2094148], [132.0156414, 43.2093879], [132.0156074, 43.209359], [132.0150661, 43.2091797], [132.0139919, 43.2090795], [132.0139047, 43.2090683], [132.0123666, 43.2087741], [132.0122203, 43.2087594], [132.0119292, 43.2087506], [132.0116329, 43.2087535], [132.0114504, 43.2087711], [132.0110495, 43.2088631], [132.0109999, 43.2088835], [132.0109704, 43.2089216], [132.0109754, 43.2089568], [132.0111891, 43.209492], [132.0112573, 43.2096611], [132.0113627, 43.2098734], [132.0113982, 43.2099216], [132.0114514, 43.2099835], [132.0114981, 43.2100291], [132.0115712, 43.2100829], [132.0116902, 43.2101339], [132.0119988, 43.210225], [132.0120588, 43.2102765], [132.0120842, 43.2103249], [132.0120909, 43.2103796], [132.0120821, 43.2107265], [132.0120733, 43.2110442]]}}, {"type": "Feature", "properties": {"name": "улица Крамского", "part": "mainland", "theme": "person", "descr": "Постановление администрации города Владивостока от 21.09.2017 №2320"}, "geometry": {"type": "LineString", "coordinates": [[132.0111891, 43.209492], [132.0117161, 43.2093566], [132.0117965, 43.2093429], [132.011885, 43.2093478], [132.0135051, 43.2096411], [132.0144546, 43.2097466], [132.0149562, 43.2098307], [132.0155689, 43.209995]]}}, {"type": "Feature", "properties": {"name": "улица Клавдии Шульженко", "part": "mainland", "theme": "person", "descr": "Постановление администрации города Владивостока от 21.09.2017 №2320"}, "geometry": {"type": "LineString", "coordinates": [[132.015506, 43.2107006], [132.0149293, 43.2104709], [132.0146638, 43.2103966], [132.0142051, 43.2103234], [132.0139206, 43.2102795], [132.0130599, 43.2101768], [132.0121124, 43.2100118], [132.0117415, 43.2099636], [132.0116705, 43.2099587], [132.0116034, 43.2099636], [132.0114514, 43.2099835]]}}, {"type": "Feature", "properties": {"name": "улица Левитана", "part": "mainland", "theme": "person", "descr": "Постановление администрации города Владивостока от 15.12.2017 №3026"}, "geometry": {"type": "LineString", "coordinates": [[132.0176551, 43.2120148], [132.0177239, 43.2118442], [132.0180541, 43.2109547], [132.0181105, 43.2108512], [132.0181807, 43.2107814], [132.0182778, 43.2107348], [132.0190634, 43.2104789], [132.0194243, 43.2103774], [132.0195024, 43.2103132], [132.0197721, 43.2099715], [132.0200904, 43.2093993], [132.0200926, 43.2093517], [132.0199992, 43.2091162], [132.0199615, 43.2090212], [132.0199665, 43.2089588], [132.0202126, 43.2086776], [132.0202435, 43.2086328], [132.0206955, 43.2080253]]}}, {"type": "Feature", "properties": {"name": "улица Бетховена", "part": "mainland", "theme": "person", "descr": "Постановление администрации г. Владивостока от 11.02.2022 N 285"}, "geometry": {"type": "LineString", "coordinates": [[132.0237565, 43.2094143], [132.0241052, 43.209426], [132.024361, 43.209345], [132.024458, 43.209283], [132.0244958, 43.2091654], [132.024479, 43.209036], [132.024343, 43.2084945], [132.024265, 43.208184], [132.024372, 43.208051]]}}, {"type": "Feature", "properties": {"name": "улица Рокотова", "part": "mainland", "theme": "person", "descr": "Постановление администрации г. Владивостока от 07.06.2019 N 2240"}, "geometry": {"type": "LineString", "coordinates": [[132.0197723, 43.2121035], [132.0197914, 43.2119671], [132.0198087, 43.2117719], [132.0198186, 43.2116596], [132.0198512, 43.2114572], [132.019878, 43.2114044], [132.0207254, 43.2104344], [132.0209428, 43.2102031]]}}, {"type": "Feature", "properties": {"name": "улица Голицына", "part": "mainland", "theme": "person", "descr": "Постановление администрации г. Владивостока от 08.04.2016 N 1063"}, "geometry": {"type": "LineString", "coordinates": [[131.9305595, 43.1828833], [131.9305779, 43.1827909], [131.9307735, 43.1824693], [131.9309467, 43.1822325]]}}, {"type": "Feature", "properties": {"name": "улица Врубеля", "part": "mainland", "theme": "person", "descr": "Постановление администрации г. Владивостока от 13.03.2020 N 1033"}, "geometry": {"type": "LineString", "coordinates": [[132.0094647, 43.2092879], [132.0093782, 43.2094858], [132.0092716, 43.2097297], [132.0089605, 43.2102067], [132.0084508, 43.2105195], [132.0075179, 43.2107282], [132.0071473, 43.2108205], [132.0069756, 43.2108323], [132.0069434, 43.2108909], [132.0069756, 43.2110512], [132.0070293, 43.2111294], [132.0079517, 43.2116554], [132.0083568, 43.211696], [132.0083875, 43.211697], [132.0085233, 43.2117168], [132.0086278, 43.2116952], [132.0087381, 43.2116893], [132.0088433, 43.2116883], [132.0089512, 43.2116952], [132.0090852, 43.2117175], [132.0091915, 43.2117267], [132.0093167, 43.211726], [132.0094935, 43.2117162], [132.0096326, 43.2116986], [132.0097195, 43.2116834], [132.0098132, 43.2116732], [132.0099034, 43.2116725], [132.010016, 43.211679], [132.0100645, 43.2116966], [132.0101284, 43.2117438], [132.010191, 43.211791], [132.0102461, 43.2118379], [132.0103008, 43.2118677], [132.0103501, 43.2118941], [132.0103714, 43.2119359], [132.0103742, 43.2119991], [132.0103738, 43.2120467], [132.0103845, 43.2120991], [132.0104279, 43.2121875], [132.0104705, 43.2122553], [132.010551, 43.2123414], [132.0106217, 43.2123849], [132.0107388, 43.212445], [132.0108014, 43.2124871], [132.0108444, 43.2125502], [132.0108733, 43.2126331], [132.0108895, 43.2127291], [132.0108852, 43.2128479], [132.0108646, 43.21301], [132.0108379, 43.2132245], [132.010823, 43.2133801], [132.010848, 43.2135655], [132.0108876, 43.2136492], [132.0108957, 43.2137206], [132.0108863, 43.2138085], [132.0108916, 43.2138564], [132.0108823, 43.2139752], [132.0108655, 43.2140841], [132.0107448, 43.2142161], [132.0106723, 43.21435], [132.0106182, 43.2144697], [132.010606, 43.2144971], [132.0106036, 43.2145179], [132.0106076, 43.214576], [132.0106056, 43.2146029], [132.0105915, 43.2146297], [132.0103961, 43.2147859], [132.0101701, 43.2149003], [132.0101286, 43.2149228], [132.0100937, 43.2149462], [132.0099246, 43.2150845], [132.0099158, 43.2151682]]}}, {"type": "Feature", "properties": {"name": "Брусничная улица", "part": "mainland", "theme": "berry", "descr": "Постановление администрации г. Владивостока от 13.03.2020 N 1033"}, "geometry": {"type": "LineString", "coordinates": [[132.0284182, 43.232569], [132.0284503, 43.2322516], [132.0285068, 43.2320162], [132.0285093, 43.2319155], [132.0285045, 43.2316586]]}}, {"type": "Feature", "properties": {"name": "Можжевеловая улица", "part": "mainland", "theme": "tree", "descr": "https://t.me/vvtopo/177"}, "geometry": {"type": "LineString", "coordinates": [[131.9134888, 43.1005342], [131.9134556, 43.100489], [131.9134117, 43.100458], [131.9132131, 43.1003274], [131.9130836, 43.1002288], [131.9129667, 43.1001096], [131.912803, 43.099937]]}}, {"type": "Feature", "properties": {"name": "Алданская улица", "part": "mainland", "theme": "place", "descr": "Постановление администрации города Владивостока от 15.12.2017 №3026"}, "geometry": {"type": "LineString", "coordinates": [[132.1233286, 43.2773258], [132.1245359, 43.2775617], [132.1258485, 43.2778205], [132.1277143, 43.2781883], [132.1281472, 43.278277]]}}, {"type": "Feature", "properties": {"name": "Авачинская улица", "part": "mainland", "theme": "person", "descr": "Постановление администрации г. Владивостока от 24.04.2025"}, "geometry": {"type": "LineString", "coordinates": [[132.1103633, 43.2804066], [132.1102703, 43.2801649], [132.1101943, 43.2799975], [132.1100058, 43.2796396]]}}, {"type": "Feature", "properties": {"name": "Понтийская улица", "part": "mainland", "theme": "person", "descr": "Постановление администрации г. Владивостока от 30.01.2023 N 182"}, "geometry": {"type": "LineString", "coordinates": [[132.1255218, 43.2818487], [132.1278511, 43.2822827], [132.129737, 43.2825997]]}}, {"type": "Feature", "properties": {"name": "Малахитовая улица", "part": "mainland", "theme": "stone", "descr": "https://t.me/ochkuryvl/3626"}, "geometry": {"type": "LineString", "coordinates": [[132.0911441, 43.3057372], [132.0911545, 43.3053441], [132.0911732, 43.3046401]]}}, {"type": "Feature", "properties": {"name": "улица Черкавского", "part": "mainland", "theme": "person", "descr": "24.03.1992"}, "geometry": {"type": "LineString", "coordinates": [[131.8524315, 43.0830683], [131.8524783, 43.0830554], [131.8525262, 43.0830421], [131.8525457, 43.0829829], [131.8525624, 43.0829329], [131.8526056, 43.0828047], [131.8526088, 43.0827712], [131.8526182, 43.0827238], [131.8526295, 43.0826832], [131.852704, 43.0825749], [131.8528174, 43.0824367], [131.8530507, 43.0822199], [131.8532609, 43.0820088]]}}, {"type": "Feature", "properties": {"name": "улица Августа Менарда", "part": "mainland", "theme": "person", "descr": "Постановление администрации г. Владивостока от 13.03.2020 N 1033"}, "geometry": {"type": "LineString", "coordinates": [[131.7291601, 42.9639116], [131.7299956, 42.9644419], [131.7306564, 42.9648942], [131.7314023, 42.9652155], [131.7327281, 42.9656959], [131.7337937, 42.9659735], [131.7345184, 42.9661638], [131.7347145, 42.9663228], [131.7350981, 42.9669342], [131.7352247, 42.9672661], [131.7352958, 42.9676048], [131.7353452, 42.967791], [131.7356768, 42.9682277]]}}, {"type": "Feature", "properties": {"name": "Турмалиновая улица", "part": "mainland", "theme": "stone", "descr": "Постановление администрации г. Владивостока от 13.03.2020 N 1033"}, "geometry": {"type": "LineString", "coordinates": [[132.1810734, 43.2184904], [132.18099, 43.2187491], [132.1809577, 43.2188667], [132.1809237, 43.2190202], [132.1804121, 43.2210911], [132.1803841, 43.221137], [132.1803358, 43.2211565], [132.1793246, 43.2210607], [132.1792549, 43.2210646], [132.1792012, 43.2210842], [132.1790323, 43.2214556], [132.1789893, 43.2214692], [132.1778092, 43.221438]]}}, {"type": "Feature", "properties": {"name": "Двинская улица", "part": "mainland", "theme": "place", "descr": "Постановление администрации г. Владивостока от 13.05.2022 N 1044"}, "geometry": {"type": "LineString", "coordinates": [[131.9413496, 43.1569628], [131.9415455, 43.1577741], [131.9415468, 43.1578494], [131.9415159, 43.1581951]]}}, {"type": "Feature", "properties": {"name": "улица Полковника Фесюна", "part": "mainland", "theme": "person", "descr": "Постановление администрации г. Владивостока от 30.01.2023 N 182"}, "geometry": {"type": "MultiLineString", "coordinates": [[[131.9657243, 43.1692222], [131.9655166, 43.1693183], [131.9646796, 43.169889], [131.9642808, 43.1700019], [131.9638811, 43.1700836], [131.9634962, 43.1701691], [131.9622036, 43.1704685], [131.961648, 43.1705653], [131.9613385, 43.17061], [131.9611499, 43.170631], [131.9607154, 43.1706528], [131.9605839, 43.1706458], [131.9604859, 43.1706441], [131.9601825, 43.1706172], [131.9597215, 43.170503], [131.9588214, 43.1705591], [131.9585634, 43.1705689], [131.9583038, 43.1705746], [131.9577089, 43.1705923], [131.9571143, 43.1705553], [131.9568555, 43.1705572], [131.9559409, 43.1707371], [131.9556606, 43.1708975], [131.9550984, 43.1708975], [131.954817, 43.1708975], [131.9548224, 43.1707802], [131.9540571, 43.1707919], [131.9537898, 43.1707478], [131.9536524, 43.1706671], [131.9536489, 43.1706403], [131.9546225, 43.1706142], [131.9548156, 43.1706091]], [[131.9597215, 43.170503], [131.9596109, 43.1703723], [131.9595, 43.1702706], [131.9588454, 43.1700105], [131.9584235, 43.1699785], [131.958265, 43.1698956], [131.9581586, 43.1698245], [131.9577768, 43.1698362], [131.9572469, 43.1698524], [131.9564791, 43.1698934], [131.9564326, 43.169896], [131.9556507, 43.1699412], [131.9554849, 43.1700838], [131.9551188, 43.1700906], [131.9549107, 43.1700301], [131.9548009, 43.1699982], [131.9548156, 43.1706091], [131.9548224, 43.1707802]]]}}, {"type": "Feature", "properties": {"name": "улица Лермонтова", "part": "trudovoe", "theme": "person", "descr": "Изначально — Советская ул. Переименована в ул. Лермонтова не ранее 1961 года."}, "geometry": {"type": "LineString", "coordinates": [[132.0795874, 43.3124745], [132.0796417, 43.3125116], [132.0796766, 43.3125342], [132.0797655, 43.3125917], [132.0799248, 43.3126987], [132.0800443, 43.3127772], [132.0802011, 43.3128786], [132.0803726, 43.312994], [132.0806254, 43.3131631], [132.0806798, 43.3131985], [132.0814334, 43.313676], [132.0814697, 43.3137082], [132.0817969, 43.3139253], [132.0819802, 43.3140518], [132.0821792, 43.3142129], [132.082348, 43.3144077], [132.0824651, 43.3146025], [132.0825274, 43.3147325], [132.0826342, 43.3151009]]}}, {"type": "Feature", "properties": {"name": "улица Решетникова", "part": "mainland", "theme": "person", "descr": "Постановление администрации г. Владивостока от 13.03.2020 N 1033"}, "geometry": {"type": "LineString", "coordinates": [[132.0083875, 43.211697], [132.0084049, 43.21181], [132.0084169, 43.2118491], [132.0084451, 43.2118902], [132.0084907, 43.2119254], [132.0085604, 43.2119518], [132.0087549, 43.2119811], [132.0088676, 43.2120084], [132.0089521, 43.2120446], [132.0090392, 43.2120808], [132.0091344, 43.212113], [132.0092565, 43.2121472], [132.009345, 43.2121883], [132.0094027, 43.2122313], [132.0094241, 43.2122714], [132.0094308, 43.212331], [132.0094134, 43.2124434], [132.0093584, 43.2126496], [132.0093289, 43.2128979], [132.0092994, 43.2130289], [132.0092565, 43.2130914], [132.0092216, 43.2131364], [132.0087361, 43.2138558]]}}, {"type": "Feature", "properties": {"name": "улица героя России Жоги", "part": "mainland", "theme": "person", "descr": "Постановление администрации г. Владивостока от 30.01.2023 N 182"}, "geometry": {"type": "MultiLineString", "coordinates": [[[131.9002565, 42.9979435], [131.9002588, 42.9980817], [131.90034, 42.9981509], [131.9007188, 42.998183], [131.9011682, 42.9982086], [131.901302, 42.9982459], [131.90146, 42.9982899], [131.9016844, 42.9983684], [131.9020958, 42.9986294], [131.9023941, 42.9988546], [131.9027626, 42.9991242], [131.9033501, 42.9995723], [131.9040972, 43.000149]], [[131.9040972, 43.000149], [131.9045606, 43.0005346]]]}}, {"type": "Feature", "properties": {"name": "улица Брюсова", "part": "mainland", "theme": "person", "descr": "Постановление администрации г. Владивостока от 13.05.2022 N 1044"}, "geometry": {"type": "LineString", "coordinates": [[132.0135483, 43.2253093], [132.0138671, 43.2253987], [132.0145002, 43.2255854], [132.0152404, 43.2257749]]}}, {"type": "Feature", "properties": {"name": "переулок Ярошенко", "part": "mainland", "theme": "person", "descr": "Постановление администрации г. Владивостока от 30.01.2023 N 182"}, "geometry": {"type": "LineString", "coordinates": [[132.010297, 43.2096588], [132.0103693, 43.2099901], [132.0103867, 43.2101927], [132.0104341, 43.2103416], [132.0104679, 43.2103994], [132.0105213, 43.2104126], [132.0109651, 43.2103113], [132.0110562, 43.2103311], [132.0113674, 43.2104563], [132.0115042, 43.210513], [132.0115015, 43.210859], [132.0115632, 43.2109997], [132.0118232, 43.2110444]]}}, {"type": "Feature", "properties": {"name": "Опаловая улица", "part": "mainland", "theme": "stone", "descr": "Постановление администрации г. Владивостока от 08.04.2016 N 1063"}, "geometry": {"type": "LineString", "coordinates": [[132.1659542, 43.2129851], [132.1651928, 43.2140212]]}}, {"type": "Feature", "properties": {"name": "Рубиновая улица", "part": "mainland", "theme": "stone", "descr": "Постановление администрации г. Владивостока от 08.04.2016 N 1063"}, "geometry": {"type": "LineString", "coordinates": [[132.1583119, 43.2184284], [132.1590578, 43.2180936], [132.1598893, 43.2176831], [132.1601844, 43.2173039], [132.1604955, 43.2163375], [132.1611983, 43.2147706], [132.1621186, 43.2137399], [132.1629149, 43.2128979], [132.1633158, 43.2111227]]}}, {"type": "Feature", "properties": {"name": "Нефритовая улица", "part": "mainland", "theme": "stone", "descr": "Постановление администрации г. Владивостока от 11.02.2022 N 285"}, "geometry": {"type": "LineString", "coordinates": [[132.1720545, 43.2192416], [132.173622, 43.2195031], [132.1738537, 43.2195426], [132.1739922, 43.2195579], [132.174067, 43.2195595]]}}, {"type": "Feature", "properties": {"name": "улица Батаршина", "part": "mainland", "theme": "person", "descr": "Постановление администрации г. Владивостока от 19.04.2024 N 951"}, "geometry": {"type": "LineString", "coordinates": [[131.9413832, 43.1789134], [131.940828, 43.1794376], [131.9408226, 43.1794846], [131.9408655, 43.1795589], [131.9433171, 43.1816047]]}}]}